topic,bag_stamp,header_stamp,robot_id,command_seq,mode,active,target_speed_ratio_left,target_speed_ratio_right,target_accel_ratio_left,target_accel_ratio_right,target_decel_ratio_left,target_decel_ratio_right,ramp_down_time,ramp_up_time,experiment_id
/agv2/derating_command,1789189038.3377016,1789189038.3376212,2,1789189037,0,False,1.0,1.0,1.0,1.0,1.0,1.0,0.0,0.0,m2a_r1_circle_r0p7_cw_smooth_exit_0p10_derating_0p80_pilot
/agv2/derating_command,1789189038.3876839,1789189038.387625,2,1789189037,0,False,1.0,1.0,1.0,1.0,1.0,1.0,0.0,0.0,m2a_r1_circle_r0p7_cw_smooth_exit_0p10_derating_0p80_pilot
/agv2/derating_command,1789189038.487778,1789189038.48766,2,1789189037,0,False,1.0,1.0,1.0,1.0,1.0,1.0,0.0,0.0,m2a_r1_circle_r0p7_cw_smooth_exit_0p10_derating_0p80_pilot
/agv2/derating_command,1789189038.5878944,1789189038.587759,2,1789189037,0,False,1.0,1.0,1.0,1.0,1.0,1.0,0.0,0.0,m2a_r1_circle_r0p7_cw_smooth_exit_0p10_derating_0p80_pilot
/agv2/derating_command,1789189038.6877198,1789189038.6876547,2,1789189037,0,False,1.0,1.0,1.0,1.0,1.0,1.0,0.0,0.0,m2a_r1_circle_r0p7_cw_smooth_exit_0p10_derating_0p80_pilot
/agv2/derating_command,1789189038.7877474,1789189038.7877088,2,1789189037,0,False,1.0,1.0,1.0,1.0,1.0,1.0,0.0,0.0,m2a_r1_circle_r0p7_cw_smooth_exit_0p10_derating_0p80_pilot
/agv2/derating_command,1789189038.887768,1789189038.8876977,2,1789189037,0,False,1.0,1.0,1.0,1.0,1.0,1.0,0.0,0.0,m2a_r1_circle_r0p7_cw_smooth_exit_0p10_derating_0p80_pilot
/agv2/derating_command,1789189038.9878485,1789189038.9877472,2,1789189037,0,False,1.0,1.0,1.0,1.0,1.0,1.0,0.0,0.0,m2a_r1_circle_r0p7_cw_smooth_exit_0p10_derating_0p80_pilot
/agv2/derating_command,1789189039.0878322,1789189039.0876665,2,1789189037,0,False,1.0,1.0,1.0,1.0,1.0,1.0,0.0,0.0,m2a_r1_circle_r0p7_cw_smooth_exit_0p10_derating_0p80_pilot
/agv2/derating_command,1789189039.1877236,1789189039.187627,2,1789189037,0,False,1.0,1.0,1.0,1.0,1.0,1.0,0.0,0.0,m2a_r1_circle_r0p7_cw_smooth_exit_0p10_derating_0p80_pilot
/agv2/derating_command,1789189039.2876973,1789189039.2876222,2,1789189037,0,False,1.0,1.0,1.0,1.0,1.0,1.0,0.0,0.0,m2a_r1_circle_r0p7_cw_smooth_exit_0p10_derating_0p80_pilot
/agv2/derating_command,1789189039.3877451,1789189039.387653,2,1789189037,0,False,1.0,1.0,1.0,1.0,1.0,1.0,0.0,0.0,m2a_r1_circle_r0p7_cw_smooth_exit_0p10_derating_0p80_pilot
/agv2/derating_command,1789189039.487839,1789189039.4876542,2,1789189037,0,False,1.0,1.0,1.0,1.0,1.0,1.0,0.0,0.0,m2a_r1_circle_r0p7_cw_smooth_exit_0p10_derating_0p80_pilot
/agv2/derating_command,1789189039.5876799,1789189039.587632,2,1789189037,0,False,1.0,1.0,1.0,1.0,1.0,1.0,0.0,0.0,m2a_r1_circle_r0p7_cw_smooth_exit_0p10_derating_0p80_pilot
/agv2/derating_command,1789189039.6877365,1789189039.6876612,2,1789189037,0,False,1.0,1.0,1.0,1.0,1.0,1.0,0.0,0.0,m2a_r1_circle_r0p7_cw_smooth_exit_0p10_derating_0p80_pilot
/agv2/derating_command,1789189039.787827,1789189039.7877371,2,1789189037,0,False,1.0,1.0,1.0,1.0,1.0,1.0,0.0,0.0,m2a_r1_circle_r0p7_cw_smooth_exit_0p10_derating_0p80_pilot
/agv2/derating_command,1789189039.9376655,1789189039.9376156,2,1789189037,0,False,1.0,1.0,1.0,1.0,1.0,1.0,0.0,0.0,m2a_r1_circle_r0p7_cw_smooth_exit_0p10_derating_0p80_pilot
/agv2/derating_command,1789189040.0377972,1789189040.0376685,2,1789189037,0,False,1.0,1.0,1.0,1.0,1.0,1.0,0.0,0.0,m2a_r1_circle_r0p7_cw_smooth_exit_0p10_derating_0p80_pilot
/agv2/derating_command,1789189040.1378212,1789189040.1376534,2,1789189037,0,False,1.0,1.0,1.0,1.0,1.0,1.0,0.0,0.0,m2a_r1_circle_r0p7_cw_smooth_exit_0p10_derating_0p80_pilot
/agv2/derating_command,1789189040.1877456,1789189040.1876202,2,1789189037,0,False,1.0,1.0,1.0,1.0,1.0,1.0,0.0,0.0,m2a_r1_circle_r0p7_cw_smooth_exit_0p10_derating_0p80_pilot
/agv2/derating_command,1789189040.2878919,1789189040.2877595,2,1789189037,0,False,1.0,1.0,1.0,1.0,1.0,1.0,0.0,0.0,m2a_r1_circle_r0p7_cw_smooth_exit_0p10_derating_0p80_pilot
/agv2/derating_command,1789189040.3877957,1789189040.3876684,2,1789189037,0,False,1.0,1.0,1.0,1.0,1.0,1.0,0.0,0.0,m2a_r1_circle_r0p7_cw_smooth_exit_0p10_derating_0p80_pilot
/agv2/derating_command,1789189040.4877596,1789189040.487641,2,1789189037,0,False,1.0,1.0,1.0,1.0,1.0,1.0,0.0,0.0,m2a_r1_circle_r0p7_cw_smooth_exit_0p10_derating_0p80_pilot
/agv2/derating_command,1789189040.6377933,1789189040.637672,2,1789189037,0,False,1.0,1.0,1.0,1.0,1.0,1.0,0.0,0.0,m2a_r1_circle_r0p7_cw_smooth_exit_0p10_derating_0p80_pilot
/agv2/derating_command,1789189040.6876996,1789189040.6876254,2,1789189037,0,False,1.0,1.0,1.0,1.0,1.0,1.0,0.0,0.0,m2a_r1_circle_r0p7_cw_smooth_exit_0p10_derating_0p80_pilot
/agv2/derating_command,1789189040.7879312,1789189040.7877471,2,1789189037,0,False,1.0,1.0,1.0,1.0,1.0,1.0,0.0,0.0,m2a_r1_circle_r0p7_cw_smooth_exit_0p10_derating_0p80_pilot
/agv2/derating_command,1789189040.8877203,1789189040.8876257,2,1789189037,0,False,1.0,1.0,1.0,1.0,1.0,1.0,0.0,0.0,m2a_r1_circle_r0p7_cw_smooth_exit_0p10_derating_0p80_pilot
/agv2/derating_command,1789189040.987788,1789189040.987641,2,1789189037,0,False,1.0,1.0,1.0,1.0,1.0,1.0,0.0,0.0,m2a_r1_circle_r0p7_cw_smooth_exit_0p10_derating_0p80_pilot
/agv2/derating_command,1789189041.0877292,1789189041.0876715,2,1789189037,0,False,1.0,1.0,1.0,1.0,1.0,1.0,0.0,0.0,m2a_r1_circle_r0p7_cw_smooth_exit_0p10_derating_0p80_pilot
/agv2/derating_command,1789189041.18775,1789189041.187669,2,1789189037,0,False,1.0,1.0,1.0,1.0,1.0,1.0,0.0,0.0,m2a_r1_circle_r0p7_cw_smooth_exit_0p10_derating_0p80_pilot
/agv2/derating_command,1789189041.2877545,1789189041.2876687,2,1789189037,0,False,1.0,1.0,1.0,1.0,1.0,1.0,0.0,0.0,m2a_r1_circle_r0p7_cw_smooth_exit_0p10_derating_0p80_pilot
/agv2/derating_command,1789189041.3877146,1789189041.3876228,2,1789189037,0,False,1.0,1.0,1.0,1.0,1.0,1.0,0.0,0.0,m2a_r1_circle_r0p7_cw_smooth_exit_0p10_derating_0p80_pilot
/agv2/derating_command,1789189041.4877372,1789189041.4876723,2,1789189037,0,False,1.0,1.0,1.0,1.0,1.0,1.0,0.0,0.0,m2a_r1_circle_r0p7_cw_smooth_exit_0p10_derating_0p80_pilot
/agv2/derating_command,1789189041.5878203,1789189041.5876179,2,1789189037,0,False,1.0,1.0,1.0,1.0,1.0,1.0,0.0,0.0,m2a_r1_circle_r0p7_cw_smooth_exit_0p10_derating_0p80_pilot
/agv2/derating_command,1789189041.6877027,1789189041.6876168,2,1789189037,0,False,1.0,1.0,1.0,1.0,1.0,1.0,0.0,0.0,m2a_r1_circle_r0p7_cw_smooth_exit_0p10_derating_0p80_pilot
/agv2/derating_command,1789189041.7877376,1789189041.787617,2,1789189037,0,False,1.0,1.0,1.0,1.0,1.0,1.0,0.0,0.0,m2a_r1_circle_r0p7_cw_smooth_exit_0p10_derating_0p80_pilot
/agv2/derating_command,1789189041.8877022,1789189041.8876176,2,1789189037,0,False,1.0,1.0,1.0,1.0,1.0,1.0,0.0,0.0,m2a_r1_circle_r0p7_cw_smooth_exit_0p10_derating_0p80_pilot
/agv2/derating_command,1789189041.9877994,1789189041.987617,2,1789189037,0,False,1.0,1.0,1.0,1.0,1.0,1.0,0.0,0.0,m2a_r1_circle_r0p7_cw_smooth_exit_0p10_derating_0p80_pilot
/agv2/derating_command,1789189042.0876856,1789189042.0876212,2,1789189037,0,False,1.0,1.0,1.0,1.0,1.0,1.0,0.0,0.0,m2a_r1_circle_r0p7_cw_smooth_exit_0p10_derating_0p80_pilot
/agv2/derating_command,1789189042.187721,1789189042.1876564,2,1789189037,0,False,1.0,1.0,1.0,1.0,1.0,1.0,0.0,0.0,m2a_r1_circle_r0p7_cw_smooth_exit_0p10_derating_0p80_pilot
/agv2/derating_command,1789189042.2877393,1789189042.287648,2,1789189037,0,False,1.0,1.0,1.0,1.0,1.0,1.0,0.0,0.0,m2a_r1_circle_r0p7_cw_smooth_exit_0p10_derating_0p80_pilot
/agv2/derating_command,1789189042.3877287,1789189042.387617,2,1789189037,0,False,1.0,1.0,1.0,1.0,1.0,1.0,0.0,0.0,m2a_r1_circle_r0p7_cw_smooth_exit_0p10_derating_0p80_pilot
/agv2/derating_command,1789189042.487761,1789189042.487617,2,1789189037,0,False,1.0,1.0,1.0,1.0,1.0,1.0,0.0,0.0,m2a_r1_circle_r0p7_cw_smooth_exit_0p10_derating_0p80_pilot
/agv2/derating_command,1789189042.5876935,1789189042.5876164,2,1789189037,0,False,1.0,1.0,1.0,1.0,1.0,1.0,0.0,0.0,m2a_r1_circle_r0p7_cw_smooth_exit_0p10_derating_0p80_pilot
/agv2/derating_command,1789189042.6876597,1789189042.6876185,2,1789189037,0,False,1.0,1.0,1.0,1.0,1.0,1.0,0.0,0.0,m2a_r1_circle_r0p7_cw_smooth_exit_0p10_derating_0p80_pilot
/agv2/derating_command,1789189042.7877636,1789189042.7876408,2,1789189037,0,False,1.0,1.0,1.0,1.0,1.0,1.0,0.0,0.0,m2a_r1_circle_r0p7_cw_smooth_exit_0p10_derating_0p80_pilot
/agv2/derating_command,1789189042.8878248,1789189042.8876712,2,1789189037,0,False,1.0,1.0,1.0,1.0,1.0,1.0,0.0,0.0,m2a_r1_circle_r0p7_cw_smooth_exit_0p10_derating_0p80_pilot
/agv2/derating_command,1789189042.987694,1789189042.9876373,2,1789189037,0,False,1.0,1.0,1.0,1.0,1.0,1.0,0.0,0.0,m2a_r1_circle_r0p7_cw_smooth_exit_0p10_derating_0p80_pilot
/agv2/derating_command,1789189043.0877187,1789189043.087673,2,1789189037,0,False,1.0,1.0,1.0,1.0,1.0,1.0,0.0,0.0,m2a_r1_circle_r0p7_cw_smooth_exit_0p10_derating_0p80_pilot
/agv2/derating_command,1789189043.1876855,1789189043.1876528,2,1789189037,0,False,1.0,1.0,1.0,1.0,1.0,1.0,0.0,0.0,m2a_r1_circle_r0p7_cw_smooth_exit_0p10_derating_0p80_pilot
/agv2/derating_command,1789189043.2877297,1789189043.2876208,2,1789189037,0,False,1.0,1.0,1.0,1.0,1.0,1.0,0.0,0.0,m2a_r1_circle_r0p7_cw_smooth_exit_0p10_derating_0p80_pilot
/agv2/derating_command,1789189043.387687,1789189043.3876166,2,1789189037,0,False,1.0,1.0,1.0,1.0,1.0,1.0,0.0,0.0,m2a_r1_circle_r0p7_cw_smooth_exit_0p10_derating_0p80_pilot
/agv2/derating_command,1789189043.4877987,1789189043.4876509,2,1789189037,0,False,1.0,1.0,1.0,1.0,1.0,1.0,0.0,0.0,m2a_r1_circle_r0p7_cw_smooth_exit_0p10_derating_0p80_pilot
/agv2/derating_command,1789189043.5877485,1789189043.5876195,2,1789189037,0,False,1.0,1.0,1.0,1.0,1.0,1.0,0.0,0.0,m2a_r1_circle_r0p7_cw_smooth_exit_0p10_derating_0p80_pilot
/agv2/derating_command,1789189043.6877496,1789189043.687647,2,1789189037,0,False,1.0,1.0,1.0,1.0,1.0,1.0,0.0,0.0,m2a_r1_circle_r0p7_cw_smooth_exit_0p10_derating_0p80_pilot
/agv2/derating_command,1789189043.7878618,1789189043.7876499,2,1789189037,0,False,1.0,1.0,1.0,1.0,1.0,1.0,0.0,0.0,m2a_r1_circle_r0p7_cw_smooth_exit_0p10_derating_0p80_pilot
/agv2/derating_command,1789189043.887747,1789189043.8876548,2,1789189037,0,False,1.0,1.0,1.0,1.0,1.0,1.0,0.0,0.0,m2a_r1_circle_r0p7_cw_smooth_exit_0p10_derating_0p80_pilot
/agv2/derating_command,1789189043.987761,1789189043.9876518,2,1789189037,0,False,1.0,1.0,1.0,1.0,1.0,1.0,0.0,0.0,m2a_r1_circle_r0p7_cw_smooth_exit_0p10_derating_0p80_pilot
/agv2/derating_command,1789189044.0877028,1789189044.0876162,2,1789189037,0,False,1.0,1.0,1.0,1.0,1.0,1.0,0.0,0.0,m2a_r1_circle_r0p7_cw_smooth_exit_0p10_derating_0p80_pilot
/agv2/derating_command,1789189044.1877182,1789189044.1876216,2,1789189037,0,False,1.0,1.0,1.0,1.0,1.0,1.0,0.0,0.0,m2a_r1_circle_r0p7_cw_smooth_exit_0p10_derating_0p80_pilot
/agv2/derating_command,1789189044.287751,1789189044.2876475,2,1789189037,0,False,1.0,1.0,1.0,1.0,1.0,1.0,0.0,0.0,m2a_r1_circle_r0p7_cw_smooth_exit_0p10_derating_0p80_pilot
/agv2/derating_command,1789189044.3876977,1789189044.387653,2,1789189037,0,False,1.0,1.0,1.0,1.0,1.0,1.0,0.0,0.0,m2a_r1_circle_r0p7_cw_smooth_exit_0p10_derating_0p80_pilot
/agv2/derating_command,1789189044.487741,1789189044.4876544,2,1789189037,0,False,1.0,1.0,1.0,1.0,1.0,1.0,0.0,0.0,m2a_r1_circle_r0p7_cw_smooth_exit_0p10_derating_0p80_pilot
/agv2/derating_command,1789189044.587682,1789189044.5876205,2,1789189037,0,False,1.0,1.0,1.0,1.0,1.0,1.0,0.0,0.0,m2a_r1_circle_r0p7_cw_smooth_exit_0p10_derating_0p80_pilot
/agv2/derating_command,1789189044.687722,1789189044.6876512,2,1789189037,0,False,1.0,1.0,1.0,1.0,1.0,1.0,0.0,0.0,m2a_r1_circle_r0p7_cw_smooth_exit_0p10_derating_0p80_pilot
/agv2/derating_command,1789189044.7878878,1789189044.7877412,2,1789189037,0,False,1.0,1.0,1.0,1.0,1.0,1.0,0.0,0.0,m2a_r1_circle_r0p7_cw_smooth_exit_0p10_derating_0p80_pilot
/agv2/derating_command,1789189044.8877802,1789189044.8876438,2,1789189037,0,False,1.0,1.0,1.0,1.0,1.0,1.0,0.0,0.0,m2a_r1_circle_r0p7_cw_smooth_exit_0p10_derating_0p80_pilot
/agv2/derating_command,1789189044.9877589,1789189044.9876285,2,1789189037,0,False,1.0,1.0,1.0,1.0,1.0,1.0,0.0,0.0,m2a_r1_circle_r0p7_cw_smooth_exit_0p10_derating_0p80_pilot
/agv2/derating_command,1789189045.0877151,1789189045.0876205,2,1789189037,0,False,1.0,1.0,1.0,1.0,1.0,1.0,0.0,0.0,m2a_r1_circle_r0p7_cw_smooth_exit_0p10_derating_0p80_pilot
/agv2/derating_command,1789189045.187736,1789189045.1876361,2,1789189037,0,False,1.0,1.0,1.0,1.0,1.0,1.0,0.0,0.0,m2a_r1_circle_r0p7_cw_smooth_exit_0p10_derating_0p80_pilot
/agv2/derating_command,1789189045.287847,1789189045.2877295,2,1789189037,0,False,1.0,1.0,1.0,1.0,1.0,1.0,0.0,0.0,m2a_r1_circle_r0p7_cw_smooth_exit_0p10_derating_0p80_pilot
/agv2/derating_command,1789189045.3877125,1789189045.3876185,2,1789189037,0,False,1.0,1.0,1.0,1.0,1.0,1.0,0.0,0.0,m2a_r1_circle_r0p7_cw_smooth_exit_0p10_derating_0p80_pilot
/agv2/derating_command,1789189045.4877462,1789189045.4876597,2,1789189037,0,False,1.0,1.0,1.0,1.0,1.0,1.0,0.0,0.0,m2a_r1_circle_r0p7_cw_smooth_exit_0p10_derating_0p80_pilot
/agv2/derating_command,1789189045.5878026,1789189045.587617,2,1789189037,0,False,1.0,1.0,1.0,1.0,1.0,1.0,0.0,0.0,m2a_r1_circle_r0p7_cw_smooth_exit_0p10_derating_0p80_pilot
/agv2/derating_command,1789189045.6878529,1789189045.687616,2,1789189037,0,False,1.0,1.0,1.0,1.0,1.0,1.0,0.0,0.0,m2a_r1_circle_r0p7_cw_smooth_exit_0p10_derating_0p80_pilot
/agv2/derating_command,1789189045.7876933,1789189045.7876213,2,1789189037,0,False,1.0,1.0,1.0,1.0,1.0,1.0,0.0,0.0,m2a_r1_circle_r0p7_cw_smooth_exit_0p10_derating_0p80_pilot
/agv2/derating_command,1789189045.887679,1789189045.8876178,2,1789189037,0,False,1.0,1.0,1.0,1.0,1.0,1.0,0.0,0.0,m2a_r1_circle_r0p7_cw_smooth_exit_0p10_derating_0p80_pilot
/agv2/derating_command,1789189045.9877052,1789189045.9876606,2,1789189037,0,False,1.0,1.0,1.0,1.0,1.0,1.0,0.0,0.0,m2a_r1_circle_r0p7_cw_smooth_exit_0p10_derating_0p80_pilot
/agv2/derating_command,1789189046.137757,1789189046.1376395,2,1789189037,0,False,1.0,1.0,1.0,1.0,1.0,1.0,0.0,0.0,m2a_r1_circle_r0p7_cw_smooth_exit_0p10_derating_0p80_pilot
/agv2/derating_command,1789189046.1877265,1789189046.187648,2,1789189037,0,False,1.0,1.0,1.0,1.0,1.0,1.0,0.0,0.0,m2a_r1_circle_r0p7_cw_smooth_exit_0p10_derating_0p80_pilot
/agv2/derating_command,1789189046.2878501,1789189046.287652,2,1789189037,0,False,1.0,1.0,1.0,1.0,1.0,1.0,0.0,0.0,m2a_r1_circle_r0p7_cw_smooth_exit_0p10_derating_0p80_pilot
/agv2/derating_command,1789189046.387861,1789189046.3876634,2,1789189037,0,False,1.0,1.0,1.0,1.0,1.0,1.0,0.0,0.0,m2a_r1_circle_r0p7_cw_smooth_exit_0p10_derating_0p80_pilot
/agv2/derating_command,1789189046.4877644,1789189046.4876542,2,1789189037,0,False,1.0,1.0,1.0,1.0,1.0,1.0,0.0,0.0,m2a_r1_circle_r0p7_cw_smooth_exit_0p10_derating_0p80_pilot
/agv2/derating_command,1789189046.587863,1789189046.5876975,2,1789189037,0,False,1.0,1.0,1.0,1.0,1.0,1.0,0.0,0.0,m2a_r1_circle_r0p7_cw_smooth_exit_0p10_derating_0p80_pilot
/agv2/derating_command,1789189046.6878116,1789189046.6876225,2,1789189037,0,False,1.0,1.0,1.0,1.0,1.0,1.0,0.0,0.0,m2a_r1_circle_r0p7_cw_smooth_exit_0p10_derating_0p80_pilot
/agv2/derating_command,1789189046.7877707,1789189046.7876225,2,1789189037,0,False,1.0,1.0,1.0,1.0,1.0,1.0,0.0,0.0,m2a_r1_circle_r0p7_cw_smooth_exit_0p10_derating_0p80_pilot
/agv2/derating_command,1789189046.8878036,1789189046.8876245,2,1789189037,0,False,1.0,1.0,1.0,1.0,1.0,1.0,0.0,0.0,m2a_r1_circle_r0p7_cw_smooth_exit_0p10_derating_0p80_pilot
/agv2/derating_command,1789189046.9877923,1789189046.9876559,2,1789189037,0,False,1.0,1.0,1.0,1.0,1.0,1.0,0.0,0.0,m2a_r1_circle_r0p7_cw_smooth_exit_0p10_derating_0p80_pilot
/agv2/derating_command,1789189047.0876863,1789189047.0876234,2,1789189037,0,False,1.0,1.0,1.0,1.0,1.0,1.0,0.0,0.0,m2a_r1_circle_r0p7_cw_smooth_exit_0p10_derating_0p80_pilot
/agv2/derating_command,1789189047.187842,1789189047.1876562,2,1789189037,0,False,1.0,1.0,1.0,1.0,1.0,1.0,0.0,0.0,m2a_r1_circle_r0p7_cw_smooth_exit_0p10_derating_0p80_pilot
/agv2/derating_command,1789189047.287721,1789189047.2876196,2,1789189037,0,False,1.0,1.0,1.0,1.0,1.0,1.0,0.0,0.0,m2a_r1_circle_r0p7_cw_smooth_exit_0p10_derating_0p80_pilot
/agv2/derating_command,1789189047.3876667,1789189047.3876162,2,1789189037,0,False,1.0,1.0,1.0,1.0,1.0,1.0,0.0,0.0,m2a_r1_circle_r0p7_cw_smooth_exit_0p10_derating_0p80_pilot
/agv2/derating_command,1789189047.4877279,1789189047.4876168,2,1789189037,0,False,1.0,1.0,1.0,1.0,1.0,1.0,0.0,0.0,m2a_r1_circle_r0p7_cw_smooth_exit_0p10_derating_0p80_pilot
/agv2/derating_command,1789189047.5876808,1789189047.587615,2,1789189037,0,False,1.0,1.0,1.0,1.0,1.0,1.0,0.0,0.0,m2a_r1_circle_r0p7_cw_smooth_exit_0p10_derating_0p80_pilot
/agv2/derating_command,1789189047.6876955,1789189047.6876173,2,1789189037,0,False,1.0,1.0,1.0,1.0,1.0,1.0,0.0,0.0,m2a_r1_circle_r0p7_cw_smooth_exit_0p10_derating_0p80_pilot
/agv2/derating_command,1789189047.7877436,1789189047.787618,2,1789189037,0,False,1.0,1.0,1.0,1.0,1.0,1.0,0.0,0.0,m2a_r1_circle_r0p7_cw_smooth_exit_0p10_derating_0p80_pilot
/agv2/derating_command,1789189047.8878121,1789189047.8876588,2,1789189037,0,False,1.0,1.0,1.0,1.0,1.0,1.0,0.0,0.0,m2a_r1_circle_r0p7_cw_smooth_exit_0p10_derating_0p80_pilot
/agv2/derating_command,1789189047.9877846,1789189047.9876516,2,1789189037,0,False,1.0,1.0,1.0,1.0,1.0,1.0,0.0,0.0,m2a_r1_circle_r0p7_cw_smooth_exit_0p10_derating_0p80_pilot
/agv2/derating_command,1789189048.0877512,1789189048.087624,2,1789189037,0,False,1.0,1.0,1.0,1.0,1.0,1.0,0.0,0.0,m2a_r1_circle_r0p7_cw_smooth_exit_0p10_derating_0p80_pilot
/agv2/derating_command,1789189048.1877213,1789189048.187623,2,1789189037,0,False,1.0,1.0,1.0,1.0,1.0,1.0,0.0,0.0,m2a_r1_circle_r0p7_cw_smooth_exit_0p10_derating_0p80_pilot
/agv2/derating_command,1789189048.2877069,1789189048.287623,2,1789189037,0,False,1.0,1.0,1.0,1.0,1.0,1.0,0.0,0.0,m2a_r1_circle_r0p7_cw_smooth_exit_0p10_derating_0p80_pilot
/agv2/derating_command,1789189048.3877194,1789189048.3876207,2,1789189037,0,False,1.0,1.0,1.0,1.0,1.0,1.0,0.0,0.0,m2a_r1_circle_r0p7_cw_smooth_exit_0p10_derating_0p80_pilot
/agv2/derating_command,1789189048.5376918,1789189048.5376098,2,1789189037,0,False,1.0,1.0,1.0,1.0,1.0,1.0,0.0,0.0,m2a_r1_circle_r0p7_cw_smooth_exit_0p10_derating_0p80_pilot
/agv2/derating_command,1789189048.587776,1789189048.5876505,2,1789189037,0,False,1.0,1.0,1.0,1.0,1.0,1.0,0.0,0.0,m2a_r1_circle_r0p7_cw_smooth_exit_0p10_derating_0p80_pilot
/agv2/derating_command,1789189048.6877627,1789189048.6876612,2,1789189037,0,False,1.0,1.0,1.0,1.0,1.0,1.0,0.0,0.0,m2a_r1_circle_r0p7_cw_smooth_exit_0p10_derating_0p80_pilot
/agv2/derating_command,1789189048.7877917,1789189048.7876496,2,1789189037,0,False,1.0,1.0,1.0,1.0,1.0,1.0,0.0,0.0,m2a_r1_circle_r0p7_cw_smooth_exit_0p10_derating_0p80_pilot
/agv2/derating_command,1789189048.8877404,1789189048.887649,2,1789189037,0,False,1.0,1.0,1.0,1.0,1.0,1.0,0.0,0.0,m2a_r1_circle_r0p7_cw_smooth_exit_0p10_derating_0p80_pilot
/agv2/derating_command,1789189048.987794,1789189048.987657,2,1789189037,0,False,1.0,1.0,1.0,1.0,1.0,1.0,0.0,0.0,m2a_r1_circle_r0p7_cw_smooth_exit_0p10_derating_0p80_pilot
/agv2/derating_command,1789189049.1376452,1789189049.1376095,2,1789189037,0,False,1.0,1.0,1.0,1.0,1.0,1.0,0.0,0.0,m2a_r1_circle_r0p7_cw_smooth_exit_0p10_derating_0p80_pilot
/agv2/derating_command,1789189049.1876984,1789189049.18762,2,1789189037,0,False,1.0,1.0,1.0,1.0,1.0,1.0,0.0,0.0,m2a_r1_circle_r0p7_cw_smooth_exit_0p10_derating_0p80_pilot
/agv2/derating_command,1789189049.2877555,1789189049.287654,2,1789189037,0,False,1.0,1.0,1.0,1.0,1.0,1.0,0.0,0.0,m2a_r1_circle_r0p7_cw_smooth_exit_0p10_derating_0p80_pilot
/agv2/derating_command,1789189049.3878417,1789189049.3876495,2,1789189037,0,False,1.0,1.0,1.0,1.0,1.0,1.0,0.0,0.0,m2a_r1_circle_r0p7_cw_smooth_exit_0p10_derating_0p80_pilot
/agv2/derating_command,1789189049.4876995,1789189049.4876232,2,1789189037,0,False,1.0,1.0,1.0,1.0,1.0,1.0,0.0,0.0,m2a_r1_circle_r0p7_cw_smooth_exit_0p10_derating_0p80_pilot
/agv2/derating_command,1789189049.587721,1789189049.5876234,2,1789189037,0,False,1.0,1.0,1.0,1.0,1.0,1.0,0.0,0.0,m2a_r1_circle_r0p7_cw_smooth_exit_0p10_derating_0p80_pilot
/agv2/derating_command,1789189049.687762,1789189049.687654,2,1789189037,0,False,1.0,1.0,1.0,1.0,1.0,1.0,0.0,0.0,m2a_r1_circle_r0p7_cw_smooth_exit_0p10_derating_0p80_pilot
/agv2/derating_command,1789189049.7877772,1789189049.787651,2,1789189037,0,False,1.0,1.0,1.0,1.0,1.0,1.0,0.0,0.0,m2a_r1_circle_r0p7_cw_smooth_exit_0p10_derating_0p80_pilot
/agv2/derating_command,1789189049.8877602,1789189049.887663,2,1789189037,0,False,1.0,1.0,1.0,1.0,1.0,1.0,0.0,0.0,m2a_r1_circle_r0p7_cw_smooth_exit_0p10_derating_0p80_pilot
/agv2/derating_command,1789189049.9877162,1789189049.9876153,2,1789189037,0,False,1.0,1.0,1.0,1.0,1.0,1.0,0.0,0.0,m2a_r1_circle_r0p7_cw_smooth_exit_0p10_derating_0p80_pilot
/agv2/derating_command,1789189050.087855,1789189050.087663,2,1789189037,0,False,1.0,1.0,1.0,1.0,1.0,1.0,0.0,0.0,m2a_r1_circle_r0p7_cw_smooth_exit_0p10_derating_0p80_pilot
/agv2/derating_command,1789189050.1877334,1789189050.1876514,2,1789189037,0,False,1.0,1.0,1.0,1.0,1.0,1.0,0.0,0.0,m2a_r1_circle_r0p7_cw_smooth_exit_0p10_derating_0p80_pilot
/agv2/derating_command,1789189050.3378386,1789189050.3376431,2,1789189037,0,False,1.0,1.0,1.0,1.0,1.0,1.0,0.0,0.0,m2a_r1_circle_r0p7_cw_smooth_exit_0p10_derating_0p80_pilot
/agv2/derating_command,1789189050.3876936,1789189050.3876495,2,1789189037,0,False,1.0,1.0,1.0,1.0,1.0,1.0,0.0,0.0,m2a_r1_circle_r0p7_cw_smooth_exit_0p10_derating_0p80_pilot
/agv2/derating_command,1789189050.4877343,1789189050.4876513,2,1789189037,0,False,1.0,1.0,1.0,1.0,1.0,1.0,0.0,0.0,m2a_r1_circle_r0p7_cw_smooth_exit_0p10_derating_0p80_pilot
/agv2/derating_command,1789189050.587732,1789189050.5876474,2,1789189037,0,False,1.0,1.0,1.0,1.0,1.0,1.0,0.0,0.0,m2a_r1_circle_r0p7_cw_smooth_exit_0p10_derating_0p80_pilot
/agv2/derating_command,1789189050.687776,1789189050.6876476,2,1789189037,0,False,1.0,1.0,1.0,1.0,1.0,1.0,0.0,0.0,m2a_r1_circle_r0p7_cw_smooth_exit_0p10_derating_0p80_pilot
/agv2/derating_command,1789189050.787674,1789189050.7876194,2,1789189037,0,False,1.0,1.0,1.0,1.0,1.0,1.0,0.0,0.0,m2a_r1_circle_r0p7_cw_smooth_exit_0p10_derating_0p80_pilot
/agv2/derating_command,1789189050.8876784,1789189050.887617,2,1789189037,0,False,1.0,1.0,1.0,1.0,1.0,1.0,0.0,0.0,m2a_r1_circle_r0p7_cw_smooth_exit_0p10_derating_0p80_pilot
/agv2/derating_command,1789189050.9876547,1789189050.9876184,2,1789189037,0,False,1.0,1.0,1.0,1.0,1.0,1.0,0.0,0.0,m2a_r1_circle_r0p7_cw_smooth_exit_0p10_derating_0p80_pilot
/agv2/derating_command,1789189051.0878444,1789189051.0876167,2,1789189037,0,False,1.0,1.0,1.0,1.0,1.0,1.0,0.0,0.0,m2a_r1_circle_r0p7_cw_smooth_exit_0p10_derating_0p80_pilot
/agv2/derating_command,1789189051.1877344,1789189051.187616,2,1789189037,0,False,1.0,1.0,1.0,1.0,1.0,1.0,0.0,0.0,m2a_r1_circle_r0p7_cw_smooth_exit_0p10_derating_0p80_pilot
/agv2/derating_command,1789189051.3379314,1789189051.3376603,2,1789189037,0,False,1.0,1.0,1.0,1.0,1.0,1.0,0.0,0.0,m2a_r1_circle_r0p7_cw_smooth_exit_0p10_derating_0p80_pilot
/agv2/derating_command,1789189051.3877153,1789189051.387595,2,1789189037,0,False,1.0,1.0,1.0,1.0,1.0,1.0,0.0,0.0,m2a_r1_circle_r0p7_cw_smooth_exit_0p10_derating_0p80_pilot
/agv2/derating_command,1789189051.5378978,1789189051.5376406,2,1789189037,0,False,1.0,1.0,1.0,1.0,1.0,1.0,0.0,0.0,m2a_r1_circle_r0p7_cw_smooth_exit_0p10_derating_0p80_pilot
/agv2/derating_command,1789189051.5878422,1789189051.5876493,2,1789189037,0,False,1.0,1.0,1.0,1.0,1.0,1.0,0.0,0.0,m2a_r1_circle_r0p7_cw_smooth_exit_0p10_derating_0p80_pilot
/agv2/derating_command,1789189051.6877322,1789189051.6876168,2,1789189037,0,False,1.0,1.0,1.0,1.0,1.0,1.0,0.0,0.0,m2a_r1_circle_r0p7_cw_smooth_exit_0p10_derating_0p80_pilot
/agv2/derating_command,1789189051.787698,1789189051.787618,2,1789189037,0,False,1.0,1.0,1.0,1.0,1.0,1.0,0.0,0.0,m2a_r1_circle_r0p7_cw_smooth_exit_0p10_derating_0p80_pilot
/agv2/derating_command,1789189051.8877153,1789189051.8876188,2,1789189037,0,False,1.0,1.0,1.0,1.0,1.0,1.0,0.0,0.0,m2a_r1_circle_r0p7_cw_smooth_exit_0p10_derating_0p80_pilot
/agv2/derating_command,1789189051.9877527,1789189051.9876251,2,1789189037,0,False,1.0,1.0,1.0,1.0,1.0,1.0,0.0,0.0,m2a_r1_circle_r0p7_cw_smooth_exit_0p10_derating_0p80_pilot
/agv2/derating_command,1789189052.087788,1789189052.087652,2,1789189037,0,False,1.0,1.0,1.0,1.0,1.0,1.0,0.0,0.0,m2a_r1_circle_r0p7_cw_smooth_exit_0p10_derating_0p80_pilot
/agv2/derating_command,1789189052.1877706,1789189052.187618,2,1789189037,0,False,1.0,1.0,1.0,1.0,1.0,1.0,0.0,0.0,m2a_r1_circle_r0p7_cw_smooth_exit_0p10_derating_0p80_pilot
/agv2/derating_command,1789189052.2878237,1789189052.2876601,2,1789189037,0,False,1.0,1.0,1.0,1.0,1.0,1.0,0.0,0.0,m2a_r1_circle_r0p7_cw_smooth_exit_0p10_derating_0p80_pilot
/agv2/derating_command,1789189052.3877776,1789189052.3876586,2,1789189037,0,False,1.0,1.0,1.0,1.0,1.0,1.0,0.0,0.0,m2a_r1_circle_r0p7_cw_smooth_exit_0p10_derating_0p80_pilot
/agv2/derating_command,1789189052.4876976,1789189052.487618,2,1789189037,0,False,1.0,1.0,1.0,1.0,1.0,1.0,0.0,0.0,m2a_r1_circle_r0p7_cw_smooth_exit_0p10_derating_0p80_pilot
/agv2/derating_command,1789189052.587863,1789189052.5877173,2,1789189037,0,False,1.0,1.0,1.0,1.0,1.0,1.0,0.0,0.0,m2a_r1_circle_r0p7_cw_smooth_exit_0p10_derating_0p80_pilot
/agv2/derating_command,1789189052.6877048,1789189052.6876636,2,1789189037,0,False,1.0,1.0,1.0,1.0,1.0,1.0,0.0,0.0,m2a_r1_circle_r0p7_cw_smooth_exit_0p10_derating_0p80_pilot
/agv2/derating_command,1789189052.7877586,1789189052.7876518,2,1789189037,0,False,1.0,1.0,1.0,1.0,1.0,1.0,0.0,0.0,m2a_r1_circle_r0p7_cw_smooth_exit_0p10_derating_0p80_pilot
/agv2/derating_command,1789189052.8878953,1789189052.887651,2,1789189037,0,False,1.0,1.0,1.0,1.0,1.0,1.0,0.0,0.0,m2a_r1_circle_r0p7_cw_smooth_exit_0p10_derating_0p80_pilot
/agv2/derating_command,1789189052.9876716,1789189052.9876223,2,1789189037,0,False,1.0,1.0,1.0,1.0,1.0,1.0,0.0,0.0,m2a_r1_circle_r0p7_cw_smooth_exit_0p10_derating_0p80_pilot
/agv2/derating_command,1789189053.0878398,1789189053.0876718,2,1789189037,0,False,1.0,1.0,1.0,1.0,1.0,1.0,0.0,0.0,m2a_r1_circle_r0p7_cw_smooth_exit_0p10_derating_0p80_pilot
/agv2/derating_command,1789189053.188014,1789189053.1876597,2,1789189037,0,False,1.0,1.0,1.0,1.0,1.0,1.0,0.0,0.0,m2a_r1_circle_r0p7_cw_smooth_exit_0p10_derating_0p80_pilot
/agv2/derating_command,1789189053.2876916,1789189053.2876234,2,1789189037,0,False,1.0,1.0,1.0,1.0,1.0,1.0,0.0,0.0,m2a_r1_circle_r0p7_cw_smooth_exit_0p10_derating_0p80_pilot
/agv2/derating_command,1789189053.38768,1789189053.3876235,2,1789189037,0,False,1.0,1.0,1.0,1.0,1.0,1.0,0.0,0.0,m2a_r1_circle_r0p7_cw_smooth_exit_0p10_derating_0p80_pilot
/agv2/derating_command,1789189053.4877243,1789189053.4876227,2,1789189037,0,False,1.0,1.0,1.0,1.0,1.0,1.0,0.0,0.0,m2a_r1_circle_r0p7_cw_smooth_exit_0p10_derating_0p80_pilot
/agv2/derating_command,1789189053.5878465,1789189053.587677,2,1789189037,0,False,1.0,1.0,1.0,1.0,1.0,1.0,0.0,0.0,m2a_r1_circle_r0p7_cw_smooth_exit_0p10_derating_0p80_pilot
/agv2/derating_command,1789189053.6877744,1789189053.687626,2,1789189037,0,False,1.0,1.0,1.0,1.0,1.0,1.0,0.0,0.0,m2a_r1_circle_r0p7_cw_smooth_exit_0p10_derating_0p80_pilot
/agv2/derating_command,1789189053.7876542,1789189053.7876213,2,1789189037,0,False,1.0,1.0,1.0,1.0,1.0,1.0,0.0,0.0,m2a_r1_circle_r0p7_cw_smooth_exit_0p10_derating_0p80_pilot
/agv2/derating_command,1789189053.8877475,1789189053.8876448,2,1789189037,0,False,1.0,1.0,1.0,1.0,1.0,1.0,0.0,0.0,m2a_r1_circle_r0p7_cw_smooth_exit_0p10_derating_0p80_pilot
/agv2/derating_command,1789189054.0377321,1789189054.0376391,2,1789189037,0,False,1.0,1.0,1.0,1.0,1.0,1.0,0.0,0.0,m2a_r1_circle_r0p7_cw_smooth_exit_0p10_derating_0p80_pilot
/agv2/derating_command,1789189054.0877345,1789189054.087653,2,1789189037,0,False,1.0,1.0,1.0,1.0,1.0,1.0,0.0,0.0,m2a_r1_circle_r0p7_cw_smooth_exit_0p10_derating_0p80_pilot
/agv2/derating_command,1789189054.187786,1789189054.1876595,2,1789189037,0,False,1.0,1.0,1.0,1.0,1.0,1.0,0.0,0.0,m2a_r1_circle_r0p7_cw_smooth_exit_0p10_derating_0p80_pilot
/agv2/derating_command,1789189054.337735,1789189054.3376138,2,1789189037,0,False,1.0,1.0,1.0,1.0,1.0,1.0,0.0,0.0,m2a_r1_circle_r0p7_cw_smooth_exit_0p10_derating_0p80_pilot
/agv2/derating_command,1789189054.3877401,1789189054.3876226,2,1789189037,0,False,1.0,1.0,1.0,1.0,1.0,1.0,0.0,0.0,m2a_r1_circle_r0p7_cw_smooth_exit_0p10_derating_0p80_pilot
/agv2/derating_command,1789189054.4876916,1789189054.4876227,2,1789189037,0,False,1.0,1.0,1.0,1.0,1.0,1.0,0.0,0.0,m2a_r1_circle_r0p7_cw_smooth_exit_0p10_derating_0p80_pilot
/agv2/derating_command,1789189054.5877173,1789189054.587624,2,1789189037,0,False,1.0,1.0,1.0,1.0,1.0,1.0,0.0,0.0,m2a_r1_circle_r0p7_cw_smooth_exit_0p10_derating_0p80_pilot
/agv2/derating_command,1789189054.6877801,1789189054.687669,2,1789189037,0,False,1.0,1.0,1.0,1.0,1.0,1.0,0.0,0.0,m2a_r1_circle_r0p7_cw_smooth_exit_0p10_derating_0p80_pilot
/agv2/derating_command,1789189054.7877173,1789189054.7876651,2,1789189037,0,False,1.0,1.0,1.0,1.0,1.0,1.0,0.0,0.0,m2a_r1_circle_r0p7_cw_smooth_exit_0p10_derating_0p80_pilot
/agv2/derating_command,1789189054.8877017,1789189054.8876238,2,1789189037,0,False,1.0,1.0,1.0,1.0,1.0,1.0,0.0,0.0,m2a_r1_circle_r0p7_cw_smooth_exit_0p10_derating_0p80_pilot
/agv2/derating_command,1789189054.9877374,1789189054.9876537,2,1789189037,0,False,1.0,1.0,1.0,1.0,1.0,1.0,0.0,0.0,m2a_r1_circle_r0p7_cw_smooth_exit_0p10_derating_0p80_pilot
/agv2/derating_command,1789189055.0877466,1789189055.087626,2,1789189038,1,True,0.8,0.8,0.7,0.7,0.7,0.7,1.0,1.0,m2a_r1_circle_r0p7_cw_smooth_exit_0p10_derating_0p80_pilot
/agv2/derating_command,1789189055.1878166,1789189055.1876588,2,1789189038,1,True,0.8,0.8,0.7,0.7,0.7,0.7,1.0,1.0,m2a_r1_circle_r0p7_cw_smooth_exit_0p10_derating_0p80_pilot
/agv2/derating_command,1789189055.337726,1789189055.3376148,2,1789189038,1,True,0.8,0.8,0.7,0.7,0.7,0.7,1.0,1.0,m2a_r1_circle_r0p7_cw_smooth_exit_0p10_derating_0p80_pilot
/agv2/derating_command,1789189055.3877358,1789189055.387624,2,1789189038,1,True,0.8,0.8,0.7,0.7,0.7,0.7,1.0,1.0,m2a_r1_circle_r0p7_cw_smooth_exit_0p10_derating_0p80_pilot
/agv2/derating_command,1789189055.4877357,1789189055.4876535,2,1789189038,1,True,0.8,0.8,0.7,0.7,0.7,0.7,1.0,1.0,m2a_r1_circle_r0p7_cw_smooth_exit_0p10_derating_0p80_pilot
/agv2/derating_command,1789189055.5878122,1789189055.5876517,2,1789189038,1,True,0.8,0.8,0.7,0.7,0.7,0.7,1.0,1.0,m2a_r1_circle_r0p7_cw_smooth_exit_0p10_derating_0p80_pilot
/agv2/derating_command,1789189055.6877048,1789189055.6876478,2,1789189038,1,True,0.8,0.8,0.7,0.7,0.7,0.7,1.0,1.0,m2a_r1_circle_r0p7_cw_smooth_exit_0p10_derating_0p80_pilot
/agv2/derating_command,1789189055.787808,1789189055.7876222,2,1789189038,1,True,0.8,0.8,0.7,0.7,0.7,0.7,1.0,1.0,m2a_r1_circle_r0p7_cw_smooth_exit_0p10_derating_0p80_pilot
/agv2/derating_command,1789189055.8877215,1789189055.8876219,2,1789189038,1,True,0.8,0.8,0.7,0.7,0.7,0.7,1.0,1.0,m2a_r1_circle_r0p7_cw_smooth_exit_0p10_derating_0p80_pilot
/agv2/derating_command,1789189055.987717,1789189055.9876554,2,1789189038,1,True,0.8,0.8,0.7,0.7,0.7,0.7,1.0,1.0,m2a_r1_circle_r0p7_cw_smooth_exit_0p10_derating_0p80_pilot
/agv2/derating_command,1789189056.087734,1789189056.087622,2,1789189038,1,True,0.8,0.8,0.7,0.7,0.7,0.7,1.0,1.0,m2a_r1_circle_r0p7_cw_smooth_exit_0p10_derating_0p80_pilot
/agv2/derating_command,1789189056.1877375,1789189056.1876523,2,1789189038,1,True,0.8,0.8,0.7,0.7,0.7,0.7,1.0,1.0,m2a_r1_circle_r0p7_cw_smooth_exit_0p10_derating_0p80_pilot
/agv2/derating_command,1789189056.2877822,1789189056.2876554,2,1789189038,1,True,0.8,0.8,0.7,0.7,0.7,0.7,1.0,1.0,m2a_r1_circle_r0p7_cw_smooth_exit_0p10_derating_0p80_pilot
/agv2/derating_command,1789189056.3877535,1789189056.3876233,2,1789189038,1,True,0.8,0.8,0.7,0.7,0.7,0.7,1.0,1.0,m2a_r1_circle_r0p7_cw_smooth_exit_0p10_derating_0p80_pilot
/agv2/derating_command,1789189056.4878635,1789189056.4876442,2,1789189038,1,True,0.8,0.8,0.7,0.7,0.7,0.7,1.0,1.0,m2a_r1_circle_r0p7_cw_smooth_exit_0p10_derating_0p80_pilot
/agv2/derating_command,1789189056.5877454,1789189056.5876184,2,1789189038,1,True,0.8,0.8,0.7,0.7,0.7,0.7,1.0,1.0,m2a_r1_circle_r0p7_cw_smooth_exit_0p10_derating_0p80_pilot
/agv2/derating_command,1789189056.6877794,1789189056.6876502,2,1789189038,1,True,0.8,0.8,0.7,0.7,0.7,0.7,1.0,1.0,m2a_r1_circle_r0p7_cw_smooth_exit_0p10_derating_0p80_pilot
/agv2/derating_command,1789189056.837781,1789189056.83765,2,1789189038,1,True,0.8,0.8,0.7,0.7,0.7,0.7,1.0,1.0,m2a_r1_circle_r0p7_cw_smooth_exit_0p10_derating_0p80_pilot
/agv2/derating_command,1789189056.9378357,1789189056.9376416,2,1789189038,1,True,0.8,0.8,0.7,0.7,0.7,0.7,1.0,1.0,m2a_r1_circle_r0p7_cw_smooth_exit_0p10_derating_0p80_pilot
/agv2/derating_command,1789189056.987696,1789189056.9876215,2,1789189038,1,True,0.8,0.8,0.7,0.7,0.7,0.7,1.0,1.0,m2a_r1_circle_r0p7_cw_smooth_exit_0p10_derating_0p80_pilot
/agv2/derating_command,1789189057.0877178,1789189057.0876162,2,1789189038,1,True,0.8,0.8,0.7,0.7,0.7,0.7,1.0,1.0,m2a_r1_circle_r0p7_cw_smooth_exit_0p10_derating_0p80_pilot
/agv2/derating_command,1789189057.2377546,1789189057.2376442,2,1789189038,1,True,0.8,0.8,0.7,0.7,0.7,0.7,1.0,1.0,m2a_r1_circle_r0p7_cw_smooth_exit_0p10_derating_0p80_pilot
/agv2/derating_command,1789189057.3377788,1789189057.3376403,2,1789189038,1,True,0.8,0.8,0.7,0.7,0.7,0.7,1.0,1.0,m2a_r1_circle_r0p7_cw_smooth_exit_0p10_derating_0p80_pilot
/agv2/derating_command,1789189057.4377594,1789189057.4376595,2,1789189038,1,True,0.8,0.8,0.7,0.7,0.7,0.7,1.0,1.0,m2a_r1_circle_r0p7_cw_smooth_exit_0p10_derating_0p80_pilot
/agv2/derating_command,1789189057.4877324,1789189057.4876618,2,1789189038,1,True,0.8,0.8,0.7,0.7,0.7,0.7,1.0,1.0,m2a_r1_circle_r0p7_cw_smooth_exit_0p10_derating_0p80_pilot
/agv2/derating_command,1789189057.5877013,1789189057.5876465,2,1789189038,1,True,0.8,0.8,0.7,0.7,0.7,0.7,1.0,1.0,m2a_r1_circle_r0p7_cw_smooth_exit_0p10_derating_0p80_pilot
/agv2/derating_command,1789189057.6877937,1789189057.6876354,2,1789189038,1,True,0.8,0.8,0.7,0.7,0.7,0.7,1.0,1.0,m2a_r1_circle_r0p7_cw_smooth_exit_0p10_derating_0p80_pilot
/agv2/derating_command,1789189057.7877426,1789189057.787648,2,1789189038,1,True,0.8,0.8,0.7,0.7,0.7,0.7,1.0,1.0,m2a_r1_circle_r0p7_cw_smooth_exit_0p10_derating_0p80_pilot
/agv2/derating_command,1789189057.887732,1789189057.887655,2,1789189038,1,True,0.8,0.8,0.7,0.7,0.7,0.7,1.0,1.0,m2a_r1_circle_r0p7_cw_smooth_exit_0p10_derating_0p80_pilot
/agv2/derating_command,1789189057.9878335,1789189057.9876537,2,1789189038,1,True,0.8,0.8,0.7,0.7,0.7,0.7,1.0,1.0,m2a_r1_circle_r0p7_cw_smooth_exit_0p10_derating_0p80_pilot
/agv2/derating_command,1789189058.13778,1789189058.1376462,2,1789189038,1,True,0.8,0.8,0.7,0.7,0.7,0.7,1.0,1.0,m2a_r1_circle_r0p7_cw_smooth_exit_0p10_derating_0p80_pilot
/agv2/derating_command,1789189058.1876795,1789189058.1876204,2,1789189038,1,True,0.8,0.8,0.7,0.7,0.7,0.7,1.0,1.0,m2a_r1_circle_r0p7_cw_smooth_exit_0p10_derating_0p80_pilot
/agv2/derating_command,1789189058.2877245,1789189058.2876287,2,1789189038,1,True,0.8,0.8,0.7,0.7,0.7,0.7,1.0,1.0,m2a_r1_circle_r0p7_cw_smooth_exit_0p10_derating_0p80_pilot
/agv2/derating_command,1789189058.3877916,1789189058.387655,2,1789189038,1,True,0.8,0.8,0.7,0.7,0.7,0.7,1.0,1.0,m2a_r1_circle_r0p7_cw_smooth_exit_0p10_derating_0p80_pilot
/agv2/derating_command,1789189058.4877548,1789189058.4876475,2,1789189038,1,True,0.8,0.8,0.7,0.7,0.7,0.7,1.0,1.0,m2a_r1_circle_r0p7_cw_smooth_exit_0p10_derating_0p80_pilot
/agv2/derating_command,1789189058.5877774,1789189058.5876553,2,1789189038,1,True,0.8,0.8,0.7,0.7,0.7,0.7,1.0,1.0,m2a_r1_circle_r0p7_cw_smooth_exit_0p10_derating_0p80_pilot
/agv2/derating_command,1789189058.6877472,1789189058.6876493,2,1789189038,1,True,0.8,0.8,0.7,0.7,0.7,0.7,1.0,1.0,m2a_r1_circle_r0p7_cw_smooth_exit_0p10_derating_0p80_pilot
/agv2/derating_command,1789189058.7877576,1789189058.7876542,2,1789189038,1,True,0.8,0.8,0.7,0.7,0.7,0.7,1.0,1.0,m2a_r1_circle_r0p7_cw_smooth_exit_0p10_derating_0p80_pilot
/agv2/derating_command,1789189058.8877764,1789189058.8876579,2,1789189038,1,True,0.8,0.8,0.7,0.7,0.7,0.7,1.0,1.0,m2a_r1_circle_r0p7_cw_smooth_exit_0p10_derating_0p80_pilot
/agv2/derating_command,1789189058.9877784,1789189058.9876485,2,1789189038,1,True,0.8,0.8,0.7,0.7,0.7,0.7,1.0,1.0,m2a_r1_circle_r0p7_cw_smooth_exit_0p10_derating_0p80_pilot
/agv2/derating_command,1789189059.0877864,1789189059.0876486,2,1789189038,1,True,0.8,0.8,0.7,0.7,0.7,0.7,1.0,1.0,m2a_r1_circle_r0p7_cw_smooth_exit_0p10_derating_0p80_pilot
/agv2/derating_command,1789189059.1878407,1789189059.1876562,2,1789189038,1,True,0.8,0.8,0.7,0.7,0.7,0.7,1.0,1.0,m2a_r1_circle_r0p7_cw_smooth_exit_0p10_derating_0p80_pilot
/agv2/derating_command,1789189059.2878263,1789189059.2877278,2,1789189038,1,True,0.8,0.8,0.7,0.7,0.7,0.7,1.0,1.0,m2a_r1_circle_r0p7_cw_smooth_exit_0p10_derating_0p80_pilot
/agv2/derating_command,1789189059.387827,1789189059.387649,2,1789189038,1,True,0.8,0.8,0.7,0.7,0.7,0.7,1.0,1.0,m2a_r1_circle_r0p7_cw_smooth_exit_0p10_derating_0p80_pilot
/agv2/derating_command,1789189059.487778,1789189059.487668,2,1789189038,1,True,0.8,0.8,0.7,0.7,0.7,0.7,1.0,1.0,m2a_r1_circle_r0p7_cw_smooth_exit_0p10_derating_0p80_pilot
/agv2/derating_command,1789189059.587809,1789189059.587625,2,1789189038,1,True,0.8,0.8,0.7,0.7,0.7,0.7,1.0,1.0,m2a_r1_circle_r0p7_cw_smooth_exit_0p10_derating_0p80_pilot
/agv2/derating_command,1789189059.6877756,1789189059.687627,2,1789189038,1,True,0.8,0.8,0.7,0.7,0.7,0.7,1.0,1.0,m2a_r1_circle_r0p7_cw_smooth_exit_0p10_derating_0p80_pilot
/agv2/derating_command,1789189059.7877529,1789189059.7876625,2,1789189038,1,True,0.8,0.8,0.7,0.7,0.7,0.7,1.0,1.0,m2a_r1_circle_r0p7_cw_smooth_exit_0p10_derating_0p80_pilot
/agv2/derating_command,1789189059.8877566,1789189059.8876593,2,1789189038,1,True,0.8,0.8,0.7,0.7,0.7,0.7,1.0,1.0,m2a_r1_circle_r0p7_cw_smooth_exit_0p10_derating_0p80_pilot
/agv2/derating_command,1789189059.98772,1789189059.987624,2,1789189038,1,True,0.8,0.8,0.7,0.7,0.7,0.7,1.0,1.0,m2a_r1_circle_r0p7_cw_smooth_exit_0p10_derating_0p80_pilot
/agv2/derating_command,1789189060.0877712,1789189060.0876546,2,1789189038,1,True,0.8,0.8,0.7,0.7,0.7,0.7,1.0,1.0,m2a_r1_circle_r0p7_cw_smooth_exit_0p10_derating_0p80_pilot
/agv2/derating_command,1789189060.1878421,1789189060.187724,2,1789189038,1,True,0.8,0.8,0.7,0.7,0.7,0.7,1.0,1.0,m2a_r1_circle_r0p7_cw_smooth_exit_0p10_derating_0p80_pilot
/agv2/derating_command,1789189060.2877696,1789189060.2876525,2,1789189038,1,True,0.8,0.8,0.7,0.7,0.7,0.7,1.0,1.0,m2a_r1_circle_r0p7_cw_smooth_exit_0p10_derating_0p80_pilot
/agv2/derating_command,1789189060.3877907,1789189060.3876503,2,1789189038,1,True,0.8,0.8,0.7,0.7,0.7,0.7,1.0,1.0,m2a_r1_circle_r0p7_cw_smooth_exit_0p10_derating_0p80_pilot
/agv2/derating_command,1789189060.4877906,1789189060.487653,2,1789189038,1,True,0.8,0.8,0.7,0.7,0.7,0.7,1.0,1.0,m2a_r1_circle_r0p7_cw_smooth_exit_0p10_derating_0p80_pilot
/agv2/derating_command,1789189060.6377606,1789189060.6376448,2,1789189038,1,True,0.8,0.8,0.7,0.7,0.7,0.7,1.0,1.0,m2a_r1_circle_r0p7_cw_smooth_exit_0p10_derating_0p80_pilot
/agv2/derating_command,1789189060.68768,1789189060.6876218,2,1789189038,1,True,0.8,0.8,0.7,0.7,0.7,0.7,1.0,1.0,m2a_r1_circle_r0p7_cw_smooth_exit_0p10_derating_0p80_pilot
/agv2/derating_command,1789189060.7877126,1789189060.787656,2,1789189038,1,True,0.8,0.8,0.7,0.7,0.7,0.7,1.0,1.0,m2a_r1_circle_r0p7_cw_smooth_exit_0p10_derating_0p80_pilot
/agv2/derating_command,1789189060.8877432,1789189060.8876212,2,1789189038,1,True,0.8,0.8,0.7,0.7,0.7,0.7,1.0,1.0,m2a_r1_circle_r0p7_cw_smooth_exit_0p10_derating_0p80_pilot
/agv2/derating_command,1789189060.9877877,1789189060.987663,2,1789189038,1,True,0.8,0.8,0.7,0.7,0.7,0.7,1.0,1.0,m2a_r1_circle_r0p7_cw_smooth_exit_0p10_derating_0p80_pilot
/agv2/derating_command,1789189061.08773,1789189061.087672,2,1789189038,1,True,0.8,0.8,0.7,0.7,0.7,0.7,1.0,1.0,m2a_r1_circle_r0p7_cw_smooth_exit_0p10_derating_0p80_pilot
/agv2/derating_command,1789189061.1877878,1789189061.187658,2,1789189038,1,True,0.8,0.8,0.7,0.7,0.7,0.7,1.0,1.0,m2a_r1_circle_r0p7_cw_smooth_exit_0p10_derating_0p80_pilot
/agv2/derating_command,1789189061.2877495,1789189061.2876222,2,1789189038,1,True,0.8,0.8,0.7,0.7,0.7,0.7,1.0,1.0,m2a_r1_circle_r0p7_cw_smooth_exit_0p10_derating_0p80_pilot
/agv2/derating_command,1789189061.387762,1789189061.387668,2,1789189038,1,True,0.8,0.8,0.7,0.7,0.7,0.7,1.0,1.0,m2a_r1_circle_r0p7_cw_smooth_exit_0p10_derating_0p80_pilot
/agv2/derating_command,1789189061.4877954,1789189061.4876704,2,1789189038,1,True,0.8,0.8,0.7,0.7,0.7,0.7,1.0,1.0,m2a_r1_circle_r0p7_cw_smooth_exit_0p10_derating_0p80_pilot
/agv2/derating_command,1789189061.5877671,1789189061.5876775,2,1789189038,1,True,0.8,0.8,0.7,0.7,0.7,0.7,1.0,1.0,m2a_r1_circle_r0p7_cw_smooth_exit_0p10_derating_0p80_pilot
/agv2/derating_command,1789189061.6877923,1789189061.687659,2,1789189038,1,True,0.8,0.8,0.7,0.7,0.7,0.7,1.0,1.0,m2a_r1_circle_r0p7_cw_smooth_exit_0p10_derating_0p80_pilot
/agv2/derating_command,1789189061.7877164,1789189061.7876196,2,1789189038,1,True,0.8,0.8,0.7,0.7,0.7,0.7,1.0,1.0,m2a_r1_circle_r0p7_cw_smooth_exit_0p10_derating_0p80_pilot
/agv2/derating_command,1789189061.8876762,1789189061.8876169,2,1789189038,1,True,0.8,0.8,0.7,0.7,0.7,0.7,1.0,1.0,m2a_r1_circle_r0p7_cw_smooth_exit_0p10_derating_0p80_pilot
/agv2/derating_command,1789189061.9878073,1789189061.98774,2,1789189038,1,True,0.8,0.8,0.7,0.7,0.7,0.7,1.0,1.0,m2a_r1_circle_r0p7_cw_smooth_exit_0p10_derating_0p80_pilot
/agv2/derating_command,1789189062.0877876,1789189062.087653,2,1789189038,1,True,0.8,0.8,0.7,0.7,0.7,0.7,1.0,1.0,m2a_r1_circle_r0p7_cw_smooth_exit_0p10_derating_0p80_pilot
/agv2/derating_command,1789189062.1877642,1789189062.1876233,2,1789189038,1,True,0.8,0.8,0.7,0.7,0.7,0.7,1.0,1.0,m2a_r1_circle_r0p7_cw_smooth_exit_0p10_derating_0p80_pilot
/agv2/derating_command,1789189062.337742,1789189062.3376598,2,1789189038,1,True,0.8,0.8,0.7,0.7,0.7,0.7,1.0,1.0,m2a_r1_circle_r0p7_cw_smooth_exit_0p10_derating_0p80_pilot
/agv2/derating_command,1789189062.3877835,1789189062.3876514,2,1789189038,1,True,0.8,0.8,0.7,0.7,0.7,0.7,1.0,1.0,m2a_r1_circle_r0p7_cw_smooth_exit_0p10_derating_0p80_pilot
/agv2/derating_command,1789189062.4877868,1789189062.48766,2,1789189038,1,True,0.8,0.8,0.7,0.7,0.7,0.7,1.0,1.0,m2a_r1_circle_r0p7_cw_smooth_exit_0p10_derating_0p80_pilot
/agv2/derating_command,1789189062.5877383,1789189062.5876455,2,1789189038,1,True,0.8,0.8,0.7,0.7,0.7,0.7,1.0,1.0,m2a_r1_circle_r0p7_cw_smooth_exit_0p10_derating_0p80_pilot
/agv2/derating_command,1789189062.6877623,1789189062.6876216,2,1789189038,1,True,0.8,0.8,0.7,0.7,0.7,0.7,1.0,1.0,m2a_r1_circle_r0p7_cw_smooth_exit_0p10_derating_0p80_pilot
/agv2/derating_command,1789189062.7877483,1789189062.7876518,2,1789189038,1,True,0.8,0.8,0.7,0.7,0.7,0.7,1.0,1.0,m2a_r1_circle_r0p7_cw_smooth_exit_0p10_derating_0p80_pilot
/agv2/derating_command,1789189062.8877628,1789189062.8876607,2,1789189038,1,True,0.8,0.8,0.7,0.7,0.7,0.7,1.0,1.0,m2a_r1_circle_r0p7_cw_smooth_exit_0p10_derating_0p80_pilot
/agv2/derating_command,1789189063.0377328,1789189063.0376153,2,1789189038,1,True,0.8,0.8,0.7,0.7,0.7,0.7,1.0,1.0,m2a_r1_circle_r0p7_cw_smooth_exit_0p10_derating_0p80_pilot
/agv2/derating_command,1789189063.0877895,1789189063.087662,2,1789189038,1,True,0.8,0.8,0.7,0.7,0.7,0.7,1.0,1.0,m2a_r1_circle_r0p7_cw_smooth_exit_0p10_derating_0p80_pilot
/agv2/derating_command,1789189063.1878748,1789189063.1876645,2,1789189038,1,True,0.8,0.8,0.7,0.7,0.7,0.7,1.0,1.0,m2a_r1_circle_r0p7_cw_smooth_exit_0p10_derating_0p80_pilot
/agv2/derating_command,1789189063.2877214,1789189063.287626,2,1789189038,1,True,0.8,0.8,0.7,0.7,0.7,0.7,1.0,1.0,m2a_r1_circle_r0p7_cw_smooth_exit_0p10_derating_0p80_pilot
/agv2/derating_command,1789189063.3877265,1789189063.387629,2,1789189038,1,True,0.8,0.8,0.7,0.7,0.7,0.7,1.0,1.0,m2a_r1_circle_r0p7_cw_smooth_exit_0p10_derating_0p80_pilot
/agv2/derating_command,1789189063.487695,1789189063.4876218,2,1789189038,1,True,0.8,0.8,0.7,0.7,0.7,0.7,1.0,1.0,m2a_r1_circle_r0p7_cw_smooth_exit_0p10_derating_0p80_pilot
/agv2/derating_command,1789189063.5878165,1789189063.5876708,2,1789189038,1,True,0.8,0.8,0.7,0.7,0.7,0.7,1.0,1.0,m2a_r1_circle_r0p7_cw_smooth_exit_0p10_derating_0p80_pilot
/agv2/derating_command,1789189063.6877546,1789189063.6876497,2,1789189038,1,True,0.8,0.8,0.7,0.7,0.7,0.7,1.0,1.0,m2a_r1_circle_r0p7_cw_smooth_exit_0p10_derating_0p80_pilot
/agv2/derating_command,1789189063.787745,1789189063.7876644,2,1789189038,1,True,0.8,0.8,0.7,0.7,0.7,0.7,1.0,1.0,m2a_r1_circle_r0p7_cw_smooth_exit_0p10_derating_0p80_pilot
/agv2/derating_command,1789189063.887751,1789189063.8876536,2,1789189038,1,True,0.8,0.8,0.7,0.7,0.7,0.7,1.0,1.0,m2a_r1_circle_r0p7_cw_smooth_exit_0p10_derating_0p80_pilot
/agv2/derating_command,1789189063.9878073,1789189063.9876723,2,1789189038,1,True,0.8,0.8,0.7,0.7,0.7,0.7,1.0,1.0,m2a_r1_circle_r0p7_cw_smooth_exit_0p10_derating_0p80_pilot
/agv2/derating_command,1789189064.0877168,1789189064.0876215,2,1789189038,1,True,0.8,0.8,0.7,0.7,0.7,0.7,1.0,1.0,m2a_r1_circle_r0p7_cw_smooth_exit_0p10_derating_0p80_pilot
/agv2/derating_command,1789189064.187785,1789189064.1876574,2,1789189038,1,True,0.8,0.8,0.7,0.7,0.7,0.7,1.0,1.0,m2a_r1_circle_r0p7_cw_smooth_exit_0p10_derating_0p80_pilot
/agv2/derating_command,1789189064.287743,1789189064.2876222,2,1789189038,1,True,0.8,0.8,0.7,0.7,0.7,0.7,1.0,1.0,m2a_r1_circle_r0p7_cw_smooth_exit_0p10_derating_0p80_pilot
/agv2/derating_command,1789189064.3877277,1789189064.3876219,2,1789189038,1,True,0.8,0.8,0.7,0.7,0.7,0.7,1.0,1.0,m2a_r1_circle_r0p7_cw_smooth_exit_0p10_derating_0p80_pilot
/agv2/derating_command,1789189064.4877222,1789189064.4876213,2,1789189038,1,True,0.8,0.8,0.7,0.7,0.7,0.7,1.0,1.0,m2a_r1_circle_r0p7_cw_smooth_exit_0p10_derating_0p80_pilot
/agv2/derating_command,1789189064.5877612,1789189064.5876553,2,1789189038,1,True,0.8,0.8,0.7,0.7,0.7,0.7,1.0,1.0,m2a_r1_circle_r0p7_cw_smooth_exit_0p10_derating_0p80_pilot
/agv2/derating_command,1789189064.6877408,1789189064.6876564,2,1789189038,1,True,0.8,0.8,0.7,0.7,0.7,0.7,1.0,1.0,m2a_r1_circle_r0p7_cw_smooth_exit_0p10_derating_0p80_pilot
/agv2/derating_command,1789189064.787768,1789189064.7876537,2,1789189038,1,True,0.8,0.8,0.7,0.7,0.7,0.7,1.0,1.0,m2a_r1_circle_r0p7_cw_smooth_exit_0p10_derating_0p80_pilot
/agv2/derating_command,1789189064.8877265,1789189064.887622,2,1789189038,1,True,0.8,0.8,0.7,0.7,0.7,0.7,1.0,1.0,m2a_r1_circle_r0p7_cw_smooth_exit_0p10_derating_0p80_pilot
/agv2/derating_command,1789189064.9878123,1789189064.9876215,2,1789189038,1,True,0.8,0.8,0.7,0.7,0.7,0.7,1.0,1.0,m2a_r1_circle_r0p7_cw_smooth_exit_0p10_derating_0p80_pilot
/agv2/derating_command,1789189065.1377544,1789189065.1376452,2,1789189038,1,True,0.8,0.8,0.7,0.7,0.7,0.7,1.0,1.0,m2a_r1_circle_r0p7_cw_smooth_exit_0p10_derating_0p80_pilot
/agv2/derating_command,1789189065.1877477,1789189065.1876218,2,1789189038,1,True,0.8,0.8,0.7,0.7,0.7,0.7,1.0,1.0,m2a_r1_circle_r0p7_cw_smooth_exit_0p10_derating_0p80_pilot
/agv2/derating_command,1789189065.2877467,1789189065.2876594,2,1789189038,1,True,0.8,0.8,0.7,0.7,0.7,0.7,1.0,1.0,m2a_r1_circle_r0p7_cw_smooth_exit_0p10_derating_0p80_pilot
/agv2/derating_command,1789189065.3878293,1789189065.3876567,2,1789189038,1,True,0.8,0.8,0.7,0.7,0.7,0.7,1.0,1.0,m2a_r1_circle_r0p7_cw_smooth_exit_0p10_derating_0p80_pilot
/agv2/derating_command,1789189065.4877932,1789189065.4876652,2,1789189038,1,True,0.8,0.8,0.7,0.7,0.7,0.7,1.0,1.0,m2a_r1_circle_r0p7_cw_smooth_exit_0p10_derating_0p80_pilot
/agv2/derating_command,1789189065.6377082,1789189065.6376164,2,1789189038,1,True,0.8,0.8,0.7,0.7,0.7,0.7,1.0,1.0,m2a_r1_circle_r0p7_cw_smooth_exit_0p10_derating_0p80_pilot
/agv2/derating_command,1789189065.6877956,1789189065.6876216,2,1789189038,1,True,0.8,0.8,0.7,0.7,0.7,0.7,1.0,1.0,m2a_r1_circle_r0p7_cw_smooth_exit_0p10_derating_0p80_pilot
/agv2/derating_command,1789189065.787828,1789189065.787621,2,1789189038,1,True,0.8,0.8,0.7,0.7,0.7,0.7,1.0,1.0,m2a_r1_circle_r0p7_cw_smooth_exit_0p10_derating_0p80_pilot
/agv2/derating_command,1789189065.8876922,1789189065.8876238,2,1789189038,1,True,0.8,0.8,0.7,0.7,0.7,0.7,1.0,1.0,m2a_r1_circle_r0p7_cw_smooth_exit_0p10_derating_0p80_pilot
/agv2/derating_command,1789189065.987801,1789189065.9876509,2,1789189038,1,True,0.8,0.8,0.7,0.7,0.7,0.7,1.0,1.0,m2a_r1_circle_r0p7_cw_smooth_exit_0p10_derating_0p80_pilot
/agv2/derating_command,1789189066.0877378,1789189066.087618,2,1789189038,1,True,0.8,0.8,0.7,0.7,0.7,0.7,1.0,1.0,m2a_r1_circle_r0p7_cw_smooth_exit_0p10_derating_0p80_pilot
/agv2/derating_command,1789189066.1877618,1789189066.1876166,2,1789189038,1,True,0.8,0.8,0.7,0.7,0.7,0.7,1.0,1.0,m2a_r1_circle_r0p7_cw_smooth_exit_0p10_derating_0p80_pilot
/agv2/derating_command,1789189066.2877884,1789189066.2876475,2,1789189038,1,True,0.8,0.8,0.7,0.7,0.7,0.7,1.0,1.0,m2a_r1_circle_r0p7_cw_smooth_exit_0p10_derating_0p80_pilot
/agv2/derating_command,1789189066.387746,1789189066.387657,2,1789189038,1,True,0.8,0.8,0.7,0.7,0.7,0.7,1.0,1.0,m2a_r1_circle_r0p7_cw_smooth_exit_0p10_derating_0p80_pilot
/agv2/derating_command,1789189066.487682,1789189066.4876206,2,1789189038,1,True,0.8,0.8,0.7,0.7,0.7,0.7,1.0,1.0,m2a_r1_circle_r0p7_cw_smooth_exit_0p10_derating_0p80_pilot
/agv2/derating_command,1789189066.5877285,1789189066.587627,2,1789189038,1,True,0.8,0.8,0.7,0.7,0.7,0.7,1.0,1.0,m2a_r1_circle_r0p7_cw_smooth_exit_0p10_derating_0p80_pilot
/agv2/derating_command,1789189066.6878552,1789189066.687662,2,1789189038,1,True,0.8,0.8,0.7,0.7,0.7,0.7,1.0,1.0,m2a_r1_circle_r0p7_cw_smooth_exit_0p10_derating_0p80_pilot
/agv2/derating_command,1789189066.7877228,1789189066.7876668,2,1789189038,1,True,0.8,0.8,0.7,0.7,0.7,0.7,1.0,1.0,m2a_r1_circle_r0p7_cw_smooth_exit_0p10_derating_0p80_pilot
/agv2/derating_command,1789189066.8876903,1789189066.8876219,2,1789189038,1,True,0.8,0.8,0.7,0.7,0.7,0.7,1.0,1.0,m2a_r1_circle_r0p7_cw_smooth_exit_0p10_derating_0p80_pilot
/agv2/derating_command,1789189066.9877284,1789189066.9876237,2,1789189038,1,True,0.8,0.8,0.7,0.7,0.7,0.7,1.0,1.0,m2a_r1_circle_r0p7_cw_smooth_exit_0p10_derating_0p80_pilot
/agv2/derating_command,1789189067.0876758,1789189067.087622,2,1789189038,1,True,0.8,0.8,0.7,0.7,0.7,0.7,1.0,1.0,m2a_r1_circle_r0p7_cw_smooth_exit_0p10_derating_0p80_pilot
/agv2/derating_command,1789189067.1878202,1789189067.1876223,2,1789189038,1,True,0.8,0.8,0.7,0.7,0.7,0.7,1.0,1.0,m2a_r1_circle_r0p7_cw_smooth_exit_0p10_derating_0p80_pilot
/agv2/derating_command,1789189067.2877154,1789189067.2876205,2,1789189038,1,True,0.8,0.8,0.7,0.7,0.7,0.7,1.0,1.0,m2a_r1_circle_r0p7_cw_smooth_exit_0p10_derating_0p80_pilot
/agv2/derating_command,1789189067.387718,1789189067.3876357,2,1789189038,1,True,0.8,0.8,0.7,0.7,0.7,0.7,1.0,1.0,m2a_r1_circle_r0p7_cw_smooth_exit_0p10_derating_0p80_pilot
/agv2/derating_command,1789189067.4876962,1789189067.4876254,2,1789189038,1,True,0.8,0.8,0.7,0.7,0.7,0.7,1.0,1.0,m2a_r1_circle_r0p7_cw_smooth_exit_0p10_derating_0p80_pilot
/agv2/derating_command,1789189067.587759,1789189067.5876405,2,1789189038,1,True,0.8,0.8,0.7,0.7,0.7,0.7,1.0,1.0,m2a_r1_circle_r0p7_cw_smooth_exit_0p10_derating_0p80_pilot
/agv2/derating_command,1789189067.6877258,1789189067.6876602,2,1789189038,1,True,0.8,0.8,0.7,0.7,0.7,0.7,1.0,1.0,m2a_r1_circle_r0p7_cw_smooth_exit_0p10_derating_0p80_pilot
/agv2/derating_command,1789189067.787791,1789189067.787655,2,1789189038,1,True,0.8,0.8,0.7,0.7,0.7,0.7,1.0,1.0,m2a_r1_circle_r0p7_cw_smooth_exit_0p10_derating_0p80_pilot
/agv2/derating_command,1789189067.8878036,1789189067.8876567,2,1789189038,1,True,0.8,0.8,0.7,0.7,0.7,0.7,1.0,1.0,m2a_r1_circle_r0p7_cw_smooth_exit_0p10_derating_0p80_pilot
/agv2/derating_command,1789189067.9877687,1789189067.987672,2,1789189038,1,True,0.8,0.8,0.7,0.7,0.7,0.7,1.0,1.0,m2a_r1_circle_r0p7_cw_smooth_exit_0p10_derating_0p80_pilot
/agv2/derating_command,1789189068.087723,1789189068.0876222,2,1789189038,1,True,0.8,0.8,0.7,0.7,0.7,0.7,1.0,1.0,m2a_r1_circle_r0p7_cw_smooth_exit_0p10_derating_0p80_pilot
/agv2/derating_command,1789189068.1876774,1789189068.1876216,2,1789189038,1,True,0.8,0.8,0.7,0.7,0.7,0.7,1.0,1.0,m2a_r1_circle_r0p7_cw_smooth_exit_0p10_derating_0p80_pilot
/agv2/derating_command,1789189068.2877443,1789189068.2876465,2,1789189038,1,True,0.8,0.8,0.7,0.7,0.7,0.7,1.0,1.0,m2a_r1_circle_r0p7_cw_smooth_exit_0p10_derating_0p80_pilot
/agv2/derating_command,1789189068.387802,1789189068.3876228,2,1789189038,1,True,0.8,0.8,0.7,0.7,0.7,0.7,1.0,1.0,m2a_r1_circle_r0p7_cw_smooth_exit_0p10_derating_0p80_pilot
/agv2/derating_command,1789189068.487707,1789189068.487622,2,1789189038,1,True,0.8,0.8,0.7,0.7,0.7,0.7,1.0,1.0,m2a_r1_circle_r0p7_cw_smooth_exit_0p10_derating_0p80_pilot
/agv2/derating_command,1789189068.5878522,1789189068.587731,2,1789189038,1,True,0.8,0.8,0.7,0.7,0.7,0.7,1.0,1.0,m2a_r1_circle_r0p7_cw_smooth_exit_0p10_derating_0p80_pilot
/agv2/derating_command,1789189068.687678,1789189068.6876206,2,1789189038,1,True,0.8,0.8,0.7,0.7,0.7,0.7,1.0,1.0,m2a_r1_circle_r0p7_cw_smooth_exit_0p10_derating_0p80_pilot
/agv2/derating_command,1789189068.7877438,1789189068.7876656,2,1789189038,1,True,0.8,0.8,0.7,0.7,0.7,0.7,1.0,1.0,m2a_r1_circle_r0p7_cw_smooth_exit_0p10_derating_0p80_pilot
/agv2/derating_command,1789189068.887676,1789189068.8876169,2,1789189038,1,True,0.8,0.8,0.7,0.7,0.7,0.7,1.0,1.0,m2a_r1_circle_r0p7_cw_smooth_exit_0p10_derating_0p80_pilot
/agv2/derating_command,1789189068.987663,1789189068.987616,2,1789189038,1,True,0.8,0.8,0.7,0.7,0.7,0.7,1.0,1.0,m2a_r1_circle_r0p7_cw_smooth_exit_0p10_derating_0p80_pilot
/agv2/derating_command,1789189069.0877812,1789189069.0876162,2,1789189038,1,True,0.8,0.8,0.7,0.7,0.7,0.7,1.0,1.0,m2a_r1_circle_r0p7_cw_smooth_exit_0p10_derating_0p80_pilot
/agv2/derating_command,1789189069.187716,1789189069.187621,2,1789189038,1,True,0.8,0.8,0.7,0.7,0.7,0.7,1.0,1.0,m2a_r1_circle_r0p7_cw_smooth_exit_0p10_derating_0p80_pilot
/agv2/derating_command,1789189069.287764,1789189069.2876537,2,1789189038,1,True,0.8,0.8,0.7,0.7,0.7,0.7,1.0,1.0,m2a_r1_circle_r0p7_cw_smooth_exit_0p10_derating_0p80_pilot
/agv2/derating_command,1789189069.387722,1789189069.3876574,2,1789189038,1,True,0.8,0.8,0.7,0.7,0.7,0.7,1.0,1.0,m2a_r1_circle_r0p7_cw_smooth_exit_0p10_derating_0p80_pilot
/agv2/derating_command,1789189069.5377755,1789189069.5376728,2,1789189038,1,True,0.8,0.8,0.7,0.7,0.7,0.7,1.0,1.0,m2a_r1_circle_r0p7_cw_smooth_exit_0p10_derating_0p80_pilot
/agv2/derating_command,1789189069.587825,1789189069.5876744,2,1789189038,1,True,0.8,0.8,0.7,0.7,0.7,0.7,1.0,1.0,m2a_r1_circle_r0p7_cw_smooth_exit_0p10_derating_0p80_pilot
/agv2/derating_command,1789189069.6876943,1789189069.6876223,2,1789189038,1,True,0.8,0.8,0.7,0.7,0.7,0.7,1.0,1.0,m2a_r1_circle_r0p7_cw_smooth_exit_0p10_derating_0p80_pilot
/agv2/derating_command,1789189069.787809,1789189069.7876508,2,1789189038,1,True,0.8,0.8,0.7,0.7,0.7,0.7,1.0,1.0,m2a_r1_circle_r0p7_cw_smooth_exit_0p10_derating_0p80_pilot
/agv2/derating_command,1789189069.8877065,1789189069.8876255,2,1789189038,1,True,0.8,0.8,0.7,0.7,0.7,0.7,1.0,1.0,m2a_r1_circle_r0p7_cw_smooth_exit_0p10_derating_0p80_pilot
/agv2/derating_command,1789189069.9877114,1789189069.9876213,2,1789189038,1,True,0.8,0.8,0.7,0.7,0.7,0.7,1.0,1.0,m2a_r1_circle_r0p7_cw_smooth_exit_0p10_derating_0p80_pilot
/agv2/derating_command,1789189070.0877447,1789189070.0876722,2,1789189038,1,True,0.8,0.8,0.7,0.7,0.7,0.7,1.0,1.0,m2a_r1_circle_r0p7_cw_smooth_exit_0p10_derating_0p80_pilot
/agv2/derating_command,1789189070.1876898,1789189070.187646,2,1789189038,1,True,0.8,0.8,0.7,0.7,0.7,0.7,1.0,1.0,m2a_r1_circle_r0p7_cw_smooth_exit_0p10_derating_0p80_pilot
/agv2/derating_command,1789189070.2877965,1789189070.2876234,2,1789189038,1,True,0.8,0.8,0.7,0.7,0.7,0.7,1.0,1.0,m2a_r1_circle_r0p7_cw_smooth_exit_0p10_derating_0p80_pilot
/agv2/derating_command,1789189070.3876727,1789189070.3876216,2,1789189038,1,True,0.8,0.8,0.7,0.7,0.7,0.7,1.0,1.0,m2a_r1_circle_r0p7_cw_smooth_exit_0p10_derating_0p80_pilot
/agv2/derating_command,1789189070.4877124,1789189070.4876199,2,1789189038,1,True,0.8,0.8,0.7,0.7,0.7,0.7,1.0,1.0,m2a_r1_circle_r0p7_cw_smooth_exit_0p10_derating_0p80_pilot
/agv2/derating_command,1789189070.5877225,1789189070.5876234,2,1789189038,1,True,0.8,0.8,0.7,0.7,0.7,0.7,1.0,1.0,m2a_r1_circle_r0p7_cw_smooth_exit_0p10_derating_0p80_pilot
/agv2/derating_command,1789189070.6877043,1789189070.687619,2,1789189038,1,True,0.8,0.8,0.7,0.7,0.7,0.7,1.0,1.0,m2a_r1_circle_r0p7_cw_smooth_exit_0p10_derating_0p80_pilot
/agv2/derating_command,1789189070.7876818,1789189070.787623,2,1789189038,1,True,0.8,0.8,0.7,0.7,0.7,0.7,1.0,1.0,m2a_r1_circle_r0p7_cw_smooth_exit_0p10_derating_0p80_pilot
/agv2/derating_command,1789189070.887703,1789189070.8876386,2,1789189038,1,True,0.8,0.8,0.7,0.7,0.7,0.7,1.0,1.0,m2a_r1_circle_r0p7_cw_smooth_exit_0p10_derating_0p80_pilot
/agv2/derating_command,1789189070.9878855,1789189070.9877062,2,1789189038,1,True,0.8,0.8,0.7,0.7,0.7,0.7,1.0,1.0,m2a_r1_circle_r0p7_cw_smooth_exit_0p10_derating_0p80_pilot
/agv2/derating_command,1789189071.0877802,1789189071.0876558,2,1789189038,1,True,0.8,0.8,0.7,0.7,0.7,0.7,1.0,1.0,m2a_r1_circle_r0p7_cw_smooth_exit_0p10_derating_0p80_pilot
/agv2/derating_command,1789189071.1878328,1789189071.187718,2,1789189038,1,True,0.8,0.8,0.7,0.7,0.7,0.7,1.0,1.0,m2a_r1_circle_r0p7_cw_smooth_exit_0p10_derating_0p80_pilot
/agv2/derating_command,1789189071.2877612,1789189071.2876868,2,1789189038,1,True,0.8,0.8,0.7,0.7,0.7,0.7,1.0,1.0,m2a_r1_circle_r0p7_cw_smooth_exit_0p10_derating_0p80_pilot
/agv2/derating_command,1789189071.4377286,1789189071.4376392,2,1789189038,1,True,0.8,0.8,0.7,0.7,0.7,0.7,1.0,1.0,m2a_r1_circle_r0p7_cw_smooth_exit_0p10_derating_0p80_pilot
/agv2/derating_command,1789189071.4877174,1789189071.4876158,2,1789189038,1,True,0.8,0.8,0.7,0.7,0.7,0.7,1.0,1.0,m2a_r1_circle_r0p7_cw_smooth_exit_0p10_derating_0p80_pilot
/agv2/derating_command,1789189071.587775,1789189071.58762,2,1789189038,1,True,0.8,0.8,0.7,0.7,0.7,0.7,1.0,1.0,m2a_r1_circle_r0p7_cw_smooth_exit_0p10_derating_0p80_pilot
/agv2/derating_command,1789189071.6877139,1789189071.6876194,2,1789189038,1,True,0.8,0.8,0.7,0.7,0.7,0.7,1.0,1.0,m2a_r1_circle_r0p7_cw_smooth_exit_0p10_derating_0p80_pilot
/agv2/derating_command,1789189071.787685,1789189071.7876248,2,1789189038,1,True,0.8,0.8,0.7,0.7,0.7,0.7,1.0,1.0,m2a_r1_circle_r0p7_cw_smooth_exit_0p10_derating_0p80_pilot
/agv2/derating_command,1789189071.8877568,1789189071.8876257,2,1789189038,1,True,0.8,0.8,0.7,0.7,0.7,0.7,1.0,1.0,m2a_r1_circle_r0p7_cw_smooth_exit_0p10_derating_0p80_pilot
/agv2/derating_command,1789189071.9877205,1789189071.9876277,2,1789189038,1,True,0.8,0.8,0.7,0.7,0.7,0.7,1.0,1.0,m2a_r1_circle_r0p7_cw_smooth_exit_0p10_derating_0p80_pilot
/agv2/derating_command,1789189072.0876758,1789189072.087621,2,1789189038,1,True,0.8,0.8,0.7,0.7,0.7,0.7,1.0,1.0,m2a_r1_circle_r0p7_cw_smooth_exit_0p10_derating_0p80_pilot
/agv2/derating_command,1789189072.1877,1789189072.1876523,2,1789189038,1,True,0.8,0.8,0.7,0.7,0.7,0.7,1.0,1.0,m2a_r1_circle_r0p7_cw_smooth_exit_0p10_derating_0p80_pilot
/agv2/derating_command,1789189072.287814,1789189072.287661,2,1789189038,1,True,0.8,0.8,0.7,0.7,0.7,0.7,1.0,1.0,m2a_r1_circle_r0p7_cw_smooth_exit_0p10_derating_0p80_pilot
/agv2/derating_command,1789189072.387734,1789189072.3876517,2,1789189038,1,True,0.8,0.8,0.7,0.7,0.7,0.7,1.0,1.0,m2a_r1_circle_r0p7_cw_smooth_exit_0p10_derating_0p80_pilot
/agv2/derating_command,1789189072.487894,1789189072.487748,2,1789189038,1,True,0.8,0.8,0.7,0.7,0.7,0.7,1.0,1.0,m2a_r1_circle_r0p7_cw_smooth_exit_0p10_derating_0p80_pilot
/agv2/derating_command,1789189072.5877304,1789189072.5876203,2,1789189038,1,True,0.8,0.8,0.7,0.7,0.7,0.7,1.0,1.0,m2a_r1_circle_r0p7_cw_smooth_exit_0p10_derating_0p80_pilot
/agv2/derating_command,1789189072.687705,1789189072.6876602,2,1789189038,1,True,0.8,0.8,0.7,0.7,0.7,0.7,1.0,1.0,m2a_r1_circle_r0p7_cw_smooth_exit_0p10_derating_0p80_pilot
/agv2/derating_command,1789189072.7878754,1789189072.787683,2,1789189038,1,True,0.8,0.8,0.7,0.7,0.7,0.7,1.0,1.0,m2a_r1_circle_r0p7_cw_smooth_exit_0p10_derating_0p80_pilot
/agv2/derating_command,1789189072.8877947,1789189072.887622,2,1789189038,1,True,0.8,0.8,0.7,0.7,0.7,0.7,1.0,1.0,m2a_r1_circle_r0p7_cw_smooth_exit_0p10_derating_0p80_pilot
/agv2/derating_command,1789189072.9877956,1789189072.9876213,2,1789189038,1,True,0.8,0.8,0.7,0.7,0.7,0.7,1.0,1.0,m2a_r1_circle_r0p7_cw_smooth_exit_0p10_derating_0p80_pilot
/agv2/derating_command,1789189073.0877056,1789189073.0876248,2,1789189038,1,True,0.8,0.8,0.7,0.7,0.7,0.7,1.0,1.0,m2a_r1_circle_r0p7_cw_smooth_exit_0p10_derating_0p80_pilot
/agv2/derating_command,1789189073.187708,1789189073.1876245,2,1789189038,1,True,0.8,0.8,0.7,0.7,0.7,0.7,1.0,1.0,m2a_r1_circle_r0p7_cw_smooth_exit_0p10_derating_0p80_pilot
/agv2/derating_command,1789189073.2877395,1789189073.2876525,2,1789189038,1,True,0.8,0.8,0.7,0.7,0.7,0.7,1.0,1.0,m2a_r1_circle_r0p7_cw_smooth_exit_0p10_derating_0p80_pilot
/agv2/derating_command,1789189073.387731,1789189073.387649,2,1789189038,1,True,0.8,0.8,0.7,0.7,0.7,0.7,1.0,1.0,m2a_r1_circle_r0p7_cw_smooth_exit_0p10_derating_0p80_pilot
/agv2/derating_command,1789189073.4877708,1789189073.4876604,2,1789189038,1,True,0.8,0.8,0.7,0.7,0.7,0.7,1.0,1.0,m2a_r1_circle_r0p7_cw_smooth_exit_0p10_derating_0p80_pilot
/agv2/derating_command,1789189073.587757,1789189073.5876753,2,1789189038,1,True,0.8,0.8,0.7,0.7,0.7,0.7,1.0,1.0,m2a_r1_circle_r0p7_cw_smooth_exit_0p10_derating_0p80_pilot
/agv2/derating_command,1789189073.6877317,1789189073.687647,2,1789189038,1,True,0.8,0.8,0.7,0.7,0.7,0.7,1.0,1.0,m2a_r1_circle_r0p7_cw_smooth_exit_0p10_derating_0p80_pilot
/agv2/derating_command,1789189073.8377612,1789189073.8376412,2,1789189038,1,True,0.8,0.8,0.7,0.7,0.7,0.7,1.0,1.0,m2a_r1_circle_r0p7_cw_smooth_exit_0p10_derating_0p80_pilot
/agv2/derating_command,1789189073.887768,1789189073.8876479,2,1789189038,1,True,0.8,0.8,0.7,0.7,0.7,0.7,1.0,1.0,m2a_r1_circle_r0p7_cw_smooth_exit_0p10_derating_0p80_pilot
/agv2/derating_command,1789189073.9877107,1789189073.9876359,2,1789189038,1,True,0.8,0.8,0.7,0.7,0.7,0.7,1.0,1.0,m2a_r1_circle_r0p7_cw_smooth_exit_0p10_derating_0p80_pilot
/agv2/derating_command,1789189074.0878534,1789189074.087657,2,1789189038,1,True,0.8,0.8,0.7,0.7,0.7,0.7,1.0,1.0,m2a_r1_circle_r0p7_cw_smooth_exit_0p10_derating_0p80_pilot
/agv2/derating_command,1789189074.1878324,1789189074.1876552,2,1789189038,1,True,0.8,0.8,0.7,0.7,0.7,0.7,1.0,1.0,m2a_r1_circle_r0p7_cw_smooth_exit_0p10_derating_0p80_pilot
/agv2/derating_command,1789189074.2876997,1789189074.287622,2,1789189038,1,True,0.8,0.8,0.7,0.7,0.7,0.7,1.0,1.0,m2a_r1_circle_r0p7_cw_smooth_exit_0p10_derating_0p80_pilot
/agv2/derating_command,1789189074.3877404,1789189074.3876214,2,1789189038,1,True,0.8,0.8,0.7,0.7,0.7,0.7,1.0,1.0,m2a_r1_circle_r0p7_cw_smooth_exit_0p10_derating_0p80_pilot
/agv2/derating_command,1789189074.487694,1789189074.487617,2,1789189038,1,True,0.8,0.8,0.7,0.7,0.7,0.7,1.0,1.0,m2a_r1_circle_r0p7_cw_smooth_exit_0p10_derating_0p80_pilot
/agv2/derating_command,1789189074.5876994,1789189074.5876188,2,1789189038,1,True,0.8,0.8,0.7,0.7,0.7,0.7,1.0,1.0,m2a_r1_circle_r0p7_cw_smooth_exit_0p10_derating_0p80_pilot
/agv2/derating_command,1789189074.6877186,1789189074.6876168,2,1789189038,1,True,0.8,0.8,0.7,0.7,0.7,0.7,1.0,1.0,m2a_r1_circle_r0p7_cw_smooth_exit_0p10_derating_0p80_pilot
/agv2/derating_command,1789189074.7877595,1789189074.787617,2,1789189038,1,True,0.8,0.8,0.7,0.7,0.7,0.7,1.0,1.0,m2a_r1_circle_r0p7_cw_smooth_exit_0p10_derating_0p80_pilot
/agv2/derating_command,1789189074.8878586,1789189074.8876176,2,1789189038,1,True,0.8,0.8,0.7,0.7,0.7,0.7,1.0,1.0,m2a_r1_circle_r0p7_cw_smooth_exit_0p10_derating_0p80_pilot
/agv2/derating_command,1789189074.9877048,1789189074.9876177,2,1789189038,1,True,0.8,0.8,0.7,0.7,0.7,0.7,1.0,1.0,m2a_r1_circle_r0p7_cw_smooth_exit_0p10_derating_0p80_pilot
/agv2/derating_command,1789189075.0877063,1789189075.0876515,2,1789189039,1,False,1.0,1.0,1.0,1.0,1.0,1.0,1.0,1.0,m2a_r1_circle_r0p7_cw_smooth_exit_0p10_derating_0p80_pilot
/agv2/derating_command,1789189075.1877136,1789189075.1876528,2,1789189039,1,False,1.0,1.0,1.0,1.0,1.0,1.0,1.0,1.0,m2a_r1_circle_r0p7_cw_smooth_exit_0p10_derating_0p80_pilot
/agv2/derating_command,1789189075.3378081,1789189075.3376513,2,1789189039,1,False,1.0,1.0,1.0,1.0,1.0,1.0,1.0,1.0,m2a_r1_circle_r0p7_cw_smooth_exit_0p10_derating_0p80_pilot
/agv2/derating_command,1789189075.3876536,1789189075.3876154,2,1789189039,1,False,1.0,1.0,1.0,1.0,1.0,1.0,1.0,1.0,m2a_r1_circle_r0p7_cw_smooth_exit_0p10_derating_0p80_pilot
/agv2/derating_command,1789189075.4877183,1789189075.4876177,2,1789189039,1,False,1.0,1.0,1.0,1.0,1.0,1.0,1.0,1.0,m2a_r1_circle_r0p7_cw_smooth_exit_0p10_derating_0p80_pilot
/agv2/derating_command,1789189075.6377604,1789189075.637619,2,1789189039,1,False,1.0,1.0,1.0,1.0,1.0,1.0,1.0,1.0,m2a_r1_circle_r0p7_cw_smooth_exit_0p10_derating_0p80_pilot
/agv2/derating_command,1789189075.6878197,1789189075.6876183,2,1789189039,1,False,1.0,1.0,1.0,1.0,1.0,1.0,1.0,1.0,m2a_r1_circle_r0p7_cw_smooth_exit_0p10_derating_0p80_pilot
/agv2/derating_command,1789189075.8378267,1789189075.8376627,2,1789189039,1,False,1.0,1.0,1.0,1.0,1.0,1.0,1.0,1.0,m2a_r1_circle_r0p7_cw_smooth_exit_0p10_derating_0p80_pilot
/agv2/derating_command,1789189075.8877347,1789189075.8876195,2,1789189039,1,False,1.0,1.0,1.0,1.0,1.0,1.0,1.0,1.0,m2a_r1_circle_r0p7_cw_smooth_exit_0p10_derating_0p80_pilot
/agv2/derating_command,1789189075.987776,1789189075.9876175,2,1789189039,1,False,1.0,1.0,1.0,1.0,1.0,1.0,1.0,1.0,m2a_r1_circle_r0p7_cw_smooth_exit_0p10_derating_0p80_pilot
/agv2/derating_command,1789189076.0877686,1789189076.0876188,2,1789189039,1,False,1.0,1.0,1.0,1.0,1.0,1.0,1.0,1.0,m2a_r1_circle_r0p7_cw_smooth_exit_0p10_derating_0p80_pilot
/agv2/derating_command,1789189076.187735,1789189076.1876333,2,1789189039,1,False,1.0,1.0,1.0,1.0,1.0,1.0,1.0,1.0,m2a_r1_circle_r0p7_cw_smooth_exit_0p10_derating_0p80_pilot
/agv2/derating_command,1789189076.2878222,1789189076.2876542,2,1789189039,1,False,1.0,1.0,1.0,1.0,1.0,1.0,1.0,1.0,m2a_r1_circle_r0p7_cw_smooth_exit_0p10_derating_0p80_pilot
/agv2/derating_command,1789189076.4377716,1789189076.437646,2,1789189039,1,False,1.0,1.0,1.0,1.0,1.0,1.0,1.0,1.0,m2a_r1_circle_r0p7_cw_smooth_exit_0p10_derating_0p80_pilot
/agv2/derating_command,1789189076.5377705,1789189076.5376446,2,1789189039,1,False,1.0,1.0,1.0,1.0,1.0,1.0,1.0,1.0,m2a_r1_circle_r0p7_cw_smooth_exit_0p10_derating_0p80_pilot
/agv2/derating_command,1789189076.6377132,1789189076.637611,2,1789189039,1,False,1.0,1.0,1.0,1.0,1.0,1.0,1.0,1.0,m2a_r1_circle_r0p7_cw_smooth_exit_0p10_derating_0p80_pilot
/agv2/derating_command,1789189076.6877775,1789189076.687618,2,1789189039,1,False,1.0,1.0,1.0,1.0,1.0,1.0,1.0,1.0,m2a_r1_circle_r0p7_cw_smooth_exit_0p10_derating_0p80_pilot
/agv2/derating_command,1789189076.7876863,1789189076.7876208,2,1789189039,1,False,1.0,1.0,1.0,1.0,1.0,1.0,1.0,1.0,m2a_r1_circle_r0p7_cw_smooth_exit_0p10_derating_0p80_pilot
/agv2/derating_command,1789189076.8876905,1789189076.887618,2,1789189039,1,False,1.0,1.0,1.0,1.0,1.0,1.0,1.0,1.0,m2a_r1_circle_r0p7_cw_smooth_exit_0p10_derating_0p80_pilot
/agv2/derating_command,1789189076.9877222,1789189076.9876494,2,1789189039,1,False,1.0,1.0,1.0,1.0,1.0,1.0,1.0,1.0,m2a_r1_circle_r0p7_cw_smooth_exit_0p10_derating_0p80_pilot
/agv2/derating_command,1789189077.0877383,1789189077.0876174,2,1789189039,1,False,1.0,1.0,1.0,1.0,1.0,1.0,1.0,1.0,m2a_r1_circle_r0p7_cw_smooth_exit_0p10_derating_0p80_pilot
/agv2/derating_command,1789189077.1877553,1789189077.1876483,2,1789189039,1,False,1.0,1.0,1.0,1.0,1.0,1.0,1.0,1.0,m2a_r1_circle_r0p7_cw_smooth_exit_0p10_derating_0p80_pilot
/agv2/derating_command,1789189077.2877357,1789189077.2876525,2,1789189039,1,False,1.0,1.0,1.0,1.0,1.0,1.0,1.0,1.0,m2a_r1_circle_r0p7_cw_smooth_exit_0p10_derating_0p80_pilot
/agv2/derating_command,1789189077.3876972,1789189077.3876505,2,1789189039,1,False,1.0,1.0,1.0,1.0,1.0,1.0,1.0,1.0,m2a_r1_circle_r0p7_cw_smooth_exit_0p10_derating_0p80_pilot
/agv2/derating_command,1789189077.5376973,1789189077.5376556,2,1789189039,1,False,1.0,1.0,1.0,1.0,1.0,1.0,1.0,1.0,m2a_r1_circle_r0p7_cw_smooth_exit_0p10_derating_0p80_pilot
/agv2/derating_command,1789189077.5877614,1789189077.5876522,2,1789189039,1,False,1.0,1.0,1.0,1.0,1.0,1.0,1.0,1.0,m2a_r1_circle_r0p7_cw_smooth_exit_0p10_derating_0p80_pilot
/agv2/derating_command,1789189077.6877522,1789189077.6876166,2,1789189039,1,False,1.0,1.0,1.0,1.0,1.0,1.0,1.0,1.0,m2a_r1_circle_r0p7_cw_smooth_exit_0p10_derating_0p80_pilot
/agv2/derating_command,1789189077.7877696,1789189077.7876532,2,1789189039,1,False,1.0,1.0,1.0,1.0,1.0,1.0,1.0,1.0,m2a_r1_circle_r0p7_cw_smooth_exit_0p10_derating_0p80_pilot
/agv2/derating_command,1789189077.887754,1789189077.8876753,2,1789189039,1,False,1.0,1.0,1.0,1.0,1.0,1.0,1.0,1.0,m2a_r1_circle_r0p7_cw_smooth_exit_0p10_derating_0p80_pilot
/agv2/derating_command,1789189077.9877744,1789189077.9876237,2,1789189039,1,False,1.0,1.0,1.0,1.0,1.0,1.0,1.0,1.0,m2a_r1_circle_r0p7_cw_smooth_exit_0p10_derating_0p80_pilot
/agv2/derating_command,1789189078.0876975,1789189078.0876584,2,1789189039,1,False,1.0,1.0,1.0,1.0,1.0,1.0,1.0,1.0,m2a_r1_circle_r0p7_cw_smooth_exit_0p10_derating_0p80_pilot
/agv2/derating_command,1789189078.187814,1789189078.1876621,2,1789189039,1,False,1.0,1.0,1.0,1.0,1.0,1.0,1.0,1.0,m2a_r1_circle_r0p7_cw_smooth_exit_0p10_derating_0p80_pilot
/agv2/derating_command,1789189078.2877486,1789189078.2876582,2,1789189039,1,False,1.0,1.0,1.0,1.0,1.0,1.0,1.0,1.0,m2a_r1_circle_r0p7_cw_smooth_exit_0p10_derating_0p80_pilot
/agv2/derating_command,1789189078.387793,1789189078.3876612,2,1789189039,1,False,1.0,1.0,1.0,1.0,1.0,1.0,1.0,1.0,m2a_r1_circle_r0p7_cw_smooth_exit_0p10_derating_0p80_pilot
/agv2/derating_command,1789189078.4878685,1789189078.4876215,2,1789189039,1,False,1.0,1.0,1.0,1.0,1.0,1.0,1.0,1.0,m2a_r1_circle_r0p7_cw_smooth_exit_0p10_derating_0p80_pilot
/agv2/derating_command,1789189078.5877938,1789189078.5876613,2,1789189039,1,False,1.0,1.0,1.0,1.0,1.0,1.0,1.0,1.0,m2a_r1_circle_r0p7_cw_smooth_exit_0p10_derating_0p80_pilot
/agv2/derating_command,1789189078.6877174,1789189078.6876223,2,1789189039,1,False,1.0,1.0,1.0,1.0,1.0,1.0,1.0,1.0,m2a_r1_circle_r0p7_cw_smooth_exit_0p10_derating_0p80_pilot
/agv2/derating_command,1789189078.7877316,1789189078.7876225,2,1789189039,1,False,1.0,1.0,1.0,1.0,1.0,1.0,1.0,1.0,m2a_r1_circle_r0p7_cw_smooth_exit_0p10_derating_0p80_pilot
/agv2/derating_command,1789189078.8877604,1789189078.8876247,2,1789189039,1,False,1.0,1.0,1.0,1.0,1.0,1.0,1.0,1.0,m2a_r1_circle_r0p7_cw_smooth_exit_0p10_derating_0p80_pilot
/agv2/derating_command,1789189078.9877782,1789189078.9876869,2,1789189039,1,False,1.0,1.0,1.0,1.0,1.0,1.0,1.0,1.0,m2a_r1_circle_r0p7_cw_smooth_exit_0p10_derating_0p80_pilot
/agv2/derating_command,1789189079.0878768,1789189079.0877264,2,1789189039,1,False,1.0,1.0,1.0,1.0,1.0,1.0,1.0,1.0,m2a_r1_circle_r0p7_cw_smooth_exit_0p10_derating_0p80_pilot
/agv2/derating_command,1789189079.187722,1789189079.1876218,2,1789189039,1,False,1.0,1.0,1.0,1.0,1.0,1.0,1.0,1.0,m2a_r1_circle_r0p7_cw_smooth_exit_0p10_derating_0p80_pilot
/agv2/derating_command,1789189079.2877476,1789189079.2876248,2,1789189039,1,False,1.0,1.0,1.0,1.0,1.0,1.0,1.0,1.0,m2a_r1_circle_r0p7_cw_smooth_exit_0p10_derating_0p80_pilot
/agv2/derating_command,1789189079.3877144,1789189079.3876278,2,1789189039,1,False,1.0,1.0,1.0,1.0,1.0,1.0,1.0,1.0,m2a_r1_circle_r0p7_cw_smooth_exit_0p10_derating_0p80_pilot
/agv2/derating_command,1789189079.4877424,1789189079.4876266,2,1789189039,1,False,1.0,1.0,1.0,1.0,1.0,1.0,1.0,1.0,m2a_r1_circle_r0p7_cw_smooth_exit_0p10_derating_0p80_pilot
/agv2/derating_command,1789189079.5878353,1789189079.58767,2,1789189039,1,False,1.0,1.0,1.0,1.0,1.0,1.0,1.0,1.0,m2a_r1_circle_r0p7_cw_smooth_exit_0p10_derating_0p80_pilot
/agv2/derating_command,1789189079.6877964,1789189079.6876557,2,1789189039,1,False,1.0,1.0,1.0,1.0,1.0,1.0,1.0,1.0,m2a_r1_circle_r0p7_cw_smooth_exit_0p10_derating_0p80_pilot
/agv2/derating_command,1789189079.7878127,1789189079.7876625,2,1789189039,1,False,1.0,1.0,1.0,1.0,1.0,1.0,1.0,1.0,m2a_r1_circle_r0p7_cw_smooth_exit_0p10_derating_0p80_pilot
/agv2/derating_command,1789189079.8877687,1789189079.8876433,2,1789189039,1,False,1.0,1.0,1.0,1.0,1.0,1.0,1.0,1.0,m2a_r1_circle_r0p7_cw_smooth_exit_0p10_derating_0p80_pilot
/agv2/derating_command,1789189079.9877515,1789189079.9876206,2,1789189039,1,False,1.0,1.0,1.0,1.0,1.0,1.0,1.0,1.0,m2a_r1_circle_r0p7_cw_smooth_exit_0p10_derating_0p80_pilot
/agv2/derating_command,1789189080.08771,1789189080.0876205,2,1789189039,1,False,1.0,1.0,1.0,1.0,1.0,1.0,1.0,1.0,m2a_r1_circle_r0p7_cw_smooth_exit_0p10_derating_0p80_pilot
/agv2/derating_command,1789189080.187871,1789189080.1876202,2,1789189039,1,False,1.0,1.0,1.0,1.0,1.0,1.0,1.0,1.0,m2a_r1_circle_r0p7_cw_smooth_exit_0p10_derating_0p80_pilot
/agv2/derating_command,1789189080.287834,1789189080.2876241,2,1789189039,1,False,1.0,1.0,1.0,1.0,1.0,1.0,1.0,1.0,m2a_r1_circle_r0p7_cw_smooth_exit_0p10_derating_0p80_pilot
/agv2/derating_command,1789189080.3877194,1789189080.3876224,2,1789189039,1,False,1.0,1.0,1.0,1.0,1.0,1.0,1.0,1.0,m2a_r1_circle_r0p7_cw_smooth_exit_0p10_derating_0p80_pilot
/agv2/derating_command,1789189080.4877164,1789189080.487628,2,1789189039,1,False,1.0,1.0,1.0,1.0,1.0,1.0,1.0,1.0,m2a_r1_circle_r0p7_cw_smooth_exit_0p10_derating_0p80_pilot
/agv2/derating_command,1789189080.5877879,1789189080.5876553,2,1789189039,1,False,1.0,1.0,1.0,1.0,1.0,1.0,1.0,1.0,m2a_r1_circle_r0p7_cw_smooth_exit_0p10_derating_0p80_pilot
/agv2/derating_command,1789189080.6877053,1789189080.6876242,2,1789189039,1,False,1.0,1.0,1.0,1.0,1.0,1.0,1.0,1.0,m2a_r1_circle_r0p7_cw_smooth_exit_0p10_derating_0p80_pilot
/agv2/derating_command,1789189080.787712,1789189080.7876582,2,1789189039,1,False,1.0,1.0,1.0,1.0,1.0,1.0,1.0,1.0,m2a_r1_circle_r0p7_cw_smooth_exit_0p10_derating_0p80_pilot
/agv2/derating_command,1789189080.8877246,1789189080.8876245,2,1789189039,1,False,1.0,1.0,1.0,1.0,1.0,1.0,1.0,1.0,m2a_r1_circle_r0p7_cw_smooth_exit_0p10_derating_0p80_pilot
/agv2/derating_command,1789189080.987738,1789189080.9876227,2,1789189039,1,False,1.0,1.0,1.0,1.0,1.0,1.0,1.0,1.0,m2a_r1_circle_r0p7_cw_smooth_exit_0p10_derating_0p80_pilot
/agv2/derating_command,1789189081.0878358,1789189081.087661,2,1789189039,1,False,1.0,1.0,1.0,1.0,1.0,1.0,1.0,1.0,m2a_r1_circle_r0p7_cw_smooth_exit_0p10_derating_0p80_pilot
/agv2/derating_command,1789189081.187772,1789189081.1876214,2,1789189039,1,False,1.0,1.0,1.0,1.0,1.0,1.0,1.0,1.0,m2a_r1_circle_r0p7_cw_smooth_exit_0p10_derating_0p80_pilot
/agv2/derating_command,1789189081.3377397,1789189081.3376365,2,1789189039,1,False,1.0,1.0,1.0,1.0,1.0,1.0,1.0,1.0,m2a_r1_circle_r0p7_cw_smooth_exit_0p10_derating_0p80_pilot
/agv2/derating_command,1789189081.3878477,1789189081.3876219,2,1789189039,1,False,1.0,1.0,1.0,1.0,1.0,1.0,1.0,1.0,m2a_r1_circle_r0p7_cw_smooth_exit_0p10_derating_0p80_pilot
/agv2/derating_command,1789189081.4877138,1789189081.4876173,2,1789189039,1,False,1.0,1.0,1.0,1.0,1.0,1.0,1.0,1.0,m2a_r1_circle_r0p7_cw_smooth_exit_0p10_derating_0p80_pilot
/agv2/derating_command,1789189081.5877147,1789189081.5876186,2,1789189039,1,False,1.0,1.0,1.0,1.0,1.0,1.0,1.0,1.0,m2a_r1_circle_r0p7_cw_smooth_exit_0p10_derating_0p80_pilot
/agv2/derating_command,1789189081.6877418,1789189081.6876562,2,1789189039,1,False,1.0,1.0,1.0,1.0,1.0,1.0,1.0,1.0,m2a_r1_circle_r0p7_cw_smooth_exit_0p10_derating_0p80_pilot
/agv2/derating_command,1789189081.7877276,1789189081.7876265,2,1789189039,1,False,1.0,1.0,1.0,1.0,1.0,1.0,1.0,1.0,m2a_r1_circle_r0p7_cw_smooth_exit_0p10_derating_0p80_pilot
/agv2/derating_command,1789189081.887707,1789189081.8876264,2,1789189039,1,False,1.0,1.0,1.0,1.0,1.0,1.0,1.0,1.0,m2a_r1_circle_r0p7_cw_smooth_exit_0p10_derating_0p80_pilot
/agv2/derating_command,1789189081.9877286,1789189081.9876242,2,1789189039,1,False,1.0,1.0,1.0,1.0,1.0,1.0,1.0,1.0,m2a_r1_circle_r0p7_cw_smooth_exit_0p10_derating_0p80_pilot
/agv2/derating_command,1789189082.087741,1789189082.0876286,2,1789189039,1,False,1.0,1.0,1.0,1.0,1.0,1.0,1.0,1.0,m2a_r1_circle_r0p7_cw_smooth_exit_0p10_derating_0p80_pilot
/agv2/derating_command,1789189082.2377572,1789189082.2376156,2,1789189039,1,False,1.0,1.0,1.0,1.0,1.0,1.0,1.0,1.0,m2a_r1_circle_r0p7_cw_smooth_exit_0p10_derating_0p80_pilot
/agv2/derating_command,1789189082.2877204,1789189082.2876248,2,1789189039,1,False,1.0,1.0,1.0,1.0,1.0,1.0,1.0,1.0,m2a_r1_circle_r0p7_cw_smooth_exit_0p10_derating_0p80_pilot
/agv2/derating_command,1789189082.387726,1789189082.38762,2,1789189039,1,False,1.0,1.0,1.0,1.0,1.0,1.0,1.0,1.0,m2a_r1_circle_r0p7_cw_smooth_exit_0p10_derating_0p80_pilot
/agv2/derating_command,1789189082.4877744,1789189082.487621,2,1789189039,1,False,1.0,1.0,1.0,1.0,1.0,1.0,1.0,1.0,m2a_r1_circle_r0p7_cw_smooth_exit_0p10_derating_0p80_pilot
/agv2/derating_command,1789189082.6377022,1789189082.6376126,2,1789189039,1,False,1.0,1.0,1.0,1.0,1.0,1.0,1.0,1.0,m2a_r1_circle_r0p7_cw_smooth_exit_0p10_derating_0p80_pilot
/agv2/derating_command,1789189082.6877437,1789189082.687621,2,1789189039,1,False,1.0,1.0,1.0,1.0,1.0,1.0,1.0,1.0,m2a_r1_circle_r0p7_cw_smooth_exit_0p10_derating_0p80_pilot
/agv2/derating_command,1789189082.7876894,1789189082.787619,2,1789189039,1,False,1.0,1.0,1.0,1.0,1.0,1.0,1.0,1.0,m2a_r1_circle_r0p7_cw_smooth_exit_0p10_derating_0p80_pilot
/agv2/derating_command,1789189082.8876998,1789189082.8876224,2,1789189039,1,False,1.0,1.0,1.0,1.0,1.0,1.0,1.0,1.0,m2a_r1_circle_r0p7_cw_smooth_exit_0p10_derating_0p80_pilot
/agv2/derating_command,1789189082.987742,1789189082.9876482,2,1789189039,1,False,1.0,1.0,1.0,1.0,1.0,1.0,1.0,1.0,m2a_r1_circle_r0p7_cw_smooth_exit_0p10_derating_0p80_pilot
/agv2/derating_command,1789189083.0877876,1789189083.08762,2,1789189039,1,False,1.0,1.0,1.0,1.0,1.0,1.0,1.0,1.0,m2a_r1_circle_r0p7_cw_smooth_exit_0p10_derating_0p80_pilot
/agv2/derating_command,1789189083.1878421,1789189083.1877012,2,1789189039,1,False,1.0,1.0,1.0,1.0,1.0,1.0,1.0,1.0,m2a_r1_circle_r0p7_cw_smooth_exit_0p10_derating_0p80_pilot
/agv2/derating_command,1789189083.287758,1789189083.287617,2,1789189039,1,False,1.0,1.0,1.0,1.0,1.0,1.0,1.0,1.0,m2a_r1_circle_r0p7_cw_smooth_exit_0p10_derating_0p80_pilot
/agv2/derating_command,1789189083.3877935,1789189083.387659,2,1789189039,1,False,1.0,1.0,1.0,1.0,1.0,1.0,1.0,1.0,m2a_r1_circle_r0p7_cw_smooth_exit_0p10_derating_0p80_pilot
/agv2/derating_command,1789189083.487738,1789189083.4876502,2,1789189039,1,False,1.0,1.0,1.0,1.0,1.0,1.0,1.0,1.0,m2a_r1_circle_r0p7_cw_smooth_exit_0p10_derating_0p80_pilot
/agv2/derating_command,1789189083.5877054,1789189083.5876172,2,1789189039,1,False,1.0,1.0,1.0,1.0,1.0,1.0,1.0,1.0,m2a_r1_circle_r0p7_cw_smooth_exit_0p10_derating_0p80_pilot
/agv2/derating_command,1789189083.687745,1789189083.6876469,2,1789189039,1,False,1.0,1.0,1.0,1.0,1.0,1.0,1.0,1.0,m2a_r1_circle_r0p7_cw_smooth_exit_0p10_derating_0p80_pilot
/agv2/derating_command,1789189083.7877433,1789189083.7876523,2,1789189039,1,False,1.0,1.0,1.0,1.0,1.0,1.0,1.0,1.0,m2a_r1_circle_r0p7_cw_smooth_exit_0p10_derating_0p80_pilot
/agv2/derating_command,1789189083.8877778,1789189083.8876324,2,1789189039,1,False,1.0,1.0,1.0,1.0,1.0,1.0,1.0,1.0,m2a_r1_circle_r0p7_cw_smooth_exit_0p10_derating_0p80_pilot
/agv2/derating_command,1789189084.0377743,1789189084.0376627,2,1789189039,1,False,1.0,1.0,1.0,1.0,1.0,1.0,1.0,1.0,m2a_r1_circle_r0p7_cw_smooth_exit_0p10_derating_0p80_pilot
/agv2/derating_command,1789189084.0876777,1789189084.0876231,2,1789189039,1,False,1.0,1.0,1.0,1.0,1.0,1.0,1.0,1.0,m2a_r1_circle_r0p7_cw_smooth_exit_0p10_derating_0p80_pilot
/agv2/derating_command,1789189084.187709,1789189084.187622,2,1789189039,1,False,1.0,1.0,1.0,1.0,1.0,1.0,1.0,1.0,m2a_r1_circle_r0p7_cw_smooth_exit_0p10_derating_0p80_pilot
/agv2/derating_command,1789189084.287717,1789189084.2876203,2,1789189039,1,False,1.0,1.0,1.0,1.0,1.0,1.0,1.0,1.0,m2a_r1_circle_r0p7_cw_smooth_exit_0p10_derating_0p80_pilot
/agv2/derating_command,1789189084.3877273,1789189084.387623,2,1789189039,1,False,1.0,1.0,1.0,1.0,1.0,1.0,1.0,1.0,m2a_r1_circle_r0p7_cw_smooth_exit_0p10_derating_0p80_pilot
/agv2/derating_command,1789189084.5377636,1789189084.5376153,2,1789189039,1,False,1.0,1.0,1.0,1.0,1.0,1.0,1.0,1.0,m2a_r1_circle_r0p7_cw_smooth_exit_0p10_derating_0p80_pilot
/agv2/derating_command,1789189084.5877948,1789189084.587675,2,1789189039,1,False,1.0,1.0,1.0,1.0,1.0,1.0,1.0,1.0,m2a_r1_circle_r0p7_cw_smooth_exit_0p10_derating_0p80_pilot
/agv2/derating_command,1789189084.6877742,1789189084.687657,2,1789189039,1,False,1.0,1.0,1.0,1.0,1.0,1.0,1.0,1.0,m2a_r1_circle_r0p7_cw_smooth_exit_0p10_derating_0p80_pilot
/agv2/derating_command,1789189084.7878022,1789189084.7876842,2,1789189039,1,False,1.0,1.0,1.0,1.0,1.0,1.0,1.0,1.0,m2a_r1_circle_r0p7_cw_smooth_exit_0p10_derating_0p80_pilot
/agv2/derating_command,1789189084.8877454,1789189084.8876595,2,1789189039,1,False,1.0,1.0,1.0,1.0,1.0,1.0,1.0,1.0,m2a_r1_circle_r0p7_cw_smooth_exit_0p10_derating_0p80_pilot
/agv2/derating_command,1789189084.9877203,1789189084.9876223,2,1789189039,1,False,1.0,1.0,1.0,1.0,1.0,1.0,1.0,1.0,m2a_r1_circle_r0p7_cw_smooth_exit_0p10_derating_0p80_pilot
/agv2/derating_command,1789189085.0877836,1789189085.0876603,2,1789189039,1,False,1.0,1.0,1.0,1.0,1.0,1.0,1.0,1.0,m2a_r1_circle_r0p7_cw_smooth_exit_0p10_derating_0p80_pilot
/agv2/derating_command,1789189085.1877491,1789189085.1876504,2,1789189039,1,False,1.0,1.0,1.0,1.0,1.0,1.0,1.0,1.0,m2a_r1_circle_r0p7_cw_smooth_exit_0p10_derating_0p80_pilot
/agv2/derating_command,1789189085.2878053,1789189085.2876527,2,1789189039,1,False,1.0,1.0,1.0,1.0,1.0,1.0,1.0,1.0,m2a_r1_circle_r0p7_cw_smooth_exit_0p10_derating_0p80_pilot
/agv2/derating_command,1789189085.387693,1789189085.3876219,2,1789189039,1,False,1.0,1.0,1.0,1.0,1.0,1.0,1.0,1.0,m2a_r1_circle_r0p7_cw_smooth_exit_0p10_derating_0p80_pilot
/agv2/derating_command,1789189085.4878066,1789189085.487621,2,1789189039,1,False,1.0,1.0,1.0,1.0,1.0,1.0,1.0,1.0,m2a_r1_circle_r0p7_cw_smooth_exit_0p10_derating_0p80_pilot
/agv2/derating_command,1789189085.5877523,1789189085.5876195,2,1789189039,1,False,1.0,1.0,1.0,1.0,1.0,1.0,1.0,1.0,m2a_r1_circle_r0p7_cw_smooth_exit_0p10_derating_0p80_pilot
/agv2/derating_command,1789189085.687828,1789189085.6876678,2,1789189039,1,False,1.0,1.0,1.0,1.0,1.0,1.0,1.0,1.0,m2a_r1_circle_r0p7_cw_smooth_exit_0p10_derating_0p80_pilot
/agv2/derating_command,1789189085.7878327,1789189085.7876637,2,1789189039,1,False,1.0,1.0,1.0,1.0,1.0,1.0,1.0,1.0,m2a_r1_circle_r0p7_cw_smooth_exit_0p10_derating_0p80_pilot
/agv2/derating_command,1789189085.8878338,1789189085.887693,2,1789189039,1,False,1.0,1.0,1.0,1.0,1.0,1.0,1.0,1.0,m2a_r1_circle_r0p7_cw_smooth_exit_0p10_derating_0p80_pilot
/agv2/derating_command,1789189085.9877026,1789189085.987621,2,1789189039,1,False,1.0,1.0,1.0,1.0,1.0,1.0,1.0,1.0,m2a_r1_circle_r0p7_cw_smooth_exit_0p10_derating_0p80_pilot
/agv2/derating_command,1789189086.0877843,1789189086.0876517,2,1789189039,1,False,1.0,1.0,1.0,1.0,1.0,1.0,1.0,1.0,m2a_r1_circle_r0p7_cw_smooth_exit_0p10_derating_0p80_pilot
/agv2/derating_command,1789189086.1878288,1789189086.1876833,2,1789189039,1,False,1.0,1.0,1.0,1.0,1.0,1.0,1.0,1.0,m2a_r1_circle_r0p7_cw_smooth_exit_0p10_derating_0p80_pilot
/agv2/derating_command,1789189086.287762,1789189086.2876537,2,1789189039,1,False,1.0,1.0,1.0,1.0,1.0,1.0,1.0,1.0,m2a_r1_circle_r0p7_cw_smooth_exit_0p10_derating_0p80_pilot
/agv2/derating_command,1789189086.3878865,1789189086.3876705,2,1789189039,1,False,1.0,1.0,1.0,1.0,1.0,1.0,1.0,1.0,m2a_r1_circle_r0p7_cw_smooth_exit_0p10_derating_0p80_pilot
/agv2/derating_command,1789189086.487914,1789189086.4876816,2,1789189039,1,False,1.0,1.0,1.0,1.0,1.0,1.0,1.0,1.0,m2a_r1_circle_r0p7_cw_smooth_exit_0p10_derating_0p80_pilot
/agv2/derating_command,1789189086.5877144,1789189086.587622,2,1789189039,1,False,1.0,1.0,1.0,1.0,1.0,1.0,1.0,1.0,m2a_r1_circle_r0p7_cw_smooth_exit_0p10_derating_0p80_pilot
/agv2/derating_command,1789189086.6876984,1789189086.6876204,2,1789189039,1,False,1.0,1.0,1.0,1.0,1.0,1.0,1.0,1.0,m2a_r1_circle_r0p7_cw_smooth_exit_0p10_derating_0p80_pilot
/agv2/derating_command,1789189086.7877545,1789189086.7876694,2,1789189039,1,False,1.0,1.0,1.0,1.0,1.0,1.0,1.0,1.0,m2a_r1_circle_r0p7_cw_smooth_exit_0p10_derating_0p80_pilot
/agv2/derating_command,1789189086.8877757,1789189086.8876543,2,1789189039,1,False,1.0,1.0,1.0,1.0,1.0,1.0,1.0,1.0,m2a_r1_circle_r0p7_cw_smooth_exit_0p10_derating_0p80_pilot
/agv2/derating_command,1789189086.9878092,1789189086.9876854,2,1789189039,1,False,1.0,1.0,1.0,1.0,1.0,1.0,1.0,1.0,m2a_r1_circle_r0p7_cw_smooth_exit_0p10_derating_0p80_pilot
/agv2/derating_command,1789189087.0877326,1789189087.0876238,2,1789189039,1,False,1.0,1.0,1.0,1.0,1.0,1.0,1.0,1.0,m2a_r1_circle_r0p7_cw_smooth_exit_0p10_derating_0p80_pilot
/agv2/derating_command,1789189087.1877553,1789189087.1876829,2,1789189039,1,False,1.0,1.0,1.0,1.0,1.0,1.0,1.0,1.0,m2a_r1_circle_r0p7_cw_smooth_exit_0p10_derating_0p80_pilot
/agv2/derating_command,1789189087.2878256,1789189087.2876773,2,1789189039,1,False,1.0,1.0,1.0,1.0,1.0,1.0,1.0,1.0,m2a_r1_circle_r0p7_cw_smooth_exit_0p10_derating_0p80_pilot
/agv2/derating_command,1789189087.4376628,1789189087.437617,2,1789189039,1,False,1.0,1.0,1.0,1.0,1.0,1.0,1.0,1.0,m2a_r1_circle_r0p7_cw_smooth_exit_0p10_derating_0p80_pilot
/agv2/derating_command,1789189087.4877286,1789189087.4876535,2,1789189039,1,False,1.0,1.0,1.0,1.0,1.0,1.0,1.0,1.0,m2a_r1_circle_r0p7_cw_smooth_exit_0p10_derating_0p80_pilot
/agv2/derating_command,1789189087.5877626,1789189087.5876746,2,1789189039,1,False,1.0,1.0,1.0,1.0,1.0,1.0,1.0,1.0,m2a_r1_circle_r0p7_cw_smooth_exit_0p10_derating_0p80_pilot
/agv2/derating_command,1789189087.687692,1789189087.687626,2,1789189039,1,False,1.0,1.0,1.0,1.0,1.0,1.0,1.0,1.0,m2a_r1_circle_r0p7_cw_smooth_exit_0p10_derating_0p80_pilot
/agv2/derating_command,1789189087.7877038,1789189087.7876265,2,1789189039,1,False,1.0,1.0,1.0,1.0,1.0,1.0,1.0,1.0,m2a_r1_circle_r0p7_cw_smooth_exit_0p10_derating_0p80_pilot
/agv2/derating_command,1789189087.8877106,1789189087.8876505,2,1789189039,1,False,1.0,1.0,1.0,1.0,1.0,1.0,1.0,1.0,m2a_r1_circle_r0p7_cw_smooth_exit_0p10_derating_0p80_pilot
/agv2/derating_command,1789189087.987742,1789189087.987663,2,1789189039,1,False,1.0,1.0,1.0,1.0,1.0,1.0,1.0,1.0,m2a_r1_circle_r0p7_cw_smooth_exit_0p10_derating_0p80_pilot
/agv2/derating_command,1789189088.087726,1789189088.0876708,2,1789189039,1,False,1.0,1.0,1.0,1.0,1.0,1.0,1.0,1.0,m2a_r1_circle_r0p7_cw_smooth_exit_0p10_derating_0p80_pilot
/agv2/derating_command,1789189088.1876776,1789189088.1876225,2,1789189039,1,False,1.0,1.0,1.0,1.0,1.0,1.0,1.0,1.0,m2a_r1_circle_r0p7_cw_smooth_exit_0p10_derating_0p80_pilot
/agv2/derating_command,1789189088.2877266,1789189088.2876194,2,1789189039,1,False,1.0,1.0,1.0,1.0,1.0,1.0,1.0,1.0,m2a_r1_circle_r0p7_cw_smooth_exit_0p10_derating_0p80_pilot
/agv2/derating_command,1789189088.3877494,1789189088.3876216,2,1789189039,1,False,1.0,1.0,1.0,1.0,1.0,1.0,1.0,1.0,m2a_r1_circle_r0p7_cw_smooth_exit_0p10_derating_0p80_pilot
/agv2/derating_command,1789189088.4878154,1789189088.487708,2,1789189039,1,False,1.0,1.0,1.0,1.0,1.0,1.0,1.0,1.0,m2a_r1_circle_r0p7_cw_smooth_exit_0p10_derating_0p80_pilot
/agv2/derating_command,1789189088.5877273,1789189088.5876226,2,1789189039,1,False,1.0,1.0,1.0,1.0,1.0,1.0,1.0,1.0,m2a_r1_circle_r0p7_cw_smooth_exit_0p10_derating_0p80_pilot
/agv2/derating_command,1789189088.6877296,1789189088.6876745,2,1789189039,1,False,1.0,1.0,1.0,1.0,1.0,1.0,1.0,1.0,m2a_r1_circle_r0p7_cw_smooth_exit_0p10_derating_0p80_pilot
/agv2/derating_command,1789189088.7877433,1789189088.7876234,2,1789189039,1,False,1.0,1.0,1.0,1.0,1.0,1.0,1.0,1.0,m2a_r1_circle_r0p7_cw_smooth_exit_0p10_derating_0p80_pilot
/agv2/derating_command,1789189088.8879051,1789189088.8876722,2,1789189039,1,False,1.0,1.0,1.0,1.0,1.0,1.0,1.0,1.0,m2a_r1_circle_r0p7_cw_smooth_exit_0p10_derating_0p80_pilot
/agv2/derating_command,1789189088.987798,1789189088.987651,2,1789189039,1,False,1.0,1.0,1.0,1.0,1.0,1.0,1.0,1.0,m2a_r1_circle_r0p7_cw_smooth_exit_0p10_derating_0p80_pilot
/agv2/derating_command,1789189089.0876935,1789189089.0876222,2,1789189039,1,False,1.0,1.0,1.0,1.0,1.0,1.0,1.0,1.0,m2a_r1_circle_r0p7_cw_smooth_exit_0p10_derating_0p80_pilot
/agv2/derating_command,1789189089.1877122,1789189089.1876175,2,1789189039,1,False,1.0,1.0,1.0,1.0,1.0,1.0,1.0,1.0,m2a_r1_circle_r0p7_cw_smooth_exit_0p10_derating_0p80_pilot
/agv2/derating_command,1789189089.2878625,1789189089.287718,2,1789189039,1,False,1.0,1.0,1.0,1.0,1.0,1.0,1.0,1.0,m2a_r1_circle_r0p7_cw_smooth_exit_0p10_derating_0p80_pilot
/agv2/derating_command,1789189089.3877952,1789189089.387645,2,1789189039,1,False,1.0,1.0,1.0,1.0,1.0,1.0,1.0,1.0,m2a_r1_circle_r0p7_cw_smooth_exit_0p10_derating_0p80_pilot
/agv2/derating_command,1789189089.4877844,1789189089.4876528,2,1789189039,1,False,1.0,1.0,1.0,1.0,1.0,1.0,1.0,1.0,m2a_r1_circle_r0p7_cw_smooth_exit_0p10_derating_0p80_pilot
/agv2/derating_command,1789189089.587676,1789189089.587616,2,1789189039,1,False,1.0,1.0,1.0,1.0,1.0,1.0,1.0,1.0,m2a_r1_circle_r0p7_cw_smooth_exit_0p10_derating_0p80_pilot
/agv2/derating_command,1789189089.6877089,1789189089.6876173,2,1789189039,1,False,1.0,1.0,1.0,1.0,1.0,1.0,1.0,1.0,m2a_r1_circle_r0p7_cw_smooth_exit_0p10_derating_0p80_pilot
/agv2/derating_command,1789189089.7877083,1789189089.7876158,2,1789189039,1,False,1.0,1.0,1.0,1.0,1.0,1.0,1.0,1.0,m2a_r1_circle_r0p7_cw_smooth_exit_0p10_derating_0p80_pilot
/agv2/derating_command,1789189089.8876941,1789189089.8876173,2,1789189039,1,False,1.0,1.0,1.0,1.0,1.0,1.0,1.0,1.0,m2a_r1_circle_r0p7_cw_smooth_exit_0p10_derating_0p80_pilot
/agv2/derating_command,1789189089.9876802,1789189089.9876165,2,1789189039,1,False,1.0,1.0,1.0,1.0,1.0,1.0,1.0,1.0,m2a_r1_circle_r0p7_cw_smooth_exit_0p10_derating_0p80_pilot
/agv2/derating_command,1789189090.087752,1789189090.0876591,2,1789189039,1,False,1.0,1.0,1.0,1.0,1.0,1.0,1.0,1.0,m2a_r1_circle_r0p7_cw_smooth_exit_0p10_derating_0p80_pilot
/agv2/derating_command,1789189090.187753,1789189090.1876626,2,1789189039,1,False,1.0,1.0,1.0,1.0,1.0,1.0,1.0,1.0,m2a_r1_circle_r0p7_cw_smooth_exit_0p10_derating_0p80_pilot
/agv2/derating_command,1789189090.2876918,1789189090.2876222,2,1789189039,1,False,1.0,1.0,1.0,1.0,1.0,1.0,1.0,1.0,m2a_r1_circle_r0p7_cw_smooth_exit_0p10_derating_0p80_pilot
/agv2/derating_command,1789189090.3877654,1789189090.3876224,2,1789189039,1,False,1.0,1.0,1.0,1.0,1.0,1.0,1.0,1.0,m2a_r1_circle_r0p7_cw_smooth_exit_0p10_derating_0p80_pilot
/agv2/derating_command,1789189090.4877393,1789189090.4876475,2,1789189039,1,False,1.0,1.0,1.0,1.0,1.0,1.0,1.0,1.0,m2a_r1_circle_r0p7_cw_smooth_exit_0p10_derating_0p80_pilot
/agv2/derating_command,1789189090.5877306,1789189090.587649,2,1789189039,1,False,1.0,1.0,1.0,1.0,1.0,1.0,1.0,1.0,m2a_r1_circle_r0p7_cw_smooth_exit_0p10_derating_0p80_pilot
/agv2/derating_command,1789189090.6877015,1789189090.6876159,2,1789189039,1,False,1.0,1.0,1.0,1.0,1.0,1.0,1.0,1.0,m2a_r1_circle_r0p7_cw_smooth_exit_0p10_derating_0p80_pilot
/agv2/derating_command,1789189090.7878058,1789189090.7876172,2,1789189039,1,False,1.0,1.0,1.0,1.0,1.0,1.0,1.0,1.0,m2a_r1_circle_r0p7_cw_smooth_exit_0p10_derating_0p80_pilot
/agv2/derating_command,1789189090.8877084,1789189090.8876197,2,1789189039,1,False,1.0,1.0,1.0,1.0,1.0,1.0,1.0,1.0,m2a_r1_circle_r0p7_cw_smooth_exit_0p10_derating_0p80_pilot
/agv2/derating_command,1789189090.9877927,1789189090.9876168,2,1789189039,1,False,1.0,1.0,1.0,1.0,1.0,1.0,1.0,1.0,m2a_r1_circle_r0p7_cw_smooth_exit_0p10_derating_0p80_pilot
/agv2/derating_command,1789189091.137798,1789189091.1376412,2,1789189039,1,False,1.0,1.0,1.0,1.0,1.0,1.0,1.0,1.0,m2a_r1_circle_r0p7_cw_smooth_exit_0p10_derating_0p80_pilot
/agv2/derating_command,1789189091.1877496,1789189091.1876578,2,1789189039,1,False,1.0,1.0,1.0,1.0,1.0,1.0,1.0,1.0,m2a_r1_circle_r0p7_cw_smooth_exit_0p10_derating_0p80_pilot
/agv2/derating_command,1789189091.2877727,1789189091.2876458,2,1789189039,1,False,1.0,1.0,1.0,1.0,1.0,1.0,1.0,1.0,m2a_r1_circle_r0p7_cw_smooth_exit_0p10_derating_0p80_pilot
/agv2/derating_command,1789189091.3877683,1789189091.3876464,2,1789189039,1,False,1.0,1.0,1.0,1.0,1.0,1.0,1.0,1.0,m2a_r1_circle_r0p7_cw_smooth_exit_0p10_derating_0p80_pilot
/agv2/derating_command,1789189091.4877257,1789189091.4876525,2,1789189039,1,False,1.0,1.0,1.0,1.0,1.0,1.0,1.0,1.0,m2a_r1_circle_r0p7_cw_smooth_exit_0p10_derating_0p80_pilot
/agv2/derating_command,1789189091.5876844,1789189091.5876153,2,1789189039,1,False,1.0,1.0,1.0,1.0,1.0,1.0,1.0,1.0,m2a_r1_circle_r0p7_cw_smooth_exit_0p10_derating_0p80_pilot
/agv2/derating_command,1789189091.687748,1789189091.6876183,2,1789189039,1,False,1.0,1.0,1.0,1.0,1.0,1.0,1.0,1.0,m2a_r1_circle_r0p7_cw_smooth_exit_0p10_derating_0p80_pilot
/agv2/derating_command,1789189091.8377786,1789189091.8376505,2,1789189039,1,False,1.0,1.0,1.0,1.0,1.0,1.0,1.0,1.0,m2a_r1_circle_r0p7_cw_smooth_exit_0p10_derating_0p80_pilot
/agv2/derating_command,1789189091.9376714,1789189091.937616,2,1789189039,1,False,1.0,1.0,1.0,1.0,1.0,1.0,1.0,1.0,m2a_r1_circle_r0p7_cw_smooth_exit_0p10_derating_0p80_pilot
/agv2/derating_command,1789189092.037907,1789189092.0376518,2,1789189039,1,False,1.0,1.0,1.0,1.0,1.0,1.0,1.0,1.0,m2a_r1_circle_r0p7_cw_smooth_exit_0p10_derating_0p80_pilot
/agv2/derating_command,1789189092.1377568,1789189092.1376412,2,1789189039,1,False,1.0,1.0,1.0,1.0,1.0,1.0,1.0,1.0,m2a_r1_circle_r0p7_cw_smooth_exit_0p10_derating_0p80_pilot
/agv2/derating_command,1789189092.2376459,1789189092.23761,2,1789189039,1,False,1.0,1.0,1.0,1.0,1.0,1.0,1.0,1.0,m2a_r1_circle_r0p7_cw_smooth_exit_0p10_derating_0p80_pilot
/agv2/derating_command,1789189092.3377552,1789189092.3376393,2,1789189039,1,False,1.0,1.0,1.0,1.0,1.0,1.0,1.0,1.0,m2a_r1_circle_r0p7_cw_smooth_exit_0p10_derating_0p80_pilot
/agv2/derating_command,1789189092.3877494,1789189092.3876176,2,1789189039,1,False,1.0,1.0,1.0,1.0,1.0,1.0,1.0,1.0,m2a_r1_circle_r0p7_cw_smooth_exit_0p10_derating_0p80_pilot
/agv2/derating_command,1789189092.48775,1789189092.487618,2,1789189039,1,False,1.0,1.0,1.0,1.0,1.0,1.0,1.0,1.0,m2a_r1_circle_r0p7_cw_smooth_exit_0p10_derating_0p80_pilot
/agv2/derating_command,1789189092.637791,1789189092.6376512,2,1789189039,1,False,1.0,1.0,1.0,1.0,1.0,1.0,1.0,1.0,m2a_r1_circle_r0p7_cw_smooth_exit_0p10_derating_0p80_pilot
/agv2/derating_command,1789189092.6877072,1789189092.687617,2,1789189039,1,False,1.0,1.0,1.0,1.0,1.0,1.0,1.0,1.0,m2a_r1_circle_r0p7_cw_smooth_exit_0p10_derating_0p80_pilot
/agv2/derating_command,1789189092.7876856,1789189092.7876232,2,1789189039,1,False,1.0,1.0,1.0,1.0,1.0,1.0,1.0,1.0,m2a_r1_circle_r0p7_cw_smooth_exit_0p10_derating_0p80_pilot
/agv2/derating_command,1789189092.8877058,1789189092.8876226,2,1789189039,1,False,1.0,1.0,1.0,1.0,1.0,1.0,1.0,1.0,m2a_r1_circle_r0p7_cw_smooth_exit_0p10_derating_0p80_pilot
/agv2/derating_command,1789189092.9877784,1789189092.9876697,2,1789189039,1,False,1.0,1.0,1.0,1.0,1.0,1.0,1.0,1.0,m2a_r1_circle_r0p7_cw_smooth_exit_0p10_derating_0p80_pilot
/agv2/derating_command,1789189093.1377976,1789189093.1376538,2,1789189039,1,False,1.0,1.0,1.0,1.0,1.0,1.0,1.0,1.0,m2a_r1_circle_r0p7_cw_smooth_exit_0p10_derating_0p80_pilot
/agv2/derating_command,1789189093.1877623,1789189093.1876462,2,1789189039,1,False,1.0,1.0,1.0,1.0,1.0,1.0,1.0,1.0,m2a_r1_circle_r0p7_cw_smooth_exit_0p10_derating_0p80_pilot
/agv2/derating_command,1789189093.2877748,1789189093.2876518,2,1789189039,1,False,1.0,1.0,1.0,1.0,1.0,1.0,1.0,1.0,m2a_r1_circle_r0p7_cw_smooth_exit_0p10_derating_0p80_pilot
/agv2/derating_command,1789189093.387776,1789189093.3876631,2,1789189039,1,False,1.0,1.0,1.0,1.0,1.0,1.0,1.0,1.0,m2a_r1_circle_r0p7_cw_smooth_exit_0p10_derating_0p80_pilot
/agv2/derating_command,1789189093.4876947,1789189093.4876437,2,1789189039,1,False,1.0,1.0,1.0,1.0,1.0,1.0,1.0,1.0,m2a_r1_circle_r0p7_cw_smooth_exit_0p10_derating_0p80_pilot
/agv2/derating_command,1789189093.5877528,1789189093.587647,2,1789189039,1,False,1.0,1.0,1.0,1.0,1.0,1.0,1.0,1.0,m2a_r1_circle_r0p7_cw_smooth_exit_0p10_derating_0p80_pilot
/agv2/derating_command,1789189093.6877377,1789189093.6876469,2,1789189039,1,False,1.0,1.0,1.0,1.0,1.0,1.0,1.0,1.0,m2a_r1_circle_r0p7_cw_smooth_exit_0p10_derating_0p80_pilot
/agv2/derating_command,1789189093.7877455,1789189093.787648,2,1789189039,1,False,1.0,1.0,1.0,1.0,1.0,1.0,1.0,1.0,m2a_r1_circle_r0p7_cw_smooth_exit_0p10_derating_0p80_pilot
/agv2/derating_command,1789189093.8877058,1789189093.8876178,2,1789189039,1,False,1.0,1.0,1.0,1.0,1.0,1.0,1.0,1.0,m2a_r1_circle_r0p7_cw_smooth_exit_0p10_derating_0p80_pilot
/agv2/derating_command,1789189093.9877355,1789189093.9876287,2,1789189039,1,False,1.0,1.0,1.0,1.0,1.0,1.0,1.0,1.0,m2a_r1_circle_r0p7_cw_smooth_exit_0p10_derating_0p80_pilot
/agv2/derating_command,1789189094.0877004,1789189094.0876663,2,1789189039,1,False,1.0,1.0,1.0,1.0,1.0,1.0,1.0,1.0,m2a_r1_circle_r0p7_cw_smooth_exit_0p10_derating_0p80_pilot
/agv2/derating_command,1789189094.1877437,1789189094.18765,2,1789189039,1,False,1.0,1.0,1.0,1.0,1.0,1.0,1.0,1.0,m2a_r1_circle_r0p7_cw_smooth_exit_0p10_derating_0p80_pilot
/agv2/derating_command,1789189094.2878048,1789189094.2876503,2,1789189039,1,False,1.0,1.0,1.0,1.0,1.0,1.0,1.0,1.0,m2a_r1_circle_r0p7_cw_smooth_exit_0p10_derating_0p80_pilot
/agv2/derating_command,1789189094.3877401,1789189094.3876545,2,1789189039,1,False,1.0,1.0,1.0,1.0,1.0,1.0,1.0,1.0,m2a_r1_circle_r0p7_cw_smooth_exit_0p10_derating_0p80_pilot
/agv2/derating_command,1789189094.4876971,1789189094.4876175,2,1789189039,1,False,1.0,1.0,1.0,1.0,1.0,1.0,1.0,1.0,m2a_r1_circle_r0p7_cw_smooth_exit_0p10_derating_0p80_pilot
/agv2/derating_command,1789189094.58777,1789189094.587646,2,1789189039,1,False,1.0,1.0,1.0,1.0,1.0,1.0,1.0,1.0,m2a_r1_circle_r0p7_cw_smooth_exit_0p10_derating_0p80_pilot
/agv2/derating_command,1789189094.6877759,1789189094.6876912,2,1789189039,1,False,1.0,1.0,1.0,1.0,1.0,1.0,1.0,1.0,m2a_r1_circle_r0p7_cw_smooth_exit_0p10_derating_0p80_pilot
/agv2/derating_command,1789189094.7877338,1789189094.7876763,2,1789189039,1,False,1.0,1.0,1.0,1.0,1.0,1.0,1.0,1.0,m2a_r1_circle_r0p7_cw_smooth_exit_0p10_derating_0p80_pilot
/agv2/derating_command,1789189094.887855,1789189094.8876572,2,1789189039,1,False,1.0,1.0,1.0,1.0,1.0,1.0,1.0,1.0,m2a_r1_circle_r0p7_cw_smooth_exit_0p10_derating_0p80_pilot
/agv2/derating_command,1789189094.9877067,1789189094.9876213,2,1789189039,1,False,1.0,1.0,1.0,1.0,1.0,1.0,1.0,1.0,m2a_r1_circle_r0p7_cw_smooth_exit_0p10_derating_0p80_pilot
