v3_relative_time,m1b_counterfactual_common_velocity_mps,effective_common_velocity_mps,paired_reference_difference_mps,m1_common_boundary_upper,m1b_common_boundary_upper,m1_risk_contraction,m1b_risk_contraction,m1_agv2_robust_margin,m1b_agv2_robust_margin,m1_yaw_drive_disturbance_left_nominal,m1b_yaw_drive_disturbance_left_nominal,m1_yaw_drive_disturbance_right_nominal,m1b_yaw_drive_disturbance_right_nominal,m1_agv2_s_dot_actual,m1b_agv2_s_dot_actual
0.0,0.0997869491535643,0.10038863095411388,0.0,0.10699991758778436,0.107,8.241221563509704e-08,0.0,1.0,1.0,0.1320776266000071,0.13103055557831983,0.1120378408678658,0.1112136017000338,0.1003725316089397,0.09978576213226967
0.019899973273277284,0.09978804448059538,0.100386513271377,0.0,0.10699991966967258,0.107,8.241221563509704e-08,0.0,1.0,1.0,0.13208687046447007,0.13101787280704963,0.11204283256296634,0.11120594283204494,0.10037217820365289,0.09980666046371729
0.03979994654655457,0.09978804448059538,0.10038650584498211,0.0,0.10699991967697345,0.107,8.03230265494781e-08,0.0,1.0,1.0,0.13207875611951325,0.13105570084695925,0.11203788283844059,0.11123715120435188,0.10037226632251328,0.09982365160084068
0.059699919819831845,0.09978865729218049,0.10038548807014835,0.0,0.10699992170268716,0.107,8.03230265494781e-08,0.0,1.0,1.0,0.13205212208056435,0.1310704679796508,0.11202080740731028,0.11125210030200203,0.100372322680555,0.09983983332011671
0.07959989309310914,0.09978866974662555,0.10038546186442614,0.0,0.10699992175484535,0.107,7.824515464716075e-08,0.0,1.0,1.0,0.1320495210932147,0.13108840656070264,0.11201935031600749,0.1112687553596032,0.1003687642848217,0.09985672219559705
0.09949986636638641,0.09978867304851087,0.10038390852728063,0.0,0.10699992365685473,0.107,7.824515464716075e-08,0.0,1.0,1.0,0.1320525040140148,0.1310720114705317,0.11202029991133895,0.11126385715634117,0.10036949641881791,0.09987571569096702
0.11939983963966369,0.09978867304851087,0.10038382422420024,0.0,0.10699992376008104,0.107,7.623991896132942e-08,0.0,1.0,1.0,0.13204025547599754,0.13110879009551074,0.11201257963250244,0.11129299702089186,0.10036428786838066,0.09991213703177819
0.13929981291294097,0.09978985109443443,0.10038228954065583,0.0,0.10699992561392094,0.107,7.623991896132942e-08,0.0,1.0,1.0,0.1320178711610255,0.12987807671702326,0.11199630361232146,0.11053760610030976,0.10036676962454727,0.09989907009374
0.15919978618621827,0.09978993779684488,0.100382182403828,0.0,0.10699992574333819,0.107,7.425666180560508e-08,0.0,1.0,1.0,0.1320434787213522,0.13114491088261523,0.11201252364176655,0.11132154433682515,0.10036211109007323,0.0997983389653936
0.17909975945949555,0.09979011430090719,0.10038030694276244,0.0,0.10699992745151074,0.107,7.425666180560508e-08,0.0,1.0,1.0,0.13205300271959602,0.13100852274795158,0.11201562816035802,0.11119889329039954,0.1003616603024545,0.09983726591215039
0.19899973273277283,0.09979011430090719,0.10038012252895086,0.0,0.10699992761947509,0.107,7.238052490698976e-08,0.0,1.0,1.0,0.13202288999423697,0.13109130456653584,0.1119933641176411,0.11125806989747185,0.10036175441661319,0.09982289975849608
0.2188997060060501,0.0997917153984516,0.10037973401263545,0.0,0.1069999292602539,0.107,7.238052490698976e-08,0.0,1.0,1.0,0.1320276975944833,0.13108826266705412,0.11199240914308747,0.11124719456566462,0.1003583583288465,0.09983727716573582
0.23879967927932738,0.0997917153984516,0.10037968486601279,0.0,0.1069999294678095,0.107,7.053219050479065e-08,0.0,1.0,1.0,0.13202351222873135,0.13110253454544404,0.11198249754139328,0.11125498452432937,0.10035405065505047,0.09982882818930588
0.2586996525526047,0.09979313473895175,0.1003795751733005,0.0,0.10699993104784743,0.107,7.053219050479065e-08,0.0,1.0,1.0,0.13201866028272846,0.13110622254942653,0.11196896481149038,0.11124516946119674,0.10034854124598709,0.09983944208308454
0.27859962582588194,0.09979313473895175,0.10037955928591104,0.0,0.10699993127669288,0.107,6.872330711449326e-08,0.0,1.0,1.0,0.1320030246652466,0.13113921833814388,0.11194502865130422,0.11125765929567838,0.10034138350873242,0.09982297798595677
0.29849959909915924,0.09979485999926645,0.10037928186162852,0.0,0.10699993279017798,0.107,6.872330711449326e-08,0.0,1.0,1.0,0.1320022786787713,0.1311356736173126,0.11192588789112647,0.11123441018916136,0.10033143511514069,0.09983548988216091
0.31839957237243655,0.09979485999926645,0.10037923242159086,0.0,0.10699993305989756,0.107,6.694010243335491e-08,0.0,1.0,1.0,0.1320258525571129,0.13115948423427778,0.11191641871979037,0.11123301668862745,0.10031914367229275,0.09983778360050277
0.3382995456457138,0.09979549122833542,0.10037833150276408,0.0,0.10699993448523416,0.107,6.694010243335491e-08,0.0,1.0,1.0,0.13201709171781295,0.13116279841928,0.1118800318648066,0.11121033628666428,0.10031048826305375,0.09981952046470721
0.3581995189189911,0.09979549122833542,0.10037815002061005,0.0,0.10699993477235566,0.107,6.522764434135908e-08,0.0,1.0,1.0,0.13200306663939354,0.13116953087855335,0.1118343211325221,0.11117580027915809,0.10029619709473182,0.0997960017633435
0.37809949219226835,0.0997959189205173,0.10037758229016458,0.0,0.10699993612691419,0.107,6.522764434135908e-08,0.0,1.0,1.0,0.1320225790680872,0.13117127202205955,0.11180126460951059,0.11112859561568401,0.10027720680501015,0.09977597223731488
0.39799946546554565,0.0997959189205173,0.10037744851466575,0.0,0.10699993644609163,0.107,6.355390837209374e-08,0.0,1.0,1.0,0.13203603666158023,0.13118147216337925,0.11175410883274504,0.11107956135822473,0.10025669423193083,0.09974848571378928
0.41789943873882296,0.09979609145193334,0.10037698651357446,0.0,0.10699993774767406,0.107,6.355390837209374e-08,0.0,1.0,1.0,0.13203981780149496,0.13118435997818126,0.1116906999674325,0.11101418794188606,0.10023146377938888,0.0997184025480394
0.4377994120121002,0.09979609145193334,0.10037686644812294,0.0,0.10699993808593103,0.107,6.191406896893792e-08,0.0,1.0,1.0,0.13205205539152323,0.1312115204775286,0.11162092574325644,0.11095342809702825,0.10020298897615414,0.0997079557628671
0.4576993852853775,0.09979540498632578,0.10037584370168876,0.0,0.10699993933183162,0.107,6.191406896893792e-08,0.0,1.0,1.0,0.13205424387551007,0.13123933435313667,0.11153172665380864,0.1108888046250446,0.10017014381561472,0.09968620997601449
0.47759935855865476,0.09979521000238317,0.10037554533332764,0.0,0.1069999396953013,0.107,6.030469869300337e-08,0.0,1.0,1.0,0.13208484158397482,0.13126217552085007,0.11144699327068233,0.11080527957298017,0.10013114120497785,0.09965868899758358
0.49749933183193207,0.09979365453505538,0.10037384120348096,0.0,0.10699994086150387,0.107,6.030469869300337e-08,0.0,1.0,1.0,0.13209546835879696,0.13129170457605718,0.11133389539192197,0.11071170782124798,0.10008959454227,0.09960953186471745
0.5173993051052094,0.09979365453505538,0.10037327645710904,0.0,0.10699994124798186,0.107,5.875201813942965e-08,0.0,1.0,1.0,0.13211412594505595,0.1313167715884621,0.11121003233701487,0.11059147523730918,0.10003841648109359,0.09957883692031139
0.5372992783784867,0.09979312273150663,0.10037158907616868,0.0,0.10699994236243236,0.107,5.875201813942965e-08,0.0,1.0,1.0,0.13213894309984037,0.13137775317330375,0.1110722613640934,0.11048698417486433,0.09998611658667973,0.09951585275647273
0.5571992516517639,0.09979292448058034,0.1003709731618545,0.0,0.10699994276922019,0.107,5.72307798096805e-08,0.0,1.0,1.0,0.13217259558193536,0.1313943567842857,0.11092279685690555,0.11032518506317743,0.09992429817425645,0.09947854071760909
0.5770992249250412,0.09979307648848823,0.10036892281058246,0.0,0.10699994383393428,0.107,5.72307798096805e-08,0.0,1.0,1.0,0.13220855208035504,0.13143980789175386,0.1107543505494634,0.11017417149610832,0.09985677428151343,0.09938993818642243
0.5969991981983185,0.09979307648848823,0.10036810798166956,0.0,0.10699994425706169,0.107,5.574293830690191e-08,0.0,1.0,1.0,0.13224734934964608,0.13147254390169122,0.1105681466310425,0.1099810400884625,0.09978771241955227,0.09932125936842366
0.6168991714715958,0.0997945916148624,0.10036556037032353,0.0,0.10699994525685227,0.107,5.574293830690191e-08,0.0,1.0,1.0,0.13230255029618956,0.13152875949258697,0.11037313296704931,0.10978822365306186,0.09970121949655955,0.09923209983278984
0.6367991447448731,0.09979525252335802,0.10036442513798542,0.0,0.10699994570236551,0.107,5.429763448583369e-08,0.0,1.0,1.0,0.13234851244048954,0.13157016524170112,0.11014808576556251,0.10956129056035756,0.099628562899899,0.09916842618547622
0.6566991180181503,0.09979579422780788,0.10036181046135546,0.0,0.10699994664797301,0.107,5.429763448583369e-08,0.0,1.0,1.0,0.13242564414569313,0.13165470759244186,0.10992547321409472,0.10935230813046821,0.09953674222455575,0.09909181772789417
0.6765990912914276,0.0997960523112383,0.10036052255696255,0.0,0.1069999471137484,0.107,5.2886251600270384e-08,0.0,1.0,1.0,0.13249003282819036,0.13174439997453047,0.10966823705030462,0.10912373227681146,0.09944480312635848,0.0990064363683461
0.6964990645647049,0.09979677790145651,0.10035741228601255,0.0,0.10699994801633196,0.107,5.2886251600270384e-08,0.0,1.0,1.0,0.13256799460792357,0.1318177070065149,0.10939969065702532,0.10886203287840801,0.09933104816838034,0.09889175388598054
0.7163990378379822,0.09979677790145651,0.10035578062502006,0.0,0.10699994848983102,0.107,5.151016897742e-08,0.0,1.0,1.0,0.1326390288198254,0.13191070653154424,0.10909964332686353,0.10857784184319502,0.09922574464976543,0.09877454392677128
0.7362990111112595,0.09979710046039127,0.10035240130604665,0.0,0.10699994934780209,0.107,5.151016897742e-08,0.0,1.0,1.0,0.13273640561625322,0.13199411849811934,0.10879666565762745,0.10826492825335475,0.09911492162479904,0.0986512385589346
0.7561989843845367,0.09979710046039127,0.10035046542674429,0.0,0.10699994983930007,0.107,5.016069992702654e-08,0.0,1.0,1.0,0.13284390514525446,0.13208970496514946,0.10847695523373944,0.10793780972378868,0.09899690482933254,0.09855449655888424
0.776098957657814,0.09979775050025246,0.10034680105785027,0.0,0.10699995061854273,0.107,5.016069992702654e-08,0.0,1.0,1.0,0.13296173019529633,0.13220857810047634,0.108142817673651,0.10761573680039623,0.09887251603988523,0.09841380160602069
0.7959989309310913,0.09979775050025246,0.10034440155152553,0.0,0.10699995112880731,0.107,4.887119268992546e-08,0.0,1.0,1.0,0.13307273021145044,0.13232834614472005,0.10777803675627913,0.10725804176555924,0.09874907878340612,0.09827366646232492
0.8158989042043686,0.09979875085973548,0.10034141409391681,0.0,0.10699995186307328,0.107,4.887119268992546e-08,0.0,1.0,1.0,0.1332137188383048,0.13245193437423936,0.10741325757833285,0.10688039825191673,0.09861405790607901,0.09813524863712249
0.8357988774776459,0.09979941498556845,0.10033928542468347,0.0,0.10699995238626375,0.107,4.7613736245399885e-08,0.0,1.0,1.0,0.13334800506933359,0.13257161908398235,0.10701900092895311,0.10648144135044973,0.09847730754257061,0.09798974301897719
0.8556988507509231,0.09979990411342242,0.10033657395878331,0.0,0.10699995309435911,0.107,4.7613736245399885e-08,0.0,1.0,1.0,0.13349772693551343,0.1327072932969585,0.10661422171012766,0.10606921188305804,0.09833942997979069,0.09783760014286458
0.8755988240242004,0.09979990411342242,0.10033452982232793,0.0,0.10699995362818236,0.107,4.637181763578191e-08,0.0,1.0,1.0,0.13367206141492413,0.13287192560685904,0.10620608786411684,0.1056590224830751,0.09819448835825483,0.09768250289130198
0.8954987972974777,0.09980063929575125,0.1003318210464667,0.0,0.106999954272103,0.107,4.637181763578191e-08,0.0,1.0,1.0,0.13384991302176297,0.13304767223337033,0.1057818324349868,0.10523246962658189,0.09804948911834534,0.09752164017944567
0.915398770570755,0.09980121473589963,0.1003295328320395,0.0,0.10699995481604926,0.107,4.518395073371817e-08,0.0,1.0,1.0,0.13403766096097142,0.1332223101627496,0.10534323280828174,0.10478773658225404,0.09790351427771658,0.09740106662817044
0.9352987438440323,0.0998019950022111,0.10032759290124299,0.0,0.10699995542027549,0.107,4.518395073371817e-08,0.0,1.0,1.0,0.13422359081702914,0.1334523309526379,0.10488515750178727,0.10437536765007627,0.09775804584695201,0.09726725356145546
0.9551987171173095,0.0998019950022111,0.10032582855758676,0.0,0.10699995596981195,0.107,4.4030188051102925e-08,0.0,1.0,1.0,0.13444120577770496,0.13367957100239378,0.10443474496317783,0.10394170725254924,0.09761207679095396,0.09712479380832126
0.9750986903905868,0.09980289839636469,0.10032466059405298,0.0,0.10699995653356541,0.107,4.4030188051102925e-08,0.0,1.0,1.0,0.13466165289499293,0.1338956957766253,0.10396955043764092,0.10348296619387058,0.09746359053918428,0.09695605583842604
0.9949986636638641,0.09980289839636469,0.1003234986356046,0.0,0.10699995709442034,0.107,4.2905579658580884e-08,0.0,1.0,1.0,0.1348992656793796,0.13411483155843976,0.1034998971032615,0.10300259200120485,0.09731723176072422,0.0968004741875218
1.0148986369371413,0.09980306938481369,0.10032263859674248,0.0,0.10699995763236583,0.107,4.2905579658580884e-08,0.0,1.0,1.0,0.13513194985934346,0.1343374518307082,0.10301744711187356,0.10251142746245862,0.09717315828004282,0.0966437476871646
1.0347986102104187,0.09980306938481369,0.10032173730357484,0.0,0.10699995819611548,0.107,4.180388452068584e-08,0.0,1.0,1.0,0.1353844832784799,0.13460329312210506,0.10253943171946918,0.10204177624945068,0.09702760589572178,0.09649482797639308
1.054698583483696,0.09980334465045566,0.10032103109014041,0.0,0.10699995869336126,0.107,4.180388452068584e-08,0.0,1.0,1.0,0.13563138940236155,0.13485708054895373,0.10204202345158928,0.10155559524550961,0.0968867927578935,0.09634436182063412
1.0745985567569734,0.09980334465045566,0.10032021512398583,0.0,0.1069999592678841,0.107,4.073211590238657e-08,0.0,1.0,1.0,0.13590768805341236,0.13512997040966573,0.10155982904124176,0.10107561453081995,0.09674255044140664,0.09620300097391103
1.0944985300302505,0.09980473901557514,0.1003195817840166,0.0,0.1069999597502791,0.107,4.073211590238657e-08,0.0,1.0,1.0,0.13618871582906664,0.13541548183687666,0.10107225697716604,0.10059362235145979,0.09660337201369074,0.0960575933170712
1.1143985033035277,0.09980473901557514,0.10031882515872337,0.0,0.10699996032657662,0.107,3.9673423379849027e-08,0.0,1.0,1.0,0.13648008536245176,0.13569434878365919,0.10058907968317313,0.10010329816596585,0.09647416024942669,0.09592251754563574
1.1342984765768052,0.09980607433371137,0.10031780007968855,0.0,0.10699996077894233,0.107,3.9673423379849027e-08,0.0,1.0,1.0,0.13678592817502433,0.13601966377618852,0.10011535760921286,0.09964271969072003,0.09634934041363108,0.09579181311976138
1.1541984498500824,0.09980778473437756,0.1003164582681088,0.0,0.10699996137108161,0.107,3.862891838346538e-08,0.0,1.0,1.0,0.13713189839647574,0.1363399711867282,0.09966714520517786,0.09917773930878794,0.09623246013566955,0.09567157943751252
1.1740984231233598,0.09981064588361628,0.1003148166818546,0.0,0.10699996177830755,0.107,3.862891838346538e-08,0.0,1.0,1.0,0.13743499861641914,0.13663917869376163,0.0991895344941095,0.09869756015310219,0.09612872127047305,0.09558638407617104
1.193998396396637,0.09981064588361628,0.10031243384881043,0.0,0.1069999623694135,0.107,3.763058649408624e-08,0.0,1.0,1.0,0.1377910678653262,0.137044254648068,0.09875477087603708,0.09829998835150597,0.09603248149299115,0.09549611854411283
1.2138983696699142,0.09981199842421126,0.1003108947834158,0.0,0.1069999627506837,0.107,3.763058649408624e-08,0.0,1.0,1.0,0.13813261752881417,0.1374065026827233,0.098314249598207,0.09787820226006276,0.09594567850034938,0.09542145847436506
1.2337983429431916,0.09981397260396481,0.10030849766211346,0.0,0.10699996334451871,0.107,3.665548128917173e-08,0.0,1.0,1.0,0.1384929553286496,0.13778687157249528,0.0978960781449829,0.09747603618939642,0.09586968926138882,0.09536102741602805
1.2536983162164688,0.09981829511136425,0.10030701214129724,0.0,0.10699996369281665,0.107,3.665548128917173e-08,0.0,1.0,1.0,0.1388652185128699,0.13817769705205252,0.09749146502755486,0.09708769970417198,0.09580255787502452,0.09529572138792296
1.2735982894897462,0.09981829511136425,0.100304427323666,0.0,0.10699996429885775,0.107,3.570114225082133e-08,0.0,1.0,1.0,0.13925368561771248,0.13856864989560003,0.09710598167655793,0.09670598223042368,0.09574592339740202,0.09525186313031289
1.2934982627630234,0.09982000713843199,0.10030274679395419,0.0,0.10699996462913725,0.107,3.570114225082133e-08,0.0,1.0,1.0,0.13963690597683237,0.13900286957515434,0.09672971166498834,0.09636652218227282,0.09570361883163427,0.09521428417087305
1.3133982360363006,0.09982303040891483,0.10029970477560006,0.0,0.10699996522699416,0.107,3.477300583587528e-08,0.0,1.0,1.0,0.14003732850814363,0.13941127830902872,0.09638032717865738,0.09602313760206944,0.09567290059416698,0.09517738570624008
1.333298209309578,0.0998245829314699,0.1002980264437231,0.0,0.10699996553172149,0.107,3.477300583587528e-08,0.0,1.0,1.0,0.14044552324137838,0.1398084462829582,0.09605005275754955,0.09567731331753922,0.09565495105134467,0.0951726259188033
1.3531981825828552,0.09982755525439012,0.1002947038344083,0.0,0.10699996613499305,0.107,3.386500695146122e-08,0.0,1.0,1.0,0.14087041303992576,0.14025161575984624,0.0957493918334288,0.09538785315958853,0.09565004162460579,0.09517636718399786
1.3730981558561326,0.09982883449915042,0.10029297097870547,0.0,0.10699996641011658,0.107,3.386500695146122e-08,0.0,1.0,1.0,0.1412824316719393,0.14069107309342357,0.09545214776957739,0.09511017520402291,0.0956646032408711,0.09519318489116012
1.3929981291294098,0.09983162427834023,0.10028917984121154,0.0,0.10699996701203118,0.107,3.2987968814901514e-08,0.0,1.0,1.0,0.14171680766693973,0.1411450237813377,0.09519460874127898,0.09486148575160926,0.09569097392213004,0.09521521493819964
1.412898102402687,0.09983219592922012,0.10028765654012589,0.0,0.10699996726483513,0.107,3.2987968814901514e-08,0.0,1.0,1.0,0.14216384034510443,0.14156996541867958,0.09496026067178456,0.09460516744396466,0.0957321915362898,0.09525585290137659
1.4327980756759644,0.09983353769753713,0.10028401481655415,0.0,0.10699996786920814,0.107,3.2130791860485175e-08,0.0,1.0,1.0,0.14260455487693088,0.14203732963037624,0.09474773505109692,0.09440044430505545,0.09578571627849228,0.09531302919519197
1.4526980489492416,0.09983483353547222,0.10028278987573443,0.0,0.10699996808097818,0.107,3.2130791860485175e-08,0.0,1.0,1.0,0.14305210651890496,0.14250657108069473,0.09455591726781877,0.09422303138481301,0.09585569338040353,0.09535256411816073
1.472598022222519,0.09983483353547222,0.10027928245925921,0.0,0.10699996868734685,0.107,3.1312653150927794e-08,0.0,1.0,1.0,0.1434974974510321,0.14295812545571004,0.09438136806192748,0.09404298851064763,0.09594146114340313,0.09545485337664908
1.4924979954957962,0.09983569233254304,0.10027847244204391,0.0,0.10699996889435098,0.107,3.1312653150927794e-08,0.0,1.0,1.0,0.14397033138435808,0.14343675527644523,0.09424870813661626,0.09390991739030162,0.09603625803324231,0.09556137766330329
1.5123979687690734,0.09983569233254304,0.10027611806304026,0.0,0.10699996949602483,0.107,3.050397516524139e-08,0.0,1.0,1.0,0.14442659831935528,0.14391077840437647,0.09412733875804992,0.09379838584211384,0.0961449644213329,0.09566713015485821
1.5322979420423508,0.09983748321420459,0.10027536275659725,0.0,0.10699996967346415,0.107,3.050397516524139e-08,0.0,1.0,1.0,0.14486139245868657,0.14437290686942347,0.09401195982732322,0.0936921741043646,0.09626532189853836,0.09578363324081798
1.552197915315628,0.09983748321420459,0.1002727561722111,0.0,0.10699997028581237,0.107,2.971418762431899e-08,0.0,1.0,1.0,0.14533311704571716,0.14486922368760446,0.09394251650901561,0.09362919674313373,0.09638752262151454,0.09591560261537738
1.5720978885889054,0.09983867387934713,0.10027206099923873,0.0,0.10699997044438976,0.107,2.971418762431899e-08,0.0,1.0,1.0,0.14577498510237993,0.14531370403699106,0.0938671184217936,0.09355355912004795,0.096515060169973,0.09605261364500078
1.5919978618621826,0.09983867387934713,0.10026938638539135,0.0,0.10699997105450164,0.107,2.8945498359300714e-08,0.0,1.0,1.0,0.1462153166044652,0.14577260287009913,0.09381025253856419,0.09350481003554394,0.0966624887050807,0.09618192110043129
1.6118978351354598,0.09983883345034743,0.100268820843459,0.0,0.10699997119127991,0.107,2.8945498359300714e-08,0.0,1.0,1.0,0.1466657060113245,0.14620612016146783,0.09377912777161751,0.09345325207685277,0.09681564240779064,0.09633872209438918
1.6317978084087372,0.09983883345034743,0.10026631051130193,0.0,0.10699997179841243,0.107,2.8201587565224173e-08,0.0,1.0,1.0,0.14711144342462512,0.14668854036242088,0.09375927875096819,0.0934550785505025,0.09697107504344188,0.0964996518179122
1.6516977816820144,0.09983876174828431,0.10026601015310756,0.0,0.10699997190869259,0.107,2.8201587565224173e-08,0.0,1.0,1.0,0.14754959994951997,0.1471260470064602,0.0937539190869114,0.09344285876824207,0.09711802273727274,0.09666819154945136
1.6715977549552918,0.09983841717533448,0.1002643489942141,0.0,0.10699997251860723,0.107,2.7481392772532587e-08,0.0,1.0,1.0,0.1479609519290393,0.14758253779643976,0.09373619589805705,0.09346006836123086,0.09728771672834284,0.09681087421313282
1.691497728228569,0.09983752433263104,0.1002642095061425,0.0,0.10699997262654902,0.107,2.7481392772532587e-08,0.0,1.0,1.0,0.1483875599648679,0.14796902230957207,0.09374914685123707,0.09343562327861527,0.09744575638894686,0.09697710833444798
1.7113977015018462,0.09983752433263104,0.10026344664323679,0.0,0.10699997321688477,0.107,2.6783115225637033e-08,0.0,1.0,1.0,0.14876839515383636,0.14841385436387206,0.09374258777300148,0.09347117646347448,0.09761908644304289,0.09713640458472504
1.7312976747751236,0.09983749850256143,0.10026347540774015,0.0,0.10699997330983141,0.107,2.6783115225637033e-08,0.0,1.0,1.0,0.14918705883370428,0.14882930337888675,0.09377689669726404,0.09349529998240373,0.09777460214804598,0.09729652586244911
1.7511976480484008,0.0998373256179756,0.10026365979462111,0.0,0.10699997390564005,0.107,2.6094359950601387e-08,0.0,1.0,1.0,0.14954833485829575,0.14920626492070713,0.09378081052770558,0.09350478703493689,0.09794689233547227,0.09748431467271809
1.7710976213216783,0.09983723057650813,0.10026366568061454,0.0,0.10699621166746816,0.107,2.6094359950601387e-08,0.0,1.0,1.0,0.1499139607735814,0.1495947177298993,0.09380286799629564,0.0935421353402789,0.09809967026063907,0.09763793375048804
1.7909975945949554,0.09983723057650813,0.10026371623897629,0.0,0.10696389552561425,0.107,3.610447438574804e-05,0.0,0.9624007379509247,1.0,0.15026449660665328,0.14991880754778666,0.0938219880089699,0.09354062062191021,0.09825156566412488,0.0978195581556728
1.8108975678682326,0.09983733394261886,0.10026367360459837,0.0,0.10695412709643884,0.107,3.610447438574804e-05,0.0,0.9624007379509247,0.9964387440177788,0.15059401226638375,0.150330851495324,0.09383654277130374,0.09361222901951281,0.09841730269308088,0.0979538779056055
1.83079754114151,0.09983824778911465,0.10026321952068047,0.0,0.106850086957759,0.107,0.00014991304224100388,0.0,0.8912668165953014,0.9649541377270254,0.15095068240323065,0.15065378683900105,0.09388289392082232,0.09362618207236115,0.09855478021613054,0.09812711433178262
1.8506975144147872,0.09983957072099002,0.10026310940745972,0.0,0.10683728112604551,0.107,0.00014991304224100388,0.0,0.8912668165953014,0.9601057844777598,0.15121564383515104,0.15099128919942123,0.09387004566444236,0.093667612301873,0.098699217585465,0.0982822505144449
1.8705974876880647,0.09983957072099002,0.10026160355378304,0.0,0.10666215493650764,0.107,0.00033784506349235355,0.0,0.8299863792298218,0.8990819415776202,0.15151849489569721,0.15129586022179306,0.09389745941297718,0.09369436835180413,0.09883251855726959,0.09842227949132545
1.8904974609613419,0.09984119782261887,0.10026152955118081,0.0,0.10665032360546313,0.107,0.00033784506349235355,0.0,0.8299863792298218,0.8959807650420251,0.15178748037032572,0.15158774720988522,0.09390844979995322,0.09371936454588567,0.09898151655128394,0.09857784191813561
1.910397434234619,0.09984119782261887,0.10025992647400038,0.0,0.10639402806663363,0.107,0.0006059719333663671,0.0,0.7718453239581508,0.8400809863555236,0.15205996828618834,0.15188352519500317,0.09393458078156793,0.09375868859769429,0.0990964876882868,0.09871105796805786
1.9302974075078965,0.09984123893772782,0.10025987799198795,0.0,0.10638410996826783,0.107,0.0006059719333663671,0.0,0.7718453239581508,0.8388535512106983,0.15229363360788165,0.15214282838480328,0.09393609978613415,0.09377890763607953,0.0992070243986097,0.09882361645621152
1.9501973807811737,0.09984303533848625,0.1002582772057078,0.0,0.10605663272480104,0.107,0.0009433672751989614,0.0,0.7251505255527313,0.7852244722347773,0.1524880793958876,0.1523612726219727,0.0939210228532123,0.0937746055339913,0.09930999939611015,0.09893638872492491
1.970097354054451,0.09984355021555548,0.10025827380095474,0.0,0.10605534691843824,0.107,0.0009433672751989614,0.0,0.7251505255527313,0.7844849431754682,0.15268853734788157,0.15256689386956368,0.09391738605590796,0.09377220186617971,0.09940344852692819,0.09904177286014408
1.9899973273277283,0.09984355021555548,0.10025720496440406,0.0,0.10565170036569874,0.107,0.001344029172899,0.0,0.6834882570416361,0.7428249920947927,0.15287356652370593,0.15276411206056853,0.09390815750288418,0.09377264761871584,0.09949335001820679,0.09916464698223602
2.0098973006010055,0.09984547695817071,0.10025720496440406,0.0,0.10565170036569874,0.107,0.0013482996343012615,0.0,0.6830441990699931,0.7428249920947927,0.15303812642078737,0.15298321813717877,0.09389524836585281,0.09379984508033438,0.09957799889901289,0.09925696712754176
2.0297972738742827,0.09984550045846924,0.10025664175878785,0.0,0.1051845266701763,0.107,0.0018031849114703048,0.0,0.6466968023120323,0.7010874274876233,0.1531943325611584,0.15312413848002143,0.09388332830626052,0.09377567036782167,0.09965606010294409,0.09932079801109459
2.0496972471475603,0.09984655591951025,0.10025664175878785,0.0,0.1051845266701763,0.107,0.0018154733298236941,0.0,0.6457149019520159,0.7010874274876233,0.1533406575048854,0.15323370785662246,0.09387300467769306,0.0937342979712025,0.09972551928179894,0.09936373928183483
2.0695972204208375,0.09984658880392035,0.10025687953586275,0.0,0.10466810811067306,0.107,0.0023086406361038404,0.0,0.6198750999973818,0.6753629819066409,0.15346741699985728,0.1533552578081861,0.09385610707180943,0.09370281463560336,0.09978502043581715,0.09942800299727161
2.0894971936941147,0.09984645135892385,0.10025687953586275,0.0,0.10466810811067306,0.107,0.002331891889326934,0.0,0.6186568363963058,0.6753629819066409,0.15358139153488198,0.1534458234686078,0.09383761603900904,0.0936670973756323,0.0998342377209203,0.09948064303073213
2.109397166967392,0.0998464441095799,0.10025747528613066,0.0,0.10411607698114282,0.107,0.0028491999831844494,0.0,0.5974401791426435,0.6533053233455821,0.15366589953064577,0.1535369135166939,0.09380409573039639,0.09363564449016092,0.09987972255065194,0.09952186722688365
2.129297140240669,0.09984680840588546,0.10025747528613066,0.0,0.10411607698114282,0.107,0.0028839230188571763,0.0,0.5960160631169664,0.6533053233455821,0.15374857377803183,0.1536092325420805,0.09377831032557482,0.09359813784974162,0.09991559498962256,0.09955441154222387
2.1491971135139467,0.09984683440931834,0.10025878717635806,0.0,0.10354197180093216,0.107,0.003411988025727576,0.0,0.5824970428636883,0.6363941268670043,0.15381119591489434,0.15367249549078865,0.09374593352321105,0.0935607907770589,0.09994296659463937,0.09961103907598529
2.169097086787224,0.0998472263671719,0.10025878717635806,0.0,0.10354197180093216,0.107,0.0034580281990678335,0.0,0.5813183659437005,0.6363941268670043,0.1538605612920473,0.1537585882790184,0.09371216088439921,0.09355220745729546,0.09996191274303326,0.09964308720782529
2.188997060060501,0.09984726503085828,0.10026034930171912,0.0,0.10295873207198955,0.107,0.003985132940671423,0.0,0.5741442859680642,0.6203217647407361,0.15389555983879863,0.1537757940921656,0.0936734286215681,0.09350223305240117,0.0999729554811094,0.09966679187240673
2.2088970333337783,0.09984830770951232,0.10026034930171912,0.0,0.10295873207198955,0.107,0.004041267928010447,0.0,0.5733802691478468,0.6203217647407361,0.15392058190509406,0.15382930438009065,0.09363671381228837,0.0934823383757787,0.09997591258194312,0.09967599999729908
2.2287970066070555,0.0998484456992871,0.10026122200414063,0.0,0.10237832968858585,0.107,0.004552889156582505,0.0,0.57250122525339,0.6122220551903312,0.1539340935481564,0.15383215226166477,0.09359739977350433,0.09343375537803478,0.09997176781897817,0.09969923750647545
2.248696979880333,0.09984926799149678,0.10026122200414063,0.0,0.10237832968858585,0.107,0.004621670311414153,0.0,0.5723830486593945,0.6122220551903312,0.15393925029996833,0.15385210010521932,0.0935598214404996,0.09340950798205942,0.09996126885450814,0.09969266870008388
2.2685969531536103,0.09984938087084444,0.10026031335822629,0.0,0.10182049476336308,0.107,0.0051037433666381825,0.0,0.5721412718241903,0.6093667116630813,0.1539019686584617,0.15380884085875252,0.0935008501670457,0.09334450933304597,0.09995005509303481,0.09968356095775578
2.2884969264268875,0.09985059166219702,0.10026031335822629,0.0,0.10182049476336308,0.107,0.005179505236636919,0.0,0.5721032745435728,0.6093667116630813,0.15388135144993675,0.15379104782176622,0.09346249333436023,0.09330254804012436,0.09993162694546384,0.09967180656915545
2.3083968997001647,0.09985080902682213,0.10025862798364245,0.0,0.10128777675826496,0.107,0.005630177304477441,0.0,0.5783710352011661,0.6151703889033328,0.1538471370131633,0.1537531082162146,0.09342221925967088,0.09325708781461421,0.09990487848251355,0.09963994340595735
2.328296872973442,0.09985021709633253,0.10025862798364245,0.0,0.10128777675826496,0.107,0.005712223241735037,0.0,0.5795120961507,0.6151703889033328,0.15381213496646692,0.15369916090576724,0.09338617384954243,0.09320216826852512,0.09987767936571594,0.09960913016840614
2.3481968462467195,0.09985010799089455,0.10025514243397853,0.0,0.10079438008653724,0.107,0.006119491593632755,0.0,0.587717262999097,0.62557152963168,0.15375804450556083,0.15363866082996297,0.09334692337177859,0.09315516270227717,0.09984786839096717,0.09954488140345007
2.3680968195199967,0.09985030332556083,0.10025514243397853,0.0,0.10079438008653724,0.107,0.006205619913462759,0.0,0.5894524757434322,0.62557152963168,0.1537014795266348,0.1535383552449718,0.09331450556513,0.09308004288914713,0.09981393069638417,0.09953975219359401
2.387996792793274,0.0998503464480841,0.10025497748147201,0.0,0.10070462050233901,0.107,0.006277543557524488,0.0,0.7418740210046096,0.6409073111816571,0.15324812225532475,0.15350958219056854,0.09304077408382852,0.09307517137037641,0.09972037902400911,0.09950941053333477
2.407896766066551,0.09985034986118398,0.10025497748147201,0.0,0.10070462050233901,0.107,0.006295379497660986,0.0,0.7796721831007547,0.6409073111816571,0.15352809354021335,0.15343088153312112,0.09321231441911272,0.0930407073885379,0.0995759121531989,0.0994755936204746
2.4277967393398283,0.0998503506755683,0.10026586450797674,0.0,0.10034287460196104,0.107,0.006575236522504976,0.0,0.6694500228829131,0.6497901000853623,0.1533371498217772,0.15335982831829426,0.09308289088792841,0.09301822328996205,0.09956544661980897,0.09940631206606348
2.447696712613106,0.0998507966406845,0.10026586450797674,0.0,0.10034287460196104,0.107,0.006657125398038963,0.0,0.6371979514396553,0.6497901000853623,0.1533006447243207,0.1532362277144278,0.09310370132321581,0.09296133181155207,0.09951899212376926,0.099340305680558
2.467596685886383,0.09985092923315651,0.10000770915658538,0.0,0.10000770915658538,0.107,0.006911259857949626,0.0,0.6442061438529488,0.6697751806129276,0.15316479111027206,0.15313563244877224,0.09304809825005561,0.09292697171933464,0.09948655337543064,0.09929884766776863
2.4874966591596603,0.09985001245818233,0.10000770915658538,0.0,0.10000770915658538,0.107,0.006992290843414614,0.0,0.6464407118756288,0.6697751806129276,0.15306408173833316,0.1530328964751115,0.09303436226289133,0.09290830938277649,0.09945228304579015,0.09925951645665776
2.5073966324329375,0.0998497137466995,0.09972265117551696,0.00012706257118254294,0.09972265117551696,0.107,0.007203001605531013,0.0,0.6592883565960019,0.6888514943215102,0.15303106682620535,0.15292229367691262,0.09308726069967668,0.09289315173213376,0.09941118477402694,0.09922267896298306
2.5272966057062147,0.09984892846320824,0.09972265117551696,0.00012627728769128155,0.09972265117551696,0.107,0.00727734882448304,0.0,0.6638215216106857,0.6888514943215102,0.15295300769842893,0.15285509691716495,0.09311081808035239,0.09291494312515007,0.09940509392552682,0.09917581038062696
2.5471965789794924,0.09984864930834664,0.09947052637083374,0.0003781229375128953,0.09947052637083374,0.107,0.007457554360623699,0.0,0.6730393084318522,0.705524109155925,0.15281788382429098,0.15275306691114293,0.09309574116638,0.09292031724966376,0.09936690669589993,0.09912346937746865
2.5670965522527696,0.09984864930834664,0.09947052637083374,0.0003781229375128953,0.09947052637083374,0.107,0.007529473629166256,0.0,0.6767180882293944,0.705524109155925,0.15266936283261173,0.1526503322485298,0.09308188278509806,0.09293102692942888,0.0993160139043024,0.0990671425446752
2.5869965255260468,0.09984898053466473,0.09929134668728164,0.0005576338473830961,0.09929134668728164,0.107,0.007653642181081364,0.0,0.7027003325480295,0.7270168060383414,0.1526094143635216,0.15251936388453494,0.09315097516780416,0.09293173922239911,0.09925727875235278,0.09906760378909209
2.606896498799324,0.099849258557067,0.09929134668728164,0.000557911869785363,0.09929134668728164,0.107,0.007708653312718361,0.0,0.714211400692033,0.7270168060383414,0.15250794021372524,0.15246469636105342,0.09319060530471251,0.09300515102723755,0.09923566653520591,0.09904260267046837
2.626796472072601,0.09984938060861914,0.09913913444218667,0.0007102461664324766,0.09913913444218667,0.107,0.007812238291483059,0.0,0.7226688378664688,0.7429267015495428,0.152326100031788,0.15239058935094094,0.09317544041825264,0.09306826624159473,0.09921343491890477,0.09902079978548078
2.646696445345879,0.09984938688559504,0.09913913444218667,0.000710252443408374,0.09913913444218667,0.107,0.007860865557813332,0.0,0.7266391244355963,0.7429267015495428,0.15218106455713443,0.1522880972804012,0.09319794648962601,0.09312174862932934,0.09918949845539869,0.09897313295262901
2.666596418619156,0.09984938996472786,0.09904847913754113,0.0008009108271867377,0.09904847913754113,0.107,0.007920500993787367,0.0,0.7489919620756229,0.7601502757108081,0.1521303702629951,0.1521662234673082,0.09331210319951076,0.09316389132079157,0.09912346818357805,0.09896770840132844
2.686496391892433,0.09984938996472786,0.09904847913754113,0.0008009108271867377,0.09904847913754113,0.107,0.007951520862458872,0.0,0.7606189767306509,0.7601502757108081,0.1519919141873504,0.15208517297784085,0.09336003595816542,0.09325540182038407,0.09908936579330314,0.09896745116657069
2.7063963651657104,0.09984965044416456,0.09899784724599317,0.0008518031981713942,0.09899784724599317,0.107,0.00798391956057425,0.0,0.7767174079079651,0.7788710817272254,0.15180622063221968,0.15202832362350455,0.09337404645076205,0.0933667566832552,0.0990736887807255,0.0989636639461885
2.7262963384389876,0.09984965044416456,0.09899784724599317,0.0008518031981713942,0.09899784724599317,0.107,0.008002152754006828,0.0,0.7857772105139743,0.7788710817272254,0.1516524621440894,0.15194273423274246,0.09342589344405906,0.09346991207396951,0.09904939343543596,0.0989556905653734
2.746196311712265,0.09985024012231036,0.09899822642059869,0.0008520137017116736,0.09899822642059869,0.107,0.008001916259633444,0.0,0.8068925569848561,0.7913389984790797,0.1515665000744879,0.15186348273295577,0.09354583231160037,0.09358214972964007,0.09899291740532143,0.09893956009031817
2.7660962849855424,0.09985059239548752,0.09899822642059869,0.0008523659748888301,0.09899822642059869,0.107,0.008001773579401308,0.0,0.819631729139414,0.7913389984790797,0.15143503874881215,0.15174098457244792,0.09363058293117671,0.0936732220896918,0.09895739660253317,0.09897384029096246
2.7859962582588196,0.09985081044139628,0.09903370781020257,0.0008171026311937085,0.09903370781020257,0.107,0.00798056453138887,0.0,0.835053182646875,0.8143754120156749,0.1512796777337126,0.15172901712464584,0.09370535077791128,0.09385636386696242,0.09895164376664924,0.09898583972549357
2.8058962315320968,0.09985077978690188,0.09903370781020257,0.0008170719766993073,0.09903370781020257,0.107,0.007966292189797428,0.0,0.8454308409069689,0.8143754120156749,0.1511620379647413,0.1516380217684749,0.09382108569121263,0.09399007562031075,0.09894496959464373,0.09898941982242392
2.825796204805374,0.09985075877422052,0.09909991486717644,0.0007508439070440798,0.09909991486717644,0.107,0.007927900749144616,0.0,0.8595966448598049,0.8241845535638198,0.1510443786585532,0.15156137933471264,0.09394398625581372,0.0941402107730853,0.09891177415616219,0.09900741244699254
2.8456961780786516,0.099850267941411,0.09909991486717644,0.0007503530742345582,0.09909991486717644,0.107,0.007900085132823559,0.0,0.8698601452893612,0.8241845535638198,0.1509087870057267,0.15148644715828938,0.09405568113669774,0.09430299383298328,0.09889087889525987,0.09905262073192586
2.865596151351929,0.09984990583631381,0.09919856165797387,0.0006513441783399382,0.09919856165797387,0.107,0.007844401291592118,0.0,0.8862085717768124,0.8384401956782722,0.1507588626708268,0.15142847889695435,0.09416894279110528,0.09449093141766388,0.09889657820237972,0.09908847733286236
2.885496124625206,0.09984957771044173,0.09919856165797387,0.0006510160524678538,0.09919856165797387,0.107,0.0078014383420261235,0.0,0.8988222242679256,0.8384401956782722,0.1506595022227646,0.15137630201877472,0.09433015384201478,0.09468891166120522,0.09890607176946573,0.09913776412080141
2.905396097898483,0.09984931532008727,0.09932032128604097,0.0005289940340462984,0.09932032128604097,0.107,0.00773556856907665,0.0,0.9104100815672223,0.8467248776145714,0.15056407937378338,0.1513088541453149,0.09450082004091892,0.09488954889842723,0.09888771685633663,0.09917676125105668
2.9252960711717604,0.09984914159988183,0.09932032128604097,0.0005288203138408554,0.09932032128604097,0.107,0.007679678713959026,0.0,0.9202422646245129,0.8467248776145714,0.15041342529932872,0.151249531845904,0.09463670595173777,0.09509875655180546,0.09888995057841173,0.0992239668995668
2.945196044445038,0.09984898950857853,0.09946746145113676,0.00038152805744176566,0.09946746145113676,0.107,0.007602998957382913,0.0,0.9344818665090262,0.8589277439279869,0.15029682659264337,0.1511799830855017,0.09480751033715677,0.09530901422329814,0.09891754436115908,0.09927894182835727
2.965096017718315,0.09984974874787848,0.09946746145113676,0.00038228729674172346,0.09946746145113676,0.107,0.007532538548863238,0.0,0.9475665215828127,0.8589277439279869,0.1502098707425714,0.15113101833770012,0.09501130858621142,0.095545511192339,0.09895019503213873,0.09936826412784125
2.9849959909915924,0.09985045984186758,0.09962457554252997,0.0002258842993376059,0.09962457554252997,0.107,0.007453874463208851,0.0,0.9554355909054841,0.8706785753653995,0.15013432638317123,0.15108804819779217,0.09523052457083347,0.09579971850329042,0.09896102796149998,0.09945339905635074
3.0048959642648696,0.09985140565602672,0.09962457554252997,0.00022683011349675097,0.09962457554252997,0.107,0.007375424457470026,0.0,0.963283244995497,0.8706785753653995,0.15003911624220254,0.1510512968522355,0.09543866753071945,0.09606559486792624,0.09898733592739452,0.09954190266196335
3.024795937538147,0.09985236609489623,0.09980318033253836,4.918576235786454e-05,0.09980318033253836,0.107,0.007290376038747395,0.0,0.9750598820001097,0.8749945574899276,0.14991953030362093,0.15102585555676815,0.09564178517181818,0.0963472083907564,0.09902255439968634,0.09963162566917766
3.0446959108114244,0.09985274380568271,0.09980318033253836,4.9563473144345616e-05,0.09980318033253836,0.107,0.007196819667461635,0.0,0.9880146134419066,0.8749945574899276,0.14983478497556538,0.1509882334876076,0.09587836495464269,0.096625101977056,0.09908376523689222,0.09971852172696484
3.0645958840847016,0.09985316192409326,0.09990430502333213,0.0,0.09998947578723744,0.107,0.007111301402413528,0.0,0.9935164624592897,0.8790126081033522,0.1497719123412131,0.15094046034833555,0.09614245027839341,0.09690509293767954,0.09915356252765581,0.09982362490771965
3.084495857357979,0.0998536733446746,0.09990430502333213,0.0,0.09998947578723744,0.107,0.007010524212762562,0.0,1.0,0.8790126081033522,0.1497230752196893,0.15088361628318278,0.09642353914286747,0.09719281714667087,0.09919955154737559,0.09994014678896376
3.104395830631256,0.09985427981592725,0.09997895525415183,0.0,0.10017092120185139,0.107,0.006930967526435982,0.0,1.0,0.8883482837258372,0.14963903272282436,0.15085185135192308,0.09668320656852458,0.0975032485199496,0.09926212077753886,0.1000532192986596
3.124295803904533,0.09985427981592725,0.09997895525415183,0.0,0.10017092120185139,0.107,0.006829078798148605,0.0,1.0,0.8883482837258372,0.1495724803982568,0.15082897037516707,0.09696564633045864,0.09782788211728277,0.09933096611104374,0.1001468274046521
3.144195777177811,0.09985601856219216,0.10004044300991999,0.0,0.1003471779487053,0.107,0.0067554353995245816,0.0,1.0,0.8962001049721308,0.14950832556214236,0.1507470901568044,0.09725775766918657,0.09811694670553237,0.0994112626405736,0.1002567847621609
3.164095750451088,0.09985614861009584,0.10004044300991999,0.0,0.1003471779487053,0.107,0.006652822051294693,0.0,1.0,0.8962001049721308,0.14946091184680174,0.1506691638741483,0.09757167166935056,0.09841891130334914,0.09949762233731729,0.10035845272188067
3.1839957237243652,0.09985632633348522,0.10009202424980441,0.0,0.1005194049246357,0.107,0.006583973325706119,0.0,1.0,0.9134557834088619,0.14939576583083033,0.15059951842128733,0.09788048122723962,0.09872760317021978,0.09962045566422936,0.10045111769809267
3.2038956969976424,0.09985674787732934,0.10009202424980441,0.0,0.1005194049246357,0.107,0.006480595075364304,0.0,1.0,0.9134557834088619,0.14938507478631127,0.15052122078510968,0.09823990119449942,0.09903452765471583,0.09972611488414475,0.10054428253079421
3.2237956702709196,0.09985739053554392,0.1001347172338743,0.0,0.1006873662827986,0.107,0.006418115601680609,0.0,1.0,0.9285349420555589,0.1493443146524183,0.15041774326153226,0.09858330089595907,0.09933445532605681,0.09984436393722583,0.10062830234347052
3.2436956435441973,0.09985790240649409,0.1001347172338743,0.0,0.1006873662827986,0.107,0.0063126337172013935,0.0,1.0,0.9285349420555589,0.1493043084048342,0.1502830800171532,0.09893937151422859,0.09961618266437389,0.09994319788330068,0.10071632976385718
3.2635956168174745,0.09985875519964572,0.10016985289975926,0.0,0.1008495208190829,0.107,0.00625358809371895,0.0,1.0,0.9469570099980784,0.1492621158779114,0.15018602834168152,0.09929352689514535,0.0999293917027799,0.10005996213630078,0.10081838230528188
3.2834955900907516,0.09985875519964572,0.10016985289975926,0.0,0.1008495208190829,0.107,0.006150479180917101,0.0,1.0,0.9469570099980784,0.1491920851530022,0.15008133205566304,0.09963861957382639,0.10024954823106522,0.10018693735673222,0.10092120080095339
3.303395563364029,0.09986035351884077,0.10019951371015905,0.0,0.1010069253387144,0.107,0.006097096254274977,0.0,1.0,0.969645326924104,0.14917334711367972,0.14997227682052663,0.10002738542249454,0.10057232089553196,0.10031082876095747,0.10100230199729256
3.323295536637306,0.09986070083641069,0.10019951371015905,0.0,0.1010069253387144,0.107,0.005993074661285597,0.0,1.0,0.969645326924104,0.14910948286260814,0.14982627257336278,0.10039077422861442,0.10087038603378513,0.10043914669322748,0.10110482439757572
3.3431955099105837,0.09986137419306644,0.10022512956504782,0.0,0.1011600225290014,0.107,0.005944336803321919,0.0,1.0,0.9902410591071165,0.14907215250273317,0.14971111756940692,0.1007808982600991,0.10119975046565564,0.1005823793103108,0.10119741457514186
3.363095483183861,0.09986137419306644,0.10022512956504782,0.0,0.1011600225290014,0.107,0.005839977470998597,0.0,1.0,0.9902410591071165,0.1490163252187289,0.14959464558160854,0.10116785031788485,0.10153280391600349,0.10073516741572662,0.10129260255828569
3.382995456457138,0.09986282248170568,0.10024749287373397,0.0,0.1013111503478325,0.107,0.005794486386734475,0.0,1.0,1.0,0.14898157477989551,0.14944304536064762,0.1015762377082041,0.10184728442643667,0.10085245932315481,0.10137599075266684
3.4028954297304153,0.09986321259282856,0.10024749287373397,0.0,0.1013111503478325,0.107,0.005688849652167496,0.0,1.0,1.0,0.1488933235662102,0.14928114022482325,0.10194661710310525,0.10216083076408024,0.10098961055930321,0.10148052342212147
3.4227954030036924,0.09986410615747442,0.10026570618226094,0.0,0.10145831690955263,0.107,0.005647370039063767,0.0,1.0,1.0,0.14882748361892387,0.14913845423530656,0.10234207718469152,0.10249485472092924,0.1011478704158886,0.10155293251040984
3.44269537627697,0.0998645743377278,0.10026570618226094,0.0,0.10145831690955263,0.107,0.0055416830904473635,0.0,1.0,1.0,0.14878023432484963,0.14895178958427582,0.10276012617206388,0.10279858437533762,0.10126749835454343,0.10162195514063452
3.4625953495502473,0.09986578036197584,0.10028052028803884,0.0,0.10160003539089434,0.107,0.005504198253020719,0.0,1.0,1.0,0.148692717501938,0.14875769080489987,0.10314843681603016,0.10310283980606234,0.10140837386996482,0.10169065583115744
3.4824953228235245,0.09986626253992285,0.10028052028803884,0.0,0.10160003539089434,0.107,0.005399964609105662,0.0,1.0,1.0,0.14861597961256015,0.14856803332126448,0.10355174687058485,0.10341295015462477,0.10153521043226414,0.10174120149188526
3.5023952960968017,0.09986763649053927,0.10029369588167265,0.0,0.10173869453301448,0.107,0.005367031458419957,0.0,1.0,1.0,0.14850058865044918,0.1483374247122145,0.10393449457422546,0.10369805119346527,0.10168033568947375,0.10180260164765431
3.522295269370079,0.09986818395716716,0.10029369588167265,0.0,0.10173869453301448,0.107,0.005261305466985514,0.0,1.0,1.0,0.14840852941689184,0.1481188741053471,0.10433981258196653,0.10400096755563146,0.1018353510077926,0.10185253011790663
3.5421952426433565,0.09986993997738637,0.10030496007758272,0.0,0.10187465471607876,0.107,0.005230891145024036,0.0,1.0,1.0,0.1483206476835743,0.1478900030428518,0.10475961113836547,0.10429651383121301,0.10194376485015008,0.10189638580364359
3.5620952159166337,0.09987032230243477,0.10030496007758272,0.0,0.10187465471607876,0.107,0.005125345283921237,0.0,1.0,1.0,0.1481747398943695,0.14764526528408195,0.10513178389397676,0.1045854847235337,0.10206816708286329,0.10195072959272719
3.581995189189911,0.09987168964231734,0.1003137225442836,0.0,0.10200788712162062,0.107,0.005097979610907056,0.0,1.0,1.0,0.1480212605242988,0.1473967219318513,0.10550771684416026,0.10487897984928839,0.10219460254110853,0.10199441330413249
3.601895162463188,0.09987206626660507,0.1003137225442836,0.0,0.10200788712162062,0.107,0.004992112878379376,0.0,1.0,1.0,0.14788398549535992,0.1471599327245307,0.10589952442652181,0.10517790788750835,0.1022951849530459,0.10203590440935997
3.6217951357364653,0.09987366639287344,0.1003199293015042,0.0,0.10213776063431204,0.107,0.004968624306017523,0.0,1.0,1.0,0.1477112506450187,0.14691756562248806,0.10626438347376893,0.10547937904567604,0.10243895816483475,0.10206819072692755
3.641695109009743,0.09987387770955115,0.1003199293015042,0.0,0.10213776063431204,0.107,0.0048622393656879564,0.0,1.0,1.0,0.14761369450545211,0.1466188423920137,0.10669452820025793,0.10575611845793925,0.10252134326512025,0.10212933338614008
3.66159508228302,0.09987479643485124,0.10032427015886063,0.0,0.10226229432872028,0.107,0.0048418456099899405,0.0,1.0,1.0,0.14739750625443018,0.14639817746552974,0.10703817336908797,0.10608434283734539,0.10262010514262888,0.1021554938399195
3.6814950555562973,0.09987505606672678,0.10032427015886063,0.0,0.10226229432872028,0.107,0.004737705671279721,0.0,1.0,1.0,0.14719913982207267,0.14611555465730916,0.10740018547650385,0.10636876690842537,0.10274849365906312,0.10216217692514662
3.7013950288295745,0.09987641340142002,0.1003281524357672,0.0,0.10238497685511735,0.107,0.004720735309819469,0.0,1.0,1.0,0.14703414879732582,0.1458323052696919,0.10779369803256887,0.10665366038624328,0.10281673622605504,0.10218062070382576
3.7212950021028517,0.09987641812175577,0.1003281524357672,0.0,0.10238497685511735,0.107,0.004615023144882643,0.0,1.0,1.0,0.14681188179122123,0.1454914392814442,0.10814113954411032,0.10691036791739884,0.10289205275012932,0.10222875557444494
3.7411949753761293,0.09987644716077758,0.1003308521960487,0.0,0.10250403966555333,0.107,0.004600433870806082,0.0,1.0,1.0,0.14656320474134785,0.14522570395346987,0.10847712055395475,0.10722677021804593,0.1029660710483822,0.1022155954003962
3.7610949486494065,0.09987644716077758,0.1003308521960487,0.0,0.10250403966555333,0.107,0.004495960334446672,0.0,1.0,1.0,0.14634803094666077,0.14490258407320109,0.10883662655467549,0.10749201745016816,0.10306000357255356,0.10226150239514233
3.7809949219226837,0.09987686620160223,0.10033322061614201,0.0,0.10261935954468275,0.107,0.004484531125614946,0.0,1.0,1.0,0.1461347424301273,0.14463385026343914,0.10920629787739465,0.10780678080523275,0.10310815270648614,0.10225631408056388
3.800894895195961,0.09987686620160223,0.10033322061614201,0.0,0.10261935954468275,0.107,0.004380640455317247,0.0,1.0,1.0,0.1458585309370525,0.14432519467339583,0.10952689555436051,0.10809129349432563,0.10317210325757155,0.10227178119961285
3.820794868469238,0.09987841268923416,0.10033511355140112,0.0,0.10273311981667009,0.107,0.004371701373393804,0.0,1.0,1.0,0.145562663533189,0.14402368719234862,0.10984338508220842,0.10838739712448109,0.10321488781016089,0.10225746682199241
3.8406948417425157,0.09987839352089674,0.10033511355140112,0.0,0.10273311981667009,0.107,0.0042668801833299075,0.0,1.0,1.0,0.14529735463834173,0.14366568334050372,0.11017785777005674,0.10864518767756216,0.10324724922271444,0.10227054485513856
3.860594815015793,0.0998781892468581,0.10033601100940293,0.0,0.10284258557726751,0.107,0.004259843949703582,0.0,1.0,1.0,0.14497029938071548,0.143303882256893,0.11047343893153193,0.10891225149606382,0.10330360049392596,0.10229910194151619
3.88049478828907,0.09987821042646239,0.10033601100940293,0.0,0.10284258557726751,0.107,0.004157414422732486,0.0,1.0,1.0,0.14471477778675992,0.1430213297668625,0.11082092567001317,0.1092353391906809,0.10332007296572142,0.10227794863195351
3.9003947615623473,0.09987852594709434,0.1003370345219546,0.0,0.10294939426413804,0.107,0.00415270568648637,0.0,1.0,1.0,0.1443738165905176,0.14267733873826982,0.11110652252891765,0.1095028400342188,0.10334247788796817,0.10228646755842384
3.9202947348356245,0.09987852594709434,0.1003370345219546,0.0,0.10294939426413804,0.107,0.0040506057358619535,0.0,1.0,1.0,0.14406417238201416,0.14233701103254215,0.11141768981078666,0.10979155166646827,0.1033511342668896,0.1022703497098085
3.940194708108902,0.09987803063576646,0.10033787811498401,0.0,0.10305407608618171,0.107,0.0040487681158243366,0.0,1.0,1.0,0.14370035033448206,0.14198673813704027,0.11168972567826753,0.11006406579192847,0.10335614863685842,0.10227936318087005
3.9600946813821793,0.09987800881921713,0.10033787811498401,0.0,0.10305407608618171,0.107,0.003945923913818289,0.0,1.0,1.0,0.14336903748404892,0.1416395512952526,0.11198848106080946,0.11035110899337905,0.10336809677059428,0.10223681722024887
3.9799946546554565,0.0998766967455703,0.10033826188826273,0.0,0.10315558702285327,0.107,0.003945600041185335,0.0,1.0,1.0,0.14302035917405037,0.14124064636604114,0.11227822878083615,0.11059085969572059,0.10336821563803802,0.10224601143283077
3.9998946279287337,0.0998766967455703,0.10033826188826273,0.0,0.10315558702285327,0.107,0.00384441297714673,0.0,1.0,1.0,0.1426491304758553,0.14094543982347638,0.1125543768621825,0.11091205242040887,0.10335247569709065,0.10219552733082198
4.019794601202011,0.09987537120163009,0.10033848762236082,0.0,0.10325232312943071,0.107,0.00384441297714673,0.0,1.0,1.0,0.14226374711416023,0.1404973424493608,0.112817367957437,0.11112677700811062,0.1033316254386123,0.10220114796772546
4.039694574475289,0.09987537120163009,0.10033849284029935,0.0,0.10325455922518133,0.107,0.00374544077481867,0.0,1.0,1.0,0.14187376803854548,0.1401890278967056,0.11308044817865023,0.11144149575059867,0.10330461992144932,0.10214358030797736
4.059594547748565,0.09987556906236406,0.10033860733775055,0.0,0.10334672326653939,0.107,0.00374544077481867,0.0,1.0,1.0,0.141475537332929,0.13978498338771236,0.11333672958189736,0.11168264131847785,0.10327347407099456,0.10212738779377369
4.079494521021843,0.09987556906236406,0.10033861201919987,0.0,0.10335049157129449,0.107,0.0036495084287055113,0.0,1.0,1.0,0.14106325417994864,0.13943993285429476,0.1135858346246701,0.11196865549387308,0.10325654243590333,0.1020774643128047
4.099394494295121,0.0998760727448127,0.10033910063107514,0.0,0.10343972479675397,0.107,0.0036495084287055113,0.0,1.0,1.0,0.1406843391532407,0.1390576201332703,0.11386006711591416,0.11223004862262681,0.10320936167390679,0.1020582132642845
4.119294467568397,0.0998760727448127,0.10033913105288972,0.0,0.10344528061063518,0.107,0.003554719389364816,0.0,1.0,1.0,0.14026194747348578,0.13870203738226203,0.11409997110437252,0.11251647042619269,0.10316727986034911,0.1020096506110773
4.139194440841675,0.09987590184734453,0.10033865026484348,0.0,0.10352883828931302,0.107,0.003554719389364816,0.0,1.0,1.0,0.13984999453530492,0.1382975630769891,0.11434945858192568,0.11276398993215411,0.1031160754408959,0.10199734505929009
4.159094414114952,0.09987590184734453,0.10033860854197585,0.0,0.10353608943874153,0.107,0.003463910561258471,0.0,1.0,1.0,0.13941786370495415,0.137931019763873,0.11458491842385804,0.11305324747749973,0.10308240304675878,0.10193985794743851
4.178994387388229,0.09987610906228979,0.10033855493613175,0.0,0.10361722232829641,0.107,0.003463910561258471,0.0,1.0,1.0,0.13900083465714255,0.1375473231069676,0.11483500275471671,0.11331102751604806,0.10301937440679668,0.10192142961595847
4.198894360661507,0.09987610906228979,0.10033854906384021,0.0,0.10362611009024147,0.107,0.0033738899097585234,0.0,1.0,1.0,0.13857690026041436,0.13718506318617668,0.11507452925603631,0.11359948957301048,0.10295984792389347,0.10186592460029947
4.218794333934784,0.09987627315954095,0.10033752543144174,0.0,0.10370281714789227,0.107,0.0033738899097585234,0.0,1.0,1.0,0.1381293165503174,0.13679147810848777,0.1152985189889857,0.11385177112716487,0.10292811404465148,0.10185003976336557
4.238694307208061,0.0998762955575867,0.10033738449657657,0.0,0.1037133782622567,0.107,0.0032866217377433005,0.0,1.0,1.0,0.13773232966701715,0.13643192167637316,0.1155645841577223,0.11414680924534559,0.10285298865895574,0.10179875854942706
4.258594280481338,0.09987623451843033,0.10033602548253626,0.0,0.10378725026622913,0.107,0.0032866217377433005,0.0,1.0,1.0,0.1372829265166901,0.13605722152639396,0.11578528654724783,0.11441777874033333,0.10278496730637883,0.10177570745804045
4.278494253754616,0.09987622555835672,0.10033580840876734,0.0,0.10379904975751039,0.107,0.003200950242489606,0.0,1.0,1.0,0.13684297874415294,0.1357050515991939,0.1160117363997903,0.11470716484171997,0.10274184616397307,0.1017776640577082
4.298394227027893,0.09987478059516913,0.1003335332964943,0.0,0.1038681863014677,0.107,0.003200950242489606,0.0,1.0,1.0,0.1364327177092506,0.13538597650782494,0.1162674139163893,0.11503106064791645,0.1026685724784159,0.10174876995100247
4.31829420030117,0.09987478059516913,0.10033308285063501,0.0,0.10388187453581145,0.107,0.003118125464188548,0.0,1.0,1.0,0.13599213955693568,0.13499788744378743,0.1164947584779552,0.11530230029634957,0.1025955131046783,0.10175869498267998
4.338194173574448,0.09987286261933327,0.10033094129591447,0.0,0.1039473278370207,0.107,0.003118125464188548,0.0,1.0,1.0,0.13556426439977967,0.1346811323699393,0.11672989965868277,0.11562983014953104,0.10254151717857185,0.10170760166364824
4.358094146847725,0.09987286261933327,0.10033046594131716,0.0,0.10396185631361791,0.107,0.003038143686382083,0.0,1.0,1.0,0.1351377530696717,0.13428001334014564,0.1169706466008422,0.11588602569120529,0.10246625486139718,0.10172365348599138
4.377994120121002,0.0998709194489666,0.10032898802400915,0.0,0.10402414270065335,0.107,0.003038143686382083,0.0,1.0,1.0,0.13471377036836393,0.13399125332886244,0.11720675680798695,0.11622591168348416,0.10242082649650913,0.10170494852711591
4.39789409339428,0.0998709194489666,0.10032861951014575,0.0,0.10403967360823446,0.107,0.002960326391765536,0.0,1.0,1.0,0.1342935256135827,0.13363393433289225,0.11745188541073648,0.11651927026672038,0.1023469240530353,0.10168324167006444
4.417794066667557,0.09986954053303691,0.10032750369330924,0.0,0.10409969039278515,0.107,0.002960326391765536,0.0,1.0,1.0,0.13386251912138603,0.1332885503775491,0.11768342933236417,0.11681618315790096,0.10230033323921066,0.10166871614563144
4.437694039940834,0.09986918252138771,0.10032719332148643,0.0,0.10411638445780655,0.107,0.002883615542193449,0.0,1.0,1.0,0.13346331751022752,0.13294546603932547,0.11794012559681363,0.11711194807806244,0.10222715664121565,0.10166556941549001
4.457594013214111,0.09986697610608213,0.10032593253269265,0.0,0.1041727057960464,0.107,0.002883615542193449,0.0,1.0,1.0,0.1330518029436536,0.13257972841984084,0.1181813608194233,0.11740343766081397,0.10218458233250349,0.10166471781541965
4.477493986487389,0.09986697610608213,0.10032553134092488,0.0,0.10419062763780385,0.107,0.0028093723621961525,0.0,1.0,1.0,0.13265841272244216,0.13228637624995884,0.11844216745060791,0.11773660054615687,0.10211922906379628,0.10163200568136767
4.497393959760666,0.09986605918779555,0.10032422565860587,0.0,0.10424481016358651,0.107,0.0028093723621961525,0.0,1.0,1.0,0.13223042365664742,0.13191025622954416,0.11867121915485868,0.11800606055114708,0.10207775558692486,0.10163174667920793
4.517293933033943,0.09986573886683885,0.10032375991510349,0.0,0.10426413734521275,0.107,0.002735862654787244,0.0,1.0,1.0,0.13185086277774105,0.13157337922118414,0.11893801801908875,0.11830816118197192,0.1020141420834613,0.1016394217439807
4.537193906307221,0.09986386898459715,0.10032142644079825,0.0,0.1043150985422971,0.107,0.002735862654787244,0.0,1.0,1.0,0.1314384076261451,0.13125267478852606,0.11917564434008066,0.11862365433116635,0.10197429092411994,0.10160608882493853
4.557093879580497,0.09986315635810496,0.10032051693892395,0.0,0.10433496132979848,0.107,0.002665038670201514,0.0,1.0,1.0,0.13105428893776727,0.13089204386856967,0.11943681194692014,0.11889793193613897,0.10191516122588273,0.1015965967673914
4.576993852853775,0.09985999499090815,0.10031810044747459,0.0,0.10438409209734756,0.107,0.002665038670201514,0.0,1.0,1.0,0.130656222052862,0.13055759831184696,0.11968130417091652,0.11919320077030374,0.10187507040603618,0.1016138574494654
4.596893826127053,0.09985999499090815,0.10031708873485341,0.0,0.10440466167876737,0.107,0.0025953383212326264,0.0,1.0,1.0,0.13029653045667836,0.13025992798012395,0.11995189524429892,0.11952026031378979,0.10181702047291552,0.10158537245693834
4.616793799400329,0.09985807666085487,0.10031425464300399,0.0,0.1044498389053782,0.107,0.0025953383212326264,0.0,1.0,1.0,0.1298943166727653,0.12989746339524944,0.12018996531436799,0.11978898807157323,0.1017868212037162,0.1015993842220149
4.636693772673607,0.09985807666085487,0.10031289045928783,0.0,0.10447158486145813,0.107,0.0025284151385418646,0.0,1.0,1.0,0.12952757815178317,0.12957165916907465,0.12045513528288194,0.12009654323196874,0.10175436614809298,0.10157179252323996
4.656593745946884,0.09985611560383136,0.10031047545711198,0.0,0.10451458581715223,0.107,0.0025284151385418646,0.0,1.0,1.0,0.12917198291683057,0.12922949553392818,0.12072697955308637,0.12037225025897888,0.10171107581783109,0.10157632691611208
4.676493719220161,0.09985611560383136,0.10030923233612339,0.0,0.10453672053449832,0.107,0.0024632794655016776,0.0,1.0,1.0,0.12880406848605722,0.12891905054081237,0.12098369513788665,0.12067633710037388,0.10168544379107358,0.10156271333264517
4.696393692493439,0.09985437671791439,0.10030721093687547,0.0,0.10457741850936035,0.107,0.0024632794655016776,0.0,1.0,1.0,0.1284558496353591,0.12857857321903082,0.12125468432198669,0.12095809552163213,0.10164473899744812,0.10157218964028468
4.716293665766716,0.09985343911927047,0.10030607900546307,0.0,0.10460020832498709,0.107,0.002399791675012905,0.0,1.0,1.0,0.12809324489779475,0.12826578516024448,0.12150964781779426,0.1212596403012563,0.10162721009421306,0.10156444595930413
4.7361936390399935,0.09985052841347182,0.10030437781338693,0.0,0.10463788797959289,0.107,0.002399791675012905,0.0,1.0,1.0,0.127751818752317,0.12793529103184853,0.12178135884885401,0.12153975116970481,0.10160856492407863,0.1015793373251849
4.75609361231327,0.09985052841347182,0.10030329968812186,0.0,0.10466176734523236,0.107,0.0023382326547676385,0.0,1.0,1.0,0.12741520427240835,0.12761323461871824,0.12205520794710227,0.12183361213135066,0.10158367213344342,0.10159544817728294
4.775993585586548,0.09985010520467348,0.1003020441179383,0.0,0.10469808221324857,0.107,0.0023382326547676385,0.0,1.0,1.0,0.1270637735019617,0.1273228391714182,0.12231353949544267,0.1221405398593581,0.10157104578691847,0.10159932712781371
4.7958935588598255,0.09985010520467348,0.10030120620999002,0.0,0.10472231703257627,0.107,0.0022776829674237276,0.0,1.0,1.0,0.12675205099117212,0.1270244216927247,0.12259611940857357,0.1224351241991221,0.10154321313772319,0.10157706904463819
4.815793532133102,0.09985005718870768,0.10029964877589936,0.0,0.10475695498278297,0.107,0.0022776829674237276,0.0,1.0,1.0,0.12639905045348004,0.12670703317439538,0.1228455518490007,0.12270494145149168,0.10153904501488294,0.10158225916225026
4.83569350540638,0.09985002341445154,0.10029854317070219,0.0,0.10478154407968139,0.107,0.002218455920318607,0.0,1.0,1.0,0.12609026317581432,0.12640237498918755,0.12312593207314514,0.12298865132662735,0.101528669029723,0.10158169120887683
4.855593478679657,0.09984895050561109,0.10029669961577348,0.0,0.10481418241331233,0.107,0.002218455920318607,0.0,1.0,1.0,0.1257738046262594,0.12605674532023775,0.12339547864927576,0.12324965485802726,0.10151692816360294,0.10160940844037207
4.875493451952934,0.09984895050561109,0.10029527186431435,0.0,0.10483945935393349,0.107,0.0021605406460665083,0.0,1.0,1.0,0.12548082927813725,0.12579978689406618,0.12367544954579084,0.12355827757493923,0.10151544451533018,0.1016106650571176
4.895393425226212,0.09984917669951195,0.1002933172481036,0.0,0.10486904506212547,0.107,0.0021605406460665083,0.0,1.0,1.0,0.12516663781031537,0.12548372667045266,0.12394159310693625,0.12382834386977745,0.10151777455389939,0.10158934895923356
4.915293398499489,0.09984917669951195,0.10029162137967192,0.0,0.10489471427957908,0.107,0.0021052857204209158,0.0,1.0,1.0,0.12485816207944886,0.12514816831974243,0.12420843582650247,0.12407204078671702,0.10151778981340036,0.10159040161703017
4.935193371772766,0.09984880117676115,0.10029035133918729,0.0,0.10492292526932308,0.107,0.0021052857204209158,0.0,1.0,1.0,0.12456970888829645,0.12485725960298404,0.12448544360687627,0.12434240955849785,0.10152436804484341,0.10159617050931617
4.955093345046043,0.09984880117676115,0.10028918806086502,0.0,0.10494876478642191,0.107,0.0020512352135780842,0.0,1.0,1.0,0.12428525079026691,0.1245832209341366,0.12475897403028256,0.1246236010756618,0.10152072573519821,0.10159807679193565
4.974993318319321,0.09984750295905205,0.10028836498072814,0.0,0.10497487685431746,0.107,0.0020512352135780842,0.0,1.0,1.0,0.12399208586479177,0.12426785112705764,0.12502102518263966,0.12487457232691428,0.10153455877229857,0.10160398546748874
4.994893291592598,0.09984750295905205,0.10028752977190797,0.0,0.10500137370248841,0.107,0.001998626297511588,0.0,1.0,1.0,0.1237129242805247,0.12397649595181488,0.12529381134046097,0.12513789198364178,0.10154421568522468,0.10158471302000048
5.014793264865875,0.09984738032795765,0.10028700347801744,0.0,0.105025991817535,0.107,0.001998626297511588,0.0,1.0,1.0,0.12343485072942835,0.12363113354641436,0.12555972338055477,0.12535673597685806,0.10155474455978186,0.10158136450535718
5.034693238139153,0.09984738032795765,0.10028642729706087,0.0,0.10505294346818517,0.107,0.0019470565318148308,0.0,1.0,1.0,0.12317396755010213,0.12332820167957087,0.12583266657014983,0.12559935256617893,0.10157078103953215,0.10155249677441548
5.0545932114124295,0.09984759471526346,0.1002858554573569,0.0,0.10507575756068734,0.107,0.0019470565318148308,0.0,1.0,1.0,0.1228890307912968,0.12300427428639447,0.12608679034156975,0.12581563361891776,0.10158749898254382,0.10153536084828868
5.074493184685707,0.09984759471526346,0.10028516564492686,0.0,0.10510327828804975,0.107,0.0018967217119502527,0.0,1.0,1.0,0.12263524616004834,0.12269881842380076,0.12635716945447323,0.12604546118600116,0.10159858042034632,0.10151396821074206
5.094393157958985,0.09984843243127893,0.10028470862539013,0.0,0.10512460092921941,0.107,0.0018967217119502527,0.0,1.0,1.0,0.1223706612177059,0.12239344721165753,0.12661446825907455,0.1262661905913167,0.1016186637796312,0.10149641616266193
5.1142931312322615,0.09984843243127893,0.10028413078579528,0.0,0.10515156053454146,0.107,0.00184843946545854,0.0,1.0,1.0,0.12209865040622307,0.12208705390692175,0.12686306569235456,0.1264842219409118,0.10163688020556526,0.10150688790233554
5.134193104505539,0.09984934429488086,0.10028420188824483,0.0,0.10517130499696102,0.107,0.00184843946545854,0.0,1.0,1.0,0.12185298412716387,0.12181033796118756,0.12712230974469713,0.1267243011692199,0.10165528925457956,0.10148135632309967
5.154093077778816,0.09984934429488086,0.10028430101466468,0.0,0.10519883144483338,0.107,0.001801168555166613,0.0,1.0,1.0,0.12160175642343615,0.12152555944973872,0.12737464763114756,0.12694081441222,0.10166703903007702,0.10145013053150828
5.1739930510520935,0.0998500444214913,0.10028463143941861,0.0,0.10521682510435157,0.107,0.001801168555166613,0.0,1.0,1.0,0.12133249394982148,0.12119864840823483,0.12760516080094367,0.12712653930969783,0.10169094876955412,0.10143987378749894
5.193893024325371,0.0998500444214913,0.10028514736488091,0.0,0.1052449204180191,0.107,0.0017550795819809006,0.0,1.0,1.0,0.1210933843114746,0.12093294023507002,0.1278553527783061,0.1273504593768354,0.10170796563905751,0.10142331075232984
5.213792997598648,0.09985055553668772,0.100285597637204,0.0,0.1052619312218664,0.107,0.0017550795819809006,0.0,1.0,1.0,0.12083689336973484,0.1206131835973002,0.12808648394078956,0.12753426778847374,0.10172668902670443,0.10142501201349235
5.2336929708719255,0.09985135391793466,0.10028633812983523,0.0,0.10528990623666115,0.107,0.0017100937633388463,0.0,1.0,1.0,0.120601475509884,0.12035649326815227,0.1283263710666999,0.12775856556801662,0.10174644320327655,0.1014038984973229
5.253592944145202,0.09985150727158236,0.10028684919771778,0.0,0.10530596560829283,0.107,0.0017100937633388463,0.0,1.0,1.0,0.1203632178751923,0.12008536846410992,0.12855775833834676,0.1279575627044946,0.10175855228135779,0.10140015473910273
5.27349291741848,0.09985177583087058,0.10028773336354972,0.0,0.10533374889924808,0.107,0.0016662511007519143,0.0,1.0,1.0,0.12010956668363097,0.11982649708352801,0.12877122374455124,0.12816634665273857,0.10177731912071093,0.10140357828239459
5.293392890691758,0.09985138948542764,0.10028827412369205,0.0,0.10534863684461336,0.107,0.0016662511007519143,0.0,1.0,1.0,0.11986336195676121,0.1195625432760903,0.12898585037920468,0.12836897652202278,0.10179332205096232,0.10140667319804154
5.313292863965034,0.09985138948542764,0.10028929540085481,0.0,0.10537675415099704,0.107,0.0016232458490029605,0.0,1.0,1.0,0.11964195081290215,0.11931499840623323,0.12920725948685546,0.12857581401827123,0.10180435583229121,0.10139665353761385
5.333192837238312,0.09985147386484047,0.10028969892837901,0.0,0.10538953822643235,0.107,0.0016232458490029605,0.0,1.0,1.0,0.11939172048266514,0.1190628317053594,0.12940375516658045,0.12876729517370947,0.10182893298958362,0.10139194166732975
5.353092810511589,0.09985165941568086,0.10029059597169115,0.0,0.10541795727763267,0.107,0.0015820427223673245,0.0,1.0,1.0,0.1191760177400343,0.1188029749267088,0.12962000497211607,0.1289533389844001,0.10184537203392542,0.10139023341665793
5.372992783784866,0.09985001984971296,0.10029132529030281,0.0,0.10542971716365605,0.107,0.0015820427223673245,0.0,1.0,1.0,0.11894536023683978,0.11856532529136049,0.12981922063295792,0.12914545800778945,0.1018573183747849,0.10138292697491634
5.392892757058144,0.09985001984971296,0.10029307860163701,0.0,0.10545798840358321,0.107,0.0015420115964167869,0.0,1.0,1.0,0.11870434671530052,0.11831855545770245,0.13000408161104293,0.12932643507190336,0.1018721285339664,0.10137574675730272
5.412792730331421,0.09984956217616855,0.10029407506406866,0.0,0.10546845101052468,0.107,0.0015420115964167869,0.0,1.0,1.0,0.11849066837316904,0.118051359524273,0.1301983399249638,0.12948735029512884,0.10187868562655114,0.10137705925116262
5.432692703604698,0.09984845786372322,0.10029679842664146,0.0,0.10549704563813282,0.107,0.001502954361867176,0.0,1.0,1.0,0.11825041593225136,0.11782882952958587,0.13036878817013264,0.12966999941277843,0.10189100899541832,0.10136024600473918
5.452592676877975,0.09984829917142901,0.1002979956688365,0.0,0.1055066017341348,0.107,0.001502954361867176,0.0,1.0,1.0,0.11803719624731514,0.11758291849121244,0.13055149723340403,0.1298288484735776,0.1018998510883983,0.10133305772696297
5.472492650151253,0.0998478704071346,0.10030154102321288,0.0,0.10553489989044938,0.107,0.0014651001095506155,0.0,1.0,1.0,0.11779715638912326,0.11734542685781828,0.13070866461292172,0.12997963975844962,0.10190540756133883,0.10133265556753394
5.49239262342453,0.0998476260537645,0.10030282458078826,0.0,0.10554335875808223,0.107,0.0014651001095506155,0.0,1.0,1.0,0.11757913887976738,0.11710773670469116,0.1308705042506489,0.13013238136313707,0.10190661028226211,0.10132472980189337
5.512292596697807,0.0998476260537645,0.10030728143449567,0.0,0.10557273019906227,0.107,0.0014272698009377277,0.0,1.0,1.0,0.11736957776831963,0.11687935298793951,0.1310318268551737,0.13028465939768388,0.10190600945793332,0.10129300515450733
5.532192569971085,0.09984752295971677,0.10030820646206384,0.0,0.10558028712642901,0.107,0.0014272698009377277,0.0,1.0,1.0,0.11714423334802379,0.11663886181126933,0.1311752991204594,0.1304125474568829,0.10191175582372665,0.10128901578122666
5.5520925432443615,0.09984752295971677,0.10031176407696192,0.0,0.1056093507330809,0.107,0.0013906492669190917,0.0,1.0,1.0,0.11693741119854094,0.11642245774417563,0.1313247920462022,0.13055803878366068,0.10190973700868389,0.10127577002076497
5.571992516517639,0.09984699747004183,0.10031248996009018,0.0,0.10561602328686376,0.107,0.0013906492669190917,0.0,1.0,1.0,0.11671222773176819,0.11620657718152642,0.13145344076318335,0.13069509390878267,0.10191070799174146,0.10126401793538552
5.591892489790917,0.09984699747004183,0.10031565094339134,0.0,0.10564508007336644,0.107,0.0013549199266335576,0.0,1.0,1.0,0.11651055058013143,0.11602460692324251,0.13159187183768759,0.13084516896903772,0.101902883872825,0.1012580556098121
5.6117924630641935,0.09984787201420535,0.10031621366251518,0.0,0.10565108476397296,0.107,0.0013549199266335576,0.0,1.0,1.0,0.11629779601693856,0.11581408106309275,0.1317112773826531,0.1309748137355979,0.10189901512704172,0.10125218523463139
5.631692436337471,0.09984787201420535,0.10031893577331115,0.0,0.10568013199630291,0.107,0.0013198680036970861,0.0,1.0,1.0,0.11609584461766388,0.11562297933117574,0.13183323058021673,0.1311071495654497,0.1018910866077059,0.10124170457225048
5.651592409610748,0.09985057287802596,0.10031923335498599,0.0,0.10568529984005332,0.107,0.0013198680036970861,0.0,1.0,1.0,0.11588498415698398,0.115416278993866,0.13193878885373905,0.131222213717128,0.10188333789172363,0.10119938547872055
5.671492382884026,0.09985057287802596,0.10032090748246207,0.0,0.10571437296499953,0.107,0.0012856270350004723,0.0,1.0,1.0,0.11568156646904036,0.11518224029879645,0.13204241888210524,0.13130323421078766,0.10187196191334502,0.10120491289947801
5.691392356157303,0.0998530947899992,0.10032102240873012,0.0,0.10571842374817546,0.107,0.0012856270350004723,0.0,1.0,1.0,0.1154793731528199,0.11501500479696665,0.13213818462193666,0.13143271016265987,0.10185955130990407,0.10116585349530699
5.71129232943058,0.0998530947899992,0.1003218450336062,0.0,0.1057474186425983,0.107,0.0012525813574016942,0.0,1.0,1.0,0.11527550581333133,0.11479945811800295,0.13222626031438553,0.13151064631551865,0.10183977604026322,0.1011647520445843
5.731192302703858,0.09985327873231305,0.10032193775994225,0.0,0.10575102950692997,0.107,0.0012525813574016942,0.0,1.0,1.0,0.11507981686125704,0.11462336567829254,0.13230928633017966,0.13161847229383225,0.10184103878632372,0.10115719641618835
5.751092275977134,0.09985454502801934,0.1003226732267674,0.0,0.10577966938464924,0.107,0.001220330615350762,0.0,1.0,1.0,0.11491113162046347,0.11444868929082695,0.1324075864223885,0.13171798367294482,0.10182215760804092,0.10114959238425408
5.770992249250412,0.09985475099546426,0.10032275659329384,0.0,0.10578254286037768,0.107,0.001220330615350762,0.0,1.0,1.0,0.11473009740120871,0.11430248039584513,0.13248403945883616,0.13182811185097007,0.101803555359068,0.10110698445957601
5.79089222252369,0.09985475099546426,0.10032357296404924,0.0,0.10581068151087639,0.107,0.0011893184891236114,0.0,1.0,1.0,0.11453573580489276,0.11408838821763263,0.13254422702060326,0.1318758239143043,0.10178777577560097,0.10112119591063798
5.810792195796966,0.09985601192595502,0.10032372421815021,0.0,0.10581324513514075,0.107,0.0011893184891236114,0.0,1.0,1.0,0.1143636194485225,0.11395163303034674,0.13261375041718462,0.13198152668497873,0.10177387083862113,0.10107606651664826
5.830692169070244,0.09985601192595502,0.1003253656052459,0.0,0.10584106520586144,0.107,0.0011589347941385608,0.0,1.0,1.0,0.11419304193027532,0.1137675357458126,0.1326747580337021,0.13203126628944586,0.10175406339674163,0.10107574346086694
5.850592142343521,0.09985754763973631,0.10032548815377088,0.0,0.1058428892584449,0.107,0.0011589347941385608,0.0,1.0,1.0,0.11402439158472419,0.11362571981930213,0.13272831655015543,0.13211719396917457,0.1017352830595008,0.10104073052915297
5.870492115616798,0.09985754763973631,0.10032736227084797,0.0,0.10587078423389788,0.107,0.0011292157661021152,0.0,1.0,1.0,0.11386271175294546,0.11347538622247028,0.1327775633912394,0.13217614931851945,0.1017122021836332,0.10101838301438647
5.890392088890076,0.09986001707336244,0.10032741716484886,0.0,0.1058717457305307,0.107,0.0011292157661021152,0.0,1.0,1.0,0.11369526995326779,0.11330622983448634,0.13281447188107462,0.13222011734104658,0.10169298481437752,0.1010303675009785
5.910292062163353,0.09986001707336244,0.10032903936107584,0.0,0.10590015933101077,0.107,0.0010998406689892298,0.0,1.0,1.0,0.11355448479815555,0.11316064500883652,0.1328621001095302,0.13228066988146192,0.101671549027855,0.10102104228871747
5.93019203543663,0.09986231714984749,0.10032904583842334,0.0,0.10590063509055535,0.107,0.0010998406689892298,0.0,1.0,1.0,0.11339508988902122,0.11305148094295601,0.13288847285158753,0.13235211671344707,0.10165004619201926,0.1010144602181819
5.950092008709907,0.09986231714984749,0.10032942506717508,0.0,0.10592848934701622,0.107,0.001071510652983776,0.0,1.0,1.0,0.11325744495759105,0.11295614049092553,0.13292113039979256,0.13242529238420186,0.10163044993739467,0.10100986285041698
5.969991981983185,0.09986258130104401,0.10032942503530067,0.0,0.10592850096967174,0.107,0.001071510652983776,0.0,1.0,1.0,0.11311961793372285,0.1128510644611621,0.13294594404272037,0.13248444120761155,0.10160883901106116,0.10100987083062975
5.9898919552564625,0.09986258130104401,0.1003293480049973,0.0,0.10595658922228163,0.107,0.0010435427971259065,0.0,1.0,1.0,0.11300305260695341,0.11275111654900112,0.13297579916844976,0.132540184101966,0.1015829581490581,0.10097611800029865
6.009791928529739,0.09986401798010631,0.1003293480049973,0.0,0.10595658922228163,0.107,0.0010434107777183704,0.0,1.0,1.0,0.11285647750084836,0.11259235556484935,0.13297645743279765,0.13253927367287519,0.10156942168567701,0.1009554980247667
6.029691901803017,0.09986402250491604,0.10032738775079986,0.0,0.10598344814033192,0.107,0.0010172144117564232,0.0,1.0,1.0,0.11275522619244807,0.11247791742846429,0.13300118415641188,0.1325623565127625,0.10154290269307173,0.10093909548331044
6.049591875076294,0.09986577919909972,0.10032738775079986,0.0,0.10598344814033192,0.107,0.0010165518596680773,0.0,1.0,1.0,0.11263792627269487,0.11237585434330755,0.13300433424271788,0.132586289256023,0.1015198506571773,0.10092011627972933
6.069491848349571,0.09986583750963458,0.10032548977514101,0.0,0.10600988326729027,0.107,0.0009913010647814,0.0,1.0,1.0,0.11253226648347638,0.11226155762658091,0.13300779907857554,0.1325934258543671,0.1015011653195078,0.10090412760351974
6.089391821622849,0.09986770916328223,0.10032548977514101,0.0,0.10600988326729027,0.107,0.0009901167327097254,0.0,1.0,1.0,0.11244145595743145,0.11215868625465719,0.1330131335144198,0.13260142308515646,0.1014765268282617,0.10091378119415581
6.109291794896126,0.0998678273139531,0.10032329715607387,0.0,0.10603526599509924,0.107,0.0009665701844589659,0.0,1.0,1.0,0.11235884722872129,0.1120979683405727,0.133014890833621,0.1326367783960447,0.10145782514378006,0.10092250756758522
6.129191768169403,0.09986883250338166,0.10032329715607387,0.0,0.10603526599509924,0.107,0.0009647340049007552,0.0,1.0,1.0,0.11227063488594649,0.11202803632299287,0.13300545742036332,0.13265796515863432,0.10144060417684968,0.10093137728763586
6.14909174144268,0.09986891883718436,0.10032177113091234,0.0,0.10605985918151056,0.107,0.000942277494525511,0.0,1.0,1.0,0.1121899060101116,0.11201046615592916,0.1329936138032161,0.13270539628910882,0.10142354065694377,0.10093534981207306
6.168991714715958,0.09986932196091342,0.10032177113091234,0.0,0.10605985918151056,0.107,0.000940140818489435,0.0,1.0,1.0,0.11213333946218844,0.1119322948441868,0.13298939223635,0.13270244818166538,0.10140906068169665,0.10094058765742821
6.188891687989235,0.09986936186619692,0.10032125252961131,0.0,0.1060839761654801,0.107,0.0009187866609562301,0.0,1.0,1.0,0.11206701964216981,0.11189842622930933,0.13297075030532834,0.13272118772319805,0.10139955449540626,0.10091767258108567
6.208791661262512,0.09986936186619692,0.10032125252961131,0.0,0.1060839761654801,0.107,0.0009160238345198995,0.0,1.0,1.0,0.11202296609841074,0.1118158254607632,0.13295971945413101,0.13269171705440697,0.10138463309184884,0.10093157270364024
6.22869163453579,0.09987029944525357,0.10032094494471044,0.0,0.10610750564010223,0.107,0.0008956551852758738,0.0,1.0,1.0,0.11196804828820073,0.11178457673859556,0.13293211794450707,0.13269581554281906,0.10137696026511848,0.10091011463063077
6.248591607809066,0.09987029944525357,0.10032094494471044,0.0,0.10610750564010223,0.107,0.0008924943598977719,0.0,1.0,1.0,0.1119333554268754,0.11170897392063221,0.13291117197765018,0.13265426065011765,0.10136033728035819,0.10091542199972756
6.268491581082344,0.09987011807254036,0.10032088728645631,0.0,0.10613040692756795,0.107,0.0008732418942160495,0.0,1.0,1.0,0.11190133524968264,0.11168344621662658,0.1328812182484581,0.1326437812122001,0.10134737169052266,0.1009310661157324
6.288391554355622,0.09987005563486624,0.10032088728645631,0.0,0.10613040692756795,0.107,0.0008695930724320483,0.0,1.0,1.0,0.11185813747957866,0.1116617479702593,0.13283667168624655,0.1326313413191878,0.10133822232663767,0.10094424091371483
6.308291527628898,0.0998700437142056,0.10032090079163532,0.0,0.10615276582829605,0.107,0.0008511932802799574,0.0,1.0,1.0,0.11183971759879012,0.11165619560540767,0.13280146179905036,0.13262081892250394,0.1013318807599826,0.10095561257701718
6.328191500902176,0.09987098713552453,0.10032090079163532,0.0,0.10615276582829605,0.107,0.000847234171703945,0.0,1.0,1.0,0.11182887247483267,0.11163699450125407,0.13276282524185157,0.13259286720074748,0.1013216965015224,0.10096471440771396
6.348091474175453,0.0998711983204803,0.10032099171010865,0.0,0.10617444959570957,0.107,0.0008297034988974668,0.0,1.0,1.0,0.11181647707276543,0.11163771378635687,0.13271420673540074,0.13256910192649052,0.10131149627234824,0.10096228187431003
6.3679914474487305,0.0998721713531922,0.10032099171010865,0.0,0.10617444959570957,0.107,0.0008255504042904288,0.0,1.0,1.0,0.11181631140711999,0.11163985071730191,0.132665690619548,0.13253335465009602,0.1013148252828349,0.10097880353374496
6.387891420722008,0.09987240948297278,0.10032183142359608,0.0,0.1061952506504406,0.107,0.0008093623571426923,0.0,1.0,1.0,0.11183378449686983,0.11165674572174801,0.13262361750556834,0.132504473135702,0.10130909073164601,0.10099332711256387
6.407791393995285,0.09987358233308945,0.10032183142359608,0.0,0.1061952506504406,0.107,0.0008047493495594027,0.0,1.0,1.0,0.11183647422984198,0.1116582574723436,0.1325611891883423,0.1324573631821488,0.101304561189877,0.10101266380528859
6.4276913672685625,0.09987391190428663,0.1003245185698401,0.0,0.10621565190222239,0.107,0.0007892635160784769,0.0,1.0,1.0,0.11186925427537875,0.11170912146637794,0.1325110226765974,0.1324357951199161,0.10130680574670904,0.10101276022158195
6.447591340541839,0.09987442995584087,0.1003245185698401,0.0,0.10621565190222239,0.107,0.0007843480977776096,0.0,1.0,1.0,0.11189474718628604,0.11169779194849273,0.13244888657044787,0.13235875041564665,0.1013086873399478,0.10100782558891216
6.467491313815117,0.09987458733545591,0.10032767055558463,0.0,0.10623600291860882,0.107,0.0007691787209785614,0.0,1.0,1.0,0.11192969914389608,0.11171295180519056,0.13238450193610535,0.13228954611386137,0.10130412489712577,0.10102225930259805
6.4873912870883945,0.0998750678873212,0.10032767055558463,0.0,0.10623600291860882,0.107,0.000763997081391174,0.0,1.0,1.0,0.11195417695240104,0.11173335882272284,0.13230378866872106,0.13222045142490657,0.10131072469300059,0.10103324087671466
6.507291260361671,0.0998752305362159,0.10032947893413542,0.0,0.10625547978423162,0.107,0.0007499354862743104,0.0,1.0,1.0,0.11201404084031377,0.11177471082677251,0.1322413038880279,0.13215726516824636,0.10130500034382416,0.10104983648708149
6.527191233634949,0.09987568403964246,0.10032947893413542,0.0,0.10625547978423162,0.107,0.0007445202157683739,0.0,1.0,1.0,0.11205428857887292,0.11185511338704487,0.13215411631888904,0.13211251406854482,0.10131101260907166,0.10101605382495499
6.547091206908226,0.09987585373974778,0.10033199013503541,0.0,0.10627432730292162,0.107,0.0007312173417094196,0.0,1.0,1.0,0.11211632831642702,0.11183151002038683,0.13207599099301537,0.131977650340617,0.10131844990131479,0.1010156510499242
6.566991180181503,0.09987781057872615,0.10033199013503541,0.0,0.10627432730292162,0.107,0.0007256726970783778,0.0,1.0,1.0,0.1121747766225732,0.11188236084636366,0.13198652268190128,0.13189154175471998,0.10131619262412138,0.10101798377061681
6.586891153454781,0.0998786314286922,0.10033506589133424,0.0,0.10629319850428097,0.107,0.000712614111113749,0.0,1.0,1.0,0.1122379520650524,0.1119166572277683,0.13188860734201793,0.13178618028143116,0.10131627992967433,0.10101108026235134
6.606791126728058,0.09987987850930018,0.10033506589133424,0.0,0.10629319850428097,0.107,0.0007068014957190283,0.0,1.0,1.0,0.1123110482929091,0.11197035484364024,0.13178765349979038,0.13168282169721035,0.10132538149708817,0.10100227797638604
6.626691100001335,0.09988047304262881,0.10033652548782708,0.0,0.10631143450858947,0.107,0.0006947021713609462,0.0,1.0,1.0,0.11241074649863408,0.11203792751393347,0.13169590719777297,0.13157735067490134,0.10131850292787682,0.10100469345215024
6.646591073274612,0.09988139209782268,0.10033652548782708,0.0,0.10631143450858947,0.107,0.0006885654914105255,0.0,1.0,1.0,0.11249119734081806,0.11209772045881351,0.13157449288932338,0.1314589194087903,0.10132418365718075,0.10101710555479362
6.66649104654789,0.09988186770303092,0.10033787223191458,0.0,0.1063287933630612,0.107,0.000677372279639019,0.0,1.0,1.0,0.11259979462995752,0.11218922110567338,0.13146172415434576,0.13135415859703528,0.10133305380008538,0.10102111172298642
6.686391019821167,0.09988301307800025,0.10033787223191458,0.0,0.1063287933630612,0.107,0.0006712066369388009,0.0,1.0,1.0,0.11271518500307287,0.11226383719342542,0.1313406955471486,0.1312208974314688,0.10132824326997443,0.10100680815588094
6.706290993094444,0.09988365223014446,0.10034057783159862,0.0,0.1063460074493089,0.107,0.0006605613892175613,0.0,1.0,1.0,0.11281531640530308,0.11233564063758562,0.1311896552380328,0.13106752947850428,0.10133104150441127,0.10099572258864337
6.726190966367722,0.09988475511945659,0.10034057783159862,0.0,0.1063460074493089,0.107,0.000653992550691096,0.0,1.0,1.0,0.11294610131229095,0.11241695358612616,0.1310433418088342,0.1309059584244633,0.10133406934206211,0.10098018709239112
6.7460909396409985,0.09988543142293159,0.10034289328918382,0.0,0.10636280743270092,0.107,0.0006437592195299546,0.0,1.0,1.0,0.11308397190243168,0.11253569487138947,0.13088453205502854,0.13075029821124978,0.10132359860166996,0.10098328016013995
6.765990912914276,0.09988543142293159,0.10034289328918382,0.0,0.10636280743270092,0.107,0.0006371925672990775,0.0,1.0,1.0,0.11322685750850849,0.11267368033906412,0.13070920278651732,0.13059798609035317,0.1013222910788724,0.10099154864259648
6.785890886187554,0.09988685717447583,0.10034519002855935,0.0,0.1063790060356082,0.107,0.0006277142445116738,0.0,1.0,1.0,0.11339466280215484,0.11279252888710653,0.13053081336800929,0.1304161141468929,0.10132176769919912,0.10097670459913118
6.8057908594608305,0.09988766311941495,0.10034519002855935,0.0,0.1063790060356082,0.107,0.0006209939643918028,0.0,1.0,1.0,0.11356247550706522,0.11292432759888352,0.13033282567122204,0.13021848487655183,0.10130957574165105,0.1009693629804672
6.825690832734108,0.09988822607454051,0.10034808184126028,0.0,0.10639485708303578,0.107,0.0006120292143657562,0.0,1.0,1.0,0.11373754739502072,0.11307073620881646,0.13011685624280586,0.13001171573391546,0.10130337565971743,0.1009487077486944
6.845590806007385,0.09988912502904769,0.10034808184126028,0.0,0.10639485708303578,0.107,0.0006051429169642158,0.0,1.0,1.0,0.11392831033174189,0.11321715945750159,0.12989071797329052,0.12978049511985182,0.10129661316410107,0.10094231324119436
6.8654907792806625,0.09988982796911326,0.10035112576564503,0.0,0.10641030898599893,0.107,0.000596659060306063,0.0,1.0,1.0,0.11414078843911266,0.11340071090479578,0.1296569086589631,0.1295570980436132,0.10127354148292912,0.10091121500506904
6.88539075255394,0.09989070712518089,0.10035112576564503,0.0,0.10641030898599893,0.107,0.0005896910140010675,0.0,1.0,1.0,0.11434201044005791,0.11356345109263116,0.1293920568167966,0.12929175144085178,0.10126119540191526,0.1008792728074612
6.905290725827217,0.09989144570142962,0.10035426079944813,0.0,0.10642532401455387,0.107,0.000581745881129046,0.0,1.0,1.0,0.11456980874653622,0.11372549763800076,0.12912227997410838,0.12900028035971722,0.10123819231165998,0.10084443490510593
6.925190699100495,0.09989248325664299,0.10035426079944813,0.0,0.10642532401455387,0.107,0.0005746759854461242,0.0,1.0,1.0,0.11479422629890763,0.11392624872258562,0.12882776635128682,0.12871232254020906,0.10122054579575367,0.10079669664398332
6.945090672373771,0.0998933969751996,0.10035761019378714,0.0,0.10643997483607882,0.107,0.0005671793257335801,0.0,1.0,1.0,0.11504353617990629,0.11412616939493388,0.12852785852697396,0.12840107750863156,0.10118853490394326,0.10075247485753042
6.964990645647049,0.09989448361680778,0.10035761019378714,0.0,0.10643997483607882,0.107,0.000560025163921174,0.0,1.0,1.0,0.11528785123966537,0.11435734171267417,0.12820246888816175,0.128089941513694,0.10115872791267,0.10072534589043425
6.984890618920327,0.09989552813482022,0.10036125584577926,0.0,0.10645416301570017,0.107,0.0005532042625320665,0.0,1.0,1.0,0.11556331655267969,0.11457690807339611,0.12787731129522908,0.12775466368735755,0.10112775477260313,0.10070412328566847
7.004790592193603,0.09989654513581438,0.10036125584577926,0.0,0.10645416301570017,0.107,0.0005458369842998301,0.0,1.0,1.0,0.11582992156685466,0.11484971303160371,0.12752326886273938,0.12743876265206297,0.10108056107102359,0.10065665036884275
7.024690565466881,0.09989769160764332,0.10036533925804487,0.0,0.10646827569795803,0.107,0.0005392450120654605,0.0,1.0,1.0,0.11609961792890507,0.1150794145169103,0.12714806353928768,0.12706098914700928,0.10104190676765758,0.10060679228949376
7.044590538740158,0.09989898089956939,0.10036533925804487,0.0,0.10646827569795803,0.107,0.0005317243020419721,0.0,1.0,1.0,0.11639125179310975,0.11532975126964504,0.12677110054896654,0.12667646404719882,0.10099500763546251,0.10054538488912919
7.064490512013435,0.09990045699331745,0.10036799591996305,0.0,0.10648194946587346,0.107,0.000525673415710222,0.0,1.0,1.0,0.11668927032204718,0.11560162108543996,0.12638205942171146,0.12628787532279914,0.10094920140468147,0.10047878384319783
7.084390485286713,0.09990045699331745,0.10036799591996305,0.0,0.10648194946587346,0.107,0.0005180505341265407,0.0,1.0,1.0,0.11701022697653862,0.11584716229631938,0.125988474825865,0.12586015881898105,0.10088781693219749,0.10041333363047766
7.10429045855999,0.09990263842616105,0.10037029884402021,0.0,0.10649521454724814,0.107,0.0005123396982713692,0.0,1.0,1.0,0.11730219569717092,0.1161484135668532,0.1255565053509,0.12545188212760655,0.10082995866783324,0.1003639485695236
7.124190431833267,0.09990277815545902,0.10037029884402021,0.0,0.10649521454724814,0.107,0.0005047854527518575,0.0,1.0,1.0,0.11761688350044244,0.1164374742937657,0.12512735338642716,0.12502773262192046,0.10077846032386692,0.10031589588167344
7.144090405106544,0.09990296487105936,0.10037259167732814,0.0,0.1065080983261843,0.107,0.0004994708710684557,0.0,1.0,1.0,0.1179500591859854,0.11678170672720387,0.1247009496798256,0.12462969460095068,0.10071625761092017,0.10026311970524954
7.163990378379822,0.09990261720883971,0.10037259167732814,0.0,0.1065080983261843,0.107,0.0004919016738157006,0.0,1.0,1.0,0.1182746386242452,0.11709161871594854,0.12425531845015887,0.12419418996432693,0.10065509643330647,0.1001969493935117
7.183890351653099,0.0999021001530326,0.10037490585669374,0.0,0.10652070593706922,0.107,0.00048706904237359104,0.0,1.0,1.0,0.11860259143796859,0.11738619472751642,0.12380607904883098,0.12373422506008934,0.10059058664007271,0.10012995979613026
7.203790324926376,0.0999021001530326,0.10037490585669374,0.0,0.10652070593706922,0.107,0.0004792940629307768,0.0,1.0,1.0,0.11894869563058189,0.11771807457826254,0.1233530526194557,0.12328298527870751,0.10052764067368312,0.10005938145331272
7.223690298199654,0.09990293894166562,0.10037675201703694,0.0,0.10653314458723073,0.107,0.00047475175887681705,0.0,1.0,1.0,0.11927300267677407,0.1180610059326426,0.1228873537311546,0.12282760965396519,0.10045287303913165,0.09998893299873278
7.2435902714729306,0.09990246437740256,0.10037675201703694,0.0,0.10653314458723073,0.107,0.00046685541276926534,0.0,1.0,1.0,0.11960506587838991,0.11836801147248106,0.12241233398433032,0.12234765648937744,0.1003784020861942,0.09992406975999892
7.263490244746208,0.09990167913514499,0.10037725638337236,0.0,0.1065451125502941,0.107,0.0004626067609603811,0.0,1.0,1.0,0.11994297709071364,0.11870763120486577,0.12194201432527162,0.12188592894262133,0.1003033770709094,0.09983794903145936
7.283390218019486,0.0999015316684246,0.10037725638337236,0.0,0.1065451125502941,0.107,0.00045488744970589856,0.0,1.0,1.0,0.12026565647235499,0.11902529193213607,0.12146055947380625,0.12140345697530136,0.10022549360195258,0.09976776752099098
7.303290191292763,0.09990125136041739,0.10037750735635446,0.0,0.10655693736974621,0.107,0.0004509177639040575,0.0,1.0,1.0,0.12059874621991402,0.11937018595895336,0.12098556971307618,0.1209341790786581,0.10014251948497488,0.09969636593661009
7.32319016456604,0.09990111969743515,0.10037750735635446,0.0,0.10655693736974621,0.107,0.00044306263025378767,0.0,1.0,1.0,0.12093036504610451,0.11969157788091218,0.1205121225772513,0.12045374136746533,0.10006928814244875,0.09962206179712428
7.343090137839317,0.0999008534924793,0.10037673616165844,0.0,0.10656831072534745,0.107,0.00043953503638473963,0.0,1.0,1.0,0.12128596529202092,0.12003311807749655,0.12005984757674515,0.11998970177671678,0.09999546375630873,0.09956875206142723
7.362990111112595,0.09990090112694382,0.10037673616165844,0.0,0.10656831072534745,0.107,0.0004316892746525497,0.0,1.0,1.0,0.12162074004216927,0.12041425999135849,0.1195980971095389,0.1195575061935674,0.09992893995917917,0.09950490983104751
7.382890084385872,0.09990100707063905,0.10037594336699912,0.0,0.10657952392988851,0.107,0.0004284156317961761,0.0,1.0,1.0,0.12196037541093928,0.12074442761994512,0.11915079074001474,0.11909670718933146,0.09986347995397696,0.09943746792300144
7.402790057659149,0.0999010764540688,0.10037594336699912,0.0,0.10657952392988851,0.107,0.000420476070111489,0.0,1.0,1.0,0.12231264213993415,0.1210978987066763,0.1187188694634221,0.11865763365068069,0.09980169686026813,0.09937715422891967
7.422690030932427,0.09990126530537136,0.10037426987876252,0.0,0.10659036274186258,0.107,0.00041757656824224803,0.0,1.0,1.0,0.12265333653425117,0.1214254548098966,0.11829406369639964,0.11820531979387607,0.09974697227946863,0.09933682131680642
7.442590004205703,0.09990143137856627,0.10037426987876252,0.0,0.10659036274186258,0.107,0.0004096372581374186,0.0,1.0,1.0,0.12299693678239472,0.12178140874423024,0.11788158083695716,0.11778882838434121,0.09970208244872043,0.09929355415391561
7.462489977478981,0.09990190435683277,0.10037251135629684,0.0,0.1066009244624649,0.107,0.0004070265941923805,0.0,1.0,1.0,0.12334488986597532,0.12214098411980895,0.11748770842371488,0.11738526567584952,0.09966042140229833,0.09924880753261156
7.482389950752259,0.09990190435683277,0.10037251135629684,0.0,0.1066009244624649,0.107,0.0003990755375350985,0.0,1.0,1.0,0.12368240486949782,0.12247159134916838,0.11709939961302135,0.11697390521567547,0.09962350026332041,0.09918731980921196
7.502289924025535,0.09990200584645088,0.1003708897898351,0.0,0.10661108647821402,0.107,0.00039677080787130264,0.0,1.0,1.0,0.12404025544149318,0.12280760934616133,0.11674482617727876,0.11657834064745444,0.09959404009705507,0.09915131080951294
7.522189897298813,0.09990200584645088,0.1003708897898351,0.0,0.10661108647821402,0.107,0.00038891352178598015,0.0,1.0,1.0,0.12437822777771332,0.12314732997103188,0.11639047732918549,0.11620556633778883,0.09957237785583904,0.0991369826758644
7.54208987057209,0.09990189272171653,0.10037002372780397,0.0,0.10662104773455953,0.107,0.0003868017577801067,0.0,1.0,1.0,0.12469874222525486,0.12350585999906093,0.11604745881716816,0.11586184571197176,0.09955461544191754,0.09911882438490327
7.561989843845367,0.09990139300850685,0.10037002372780397,0.0,0.10662104773455953,0.107,0.0003789522654404631,0.0,1.0,1.0,0.1250330352467123,0.12381877891571348,0.11573159756340404,0.11550726706321217,0.09953380135938868,0.09909260750182715
7.581889817118645,0.09989948912138957,0.10036907884598166,0.0,0.10663092150151351,0.107,0.00037711404170828457,0.0,1.0,1.0,0.1253314160261366,0.12413303862742066,0.11541102614313266,0.11516892852168857,0.09952688126200564,0.09907043768724419
7.601789790391922,0.09989906627647423,0.10036907884598166,0.0,0.10663092150151351,0.107,0.0003690784984864831,0.0,1.0,1.0,0.12566759334427285,0.12447267855551497,0.11513576713691928,0.11486874331182068,0.09952267651866206,0.09905698990402956
7.6216897636651995,0.09989726807127808,0.10036709342103393,0.0,0.10664043933857875,0.107,0.0003674147884050871,0.0,1.0,1.0,0.12598162091656442,0.12478462292782942,0.1148636211465263,0.11456967907330436,0.09952925899644431,0.0990514993189357
7.641589736938476,0.09989670633575085,0.10036709342103393,0.0,0.10664043933857875,0.107,0.000359560661421246,0.0,1.0,1.0,0.12629780918110559,0.12508597849518968,0.11461952975388152,0.11428584548960688,0.09955173347476841,0.09904693662746848
7.661489710211754,0.09989397922450782,0.10036510308994723,0.0,0.106649675879622,0.107,0.0003581660390955793,0.0,1.0,1.0,0.12661623331486246,0.12537976713349253,0.11439939900319127,0.11401694238069575,0.09957680929697715,0.09905871429998801
7.6813896834850315,0.09989397922450782,0.10036510308994723,0.0,0.106649675879622,0.107,0.0003503241203779983,0.0,1.0,1.0,0.12692092838415797,0.12567065062627525,0.11419168848421601,0.11376951773386147,0.09960918012460215,0.09907270144441692
7.701289656758308,0.09989036355763847,0.10036318089329381,0.0,0.10665866644552645,0.107,0.0003491370715347668,0.0,1.0,1.0,0.12721126625087137,0.12597040806616516,0.11399634279873846,0.11354900910715372,0.09964836507081999,0.09909238634278553
7.721189630031586,0.09988993360290806,0.10036318089329381,0.0,0.10665866644552645,0.107,0.00034133355447354963,0.0,1.0,1.0,0.12751817477844613,0.12626372921080198,0.11383387918381599,0.1133464894345345,0.09969033959954915,0.09912414807050315
7.741089603304863,0.09988701808855456,0.10036178264231653,0.0,0.10666742507982599,0.107,0.00034036983202298846,0.0,1.0,1.0,0.12780430777566162,0.1265436962026642,0.1136783103698805,0.11315859234048008,0.09974129371599877,0.09916692164066912
7.76098957657814,0.09988679272714536,0.10036178264231653,0.0,0.10666742507982599,0.107,0.0003325749201740086,0.0,1.0,1.0,0.12808708648055528,0.1268399243902479,0.11354237053222312,0.11300221291445486,0.0997976154687105,0.099212760938524
7.780889549851418,0.09988479711414744,0.10036031435236568,0.0,0.10667602517426318,0.107,0.0003317980583818162,0.0,1.0,1.0,0.12834412369763348,0.12707623620752612,0.11341043992245126,0.1128265392065097,0.09985786799884981,0.09928005615265598
7.800789523124695,0.09988469427773677,0.10036031435236568,0.0,0.10667602517426318,0.107,0.0003239748257368169,0.0,1.0,1.0,0.12860991686982004,0.12737696124916895,0.11330394216392857,0.11271930137871819,0.09992205114137229,0.09934293994595687
7.820689496397972,0.09988366323249075,0.10035858964565375,0.0,0.10668435556979976,0.107,0.00032339731140115997,0.0,1.0,1.0,0.12888140309196092,0.12763898650703606,0.1132198682904112,0.11260343996034217,0.09998816316429777,0.0993969324203461
7.840589469671249,0.09988357584218056,0.10035858964565375,0.0,0.10668435556979976,0.107,0.00031564443020024036,0.0,1.0,1.0,0.1291283384721436,0.12786873563985796,0.11313826921464357,0.11248541180078259,0.10005961520262655,0.09945755931869239
7.860489442944527,0.0998822180837902,0.10035699771409338,0.0,0.10669250995685946,0.107,0.0003152503634582284,0.0,1.0,1.0,0.12936622398932499,0.12810721899647032,0.11306831769535211,0.11239123091819159,0.10013437910460998,0.09951995668375012
7.880389416217804,0.09988218757530892,0.10035699771409338,0.0,0.10669250995685946,0.107,0.0003074900431405403,0.0,1.0,1.0,0.1295953483937362,0.12835554352061498,0.11300973820716266,0.11232108648581085,0.10021142794158004,0.09960305867662768
7.900289389491081,0.09988147519785355,0.10035533129326495,0.0,0.1067003496447739,0.107,0.000307256474880145,0.0,1.0,1.0,0.1298362118750816,0.1285871407578075,0.11297487376053847,0.11226252716475069,0.10029202592110328,0.09968251935411597
7.920189362764359,0.0998814412485472,0.10035533129326495,0.0,0.1067003496447739,0.107,0.00029965035522609706,0.0,1.0,1.0,0.13005047082059248,0.1288152476515329,0.11293827005118103,0.11221343164153283,0.1003666149228087,0.09976874745519247
7.9400893360376354,0.09988003176407949,0.10035464357156011,0.0,0.1067079947074098,0.107,0.0002995749746290932,0.0,1.0,1.0,0.13024482549981425,0.12901487379613888,0.112900390641138,0.11216450831232906,0.100443204657203,0.09985207588439508
7.959989309310913,0.09988003176407949,0.10035464357156011,0.0,0.1067079947074098,0.107,0.00029200529259020003,0.0,1.0,1.0,0.1304386013876797,0.1292380322843369,0.11287528004591535,0.11214356901638292,0.10053132930943867,0.09993580735999902
