yaw_drive_disturbance_path_progress,m1b_counterfactual_common_velocity_mps,effective_common_velocity_mps,paired_reference_difference_mps,m1_common_boundary_upper,m1b_common_boundary_upper,m1_risk_contraction,m1b_risk_contraction,m1_agv2_robust_margin,m1b_agv2_robust_margin,m1_yaw_drive_disturbance_left_nominal,m1b_yaw_drive_disturbance_left_nominal,m1_yaw_drive_disturbance_right_nominal,m1b_yaw_drive_disturbance_right_nominal,m1_agv2_s_dot_actual,m1b_agv2_s_dot_actual
2.0003119283297948,0.0997869491535643,0.10038863095411388,0.0,0.10699991758778436,0.107,8.241221563509704e-08,0.0,1.0,1.0,0.1320196485858382,0.13103055557831983,0.11200263016494227,0.1112136017000338,0.10037342143050866,0.09978576213226967
2.0023086492731736,0.09978804448059538,0.10038650584498211,0.0,0.10699991967697345,0.107,8.211706745351445e-08,0.0,1.0,1.0,0.13203103298374347,0.13101826861020832,0.11200887579761216,0.11120620076061737,0.10037307831979339,0.0998066893216638
2.004305370216552,0.09978804448059538,0.10038650584498211,0.0,0.10699991967697345,0.107,8.03230265494781e-08,0.0,1.0,1.0,0.13203553281160874,0.13105355735419832,0.11201161414441188,0.1112357977866935,0.1003729182145797,0.09982358953802598
2.006302091159931,0.09978866974662555,0.10038546186442614,0.0,0.10699992175484535,0.107,8.006678799747613e-08,0.0,1.0,1.0,0.13201606678124642,0.13106401069109194,0.11199897189665571,0.11124802739047247,0.10037260298564281,0.09983962670851175
2.00829881210331,0.09978866974662555,0.10038546186442614,0.0,0.10699992175484535,0.107,7.824515464716075e-08,0.0,1.0,1.0,0.13202253670059627,0.1310795266320632,0.11200291801716847,0.11126312640357448,0.10036853418222555,0.09985638243334906
2.0102955330466883,0.09978867304851087,0.10038382422420024,0.0,0.10699992376008104,0.107,7.803405905701707e-08,0.0,1.0,1.0,0.13203053484278726,0.13106281620842491,0.11200675250913039,0.11125802419007827,0.10036984786353545,0.09987545316458296
2.012292253990067,0.09978867304851087,0.10038382422420024,0.0,0.10699992376008104,0.107,7.623991896132942e-08,0.0,1.0,1.0,0.13202883832146609,0.13109749575721277,0.11200566322090501,0.11128584595167293,0.10036428846646453,0.09991232222233735
2.014288974933446,0.0997894221694815,0.100382182403828,0.0,0.10699992574333819,0.107,7.606722804516207e-08,0.0,1.0,1.0,0.13201030788533968,0.13046330314257926,0.11199162500634104,0.11090156902288449,0.10036646776444998,0.09990393299238264
2.0162856958768245,0.09978993779684488,0.100382182403828,0.0,0.10699992574333819,0.107,7.425666180560508e-08,0.0,1.0,1.0,0.1320433793496436,0.131121459091574,0.11201228022263658,0.11130622243868384,0.10036189224731291,0.09978862051480258
2.0182824168202034,0.09979011430090719,0.10038012252895086,0.0,0.10699992761947509,0.107,7.41251738612247e-08,0.0,1.0,1.0,0.13205940943063035,0.13097167127278878,0.11201924106469557,0.1111722607461196,0.10036184170223066,0.099837473507502
2.0202791377635823,0.09979011430090719,0.10038012252895086,0.0,0.10699992761947509,0.107,7.238052490698976e-08,0.0,1.0,1.0,0.13204095043445618,0.13106021762987669,0.11200415406481709,0.11123849157424995,0.10036149647736481,0.09982126692552097
2.0222758587069607,0.0997917153984516,0.10037968486601279,0.0,0.1069999294678095,0.107,7.228378306745198e-08,0.0,1.0,1.0,0.13205154680127104,0.13105079270889491,0.11200649843778258,0.11122295167584663,0.10035775783221464,0.09983619058187292
2.0242725796503396,0.0997917153984516,0.10037968486601279,0.0,0.1069999294678095,0.107,7.053219050479065e-08,0.0,1.0,1.0,0.13205455448475795,0.1310678471276099,0.11200070391459617,0.11123260120628162,0.10035315768864328,0.09982830456785022
2.0262693005937185,0.09979313473895175,0.10037955928591104,0.0,0.10699993127669288,0.107,7.046831397377746e-08,0.0,1.0,1.0,0.13205318272715683,0.13106197927483249,0.11198899699669239,0.11121660333813285,0.10034760864277063,0.09983878198189006
2.028266021537097,0.09979313514183537,0.10037955928591104,0.0,0.10699993127669288,0.107,6.872330711449326e-08,0.0,1.0,1.0,0.1320454898198224,0.131096023029779,0.11196961575280855,0.1112294633133124,0.10033992161652971,0.09982212342545545
2.030262742480476,0.09979485999926645,0.10037923242159086,0.0,0.10699993305989756,0.107,6.86901981674803e-08,0.0,1.0,1.0,0.13205099571220472,0.13108559154830915,0.11195378095751478,0.11120136785279729,0.10032982981002206,0.09983390470932785
2.032259463423854,0.09979485999926645,0.10037923242159086,0.0,0.10699993305989756,0.107,6.694010243335491e-08,0.0,1.0,1.0,0.13208402928603752,0.13110970360559482,0.11194983847963971,0.11119952871725163,0.1003178085750294,0.0998359763158148
2.034256184367233,0.09979549122833542,0.10037815002061005,0.0,0.10699993477235566,0.107,6.693820345181305e-08,0.0,1.0,1.0,0.13208249159552896,0.13110878821925787,0.11191759170862588,0.11117344392497963,0.10030919320922847,0.09981863068748195
2.036252905310612,0.09979549219733667,0.10037815002061005,0.0,0.10699993477235566,0.107,6.522764434135908e-08,0.0,1.0,1.0,0.13206265707080303,0.131111629346447,0.11186789959889304,0.11113556670552198,0.10029450863915751,0.0997936596589149
2.0382496262539904,0.0997959189205173,0.10037746185979461,0.0,0.10699993641425123,0.107,6.522764434135908e-08,0.0,1.0,1.0,0.13208761447631376,0.13110861494747436,0.11183735110794575,0.11108406917072677,0.10027530450024416,0.09977414591913374
2.0402463471973693,0.09979591996546221,0.10037744851466575,0.0,0.10699993644609163,0.107,6.355390837209374e-08,0.0,1.0,1.0,0.13210513978959665,0.1311190500111196,0.1117921745513967,0.11103380026352076,0.10025424434667439,0.09974575122185778
2.042243068140748,0.09979609145193334,0.1003768887245515,0.0,0.10699993802317229,0.107,6.355390837209374e-08,0.0,1.0,1.0,0.13210580514882694,0.13112275535473958,0.111726092923256,0.11096729178437098,0.10022861896301646,0.09971570784459843
2.0442397890841266,0.09979609145193334,0.10037686644812294,0.0,0.10699993808593103,0.107,6.191406896893792e-08,0.0,1.0,1.0,0.13211880732628603,0.13114384909623103,0.11165562481550755,0.11090051326540616,0.10019933693963565,0.09970412142825642
2.0462365100275055,0.09979521000238317,0.10037561789916517,0.0,0.10699993960690225,0.107,6.191406896893792e-08,0.0,1.0,1.0,0.1321186035576423,0.1311761519514595,0.11156403498337127,0.11083641960827788,0.10016612044039291,0.09968012114682935
2.0482332309708844,0.09979517636536799,0.10037554533332764,0.0,0.1069999396953013,0.107,6.030469869300337e-08,0.0,1.0,1.0,0.1321521478885059,0.13119102261134055,0.11147984731074675,0.11074497360341498,0.10012668775821507,0.09965242269309532
2.050229951914263,0.09979365453505538,0.10037343051747168,0.0,0.10699994114255233,0.107,6.030469869300337e-08,0.0,1.0,1.0,0.1321653257790287,0.13122197453952442,0.11136697696959096,0.11064868633623516,0.10008466114066739,0.09960157051008428
2.0522266728576417,0.09979365453505538,0.10037327645710904,0.0,0.10699994124798186,0.107,5.875201813942965e-08,0.0,1.0,1.0,0.13218339220314024,0.1312326496755166,0.11124125814753938,0.11051584959623965,0.10003275553947061,0.09956858651873379
2.0542233938010206,0.09979292448058034,0.10037114896873908,0.0,0.10699994265310647,0.107,5.875201813942965e-08,0.0,1.0,1.0,0.1322102763899829,0.1312922778129092,0.1111028482145319,0.11040491915143304,0.09997954772935513,0.09950618627999422
2.056220114744399,0.09979293099566106,0.1003709731618545,0.0,0.10699994276922019,0.107,5.72307798096805e-08,0.0,1.0,1.0,0.13224821495896133,0.1313162800917492,0.11095380638588005,0.11024392563660688,0.09991700861170243,0.09946500743492635
2.058216835687778,0.09979307648848823,0.1003683287457808,0.0,0.10699994414242248,0.107,5.72307798096805e-08,0.0,1.0,1.0,0.13228727866918202,0.13135355890060793,0.11078514642972045,0.11008178499947696,0.09984822666379813,0.09937380764431171
2.060213556631157,0.09979307648848823,0.10036810798166956,0.0,0.10699994425706169,0.107,5.574293830690191e-08,0.0,1.0,1.0,0.13233247587255548,0.13140886910513083,0.11059971013137668,0.10989523637100372,0.09977896263396087,0.09930506166551084
2.0622102775745352,0.09979525252335802,0.10036468268149963,0.0,0.10699994560129453,0.107,5.574293830690191e-08,0.0,1.0,1.0,0.13239299587403333,0.1314605181254547,0.11040459633925157,0.10969395372450165,0.09968789193107362,0.09921734671589276
2.064206998517914,0.09979525252335802,0.10036442513798542,0.0,0.10699994570236551,0.107,5.429763448583369e-08,0.0,1.0,1.0,0.13244658425897018,0.13151287243170112,0.11017898846936092,0.10946726210502125,0.09961765474835448,0.09914814800370919
2.066203719461293,0.0997960523112383,0.10036073440910524,0.0,0.10699994703713128,0.107,5.429763448583369e-08,0.0,1.0,1.0,0.13253725290751123,0.13159941049708587,0.1099616523236544,0.10924985348209157,0.0995234149838811,0.09906887680779675
2.0682004404046714,0.09979615811472636,0.10036052255696255,0.0,0.1069999471137484,0.107,5.2886251600270384e-08,0.0,1.0,1.0,0.132599443421921,0.13169358594248914,0.10969790169096698,0.10901290027263279,0.09943011273302729,0.09897739285193566
2.0701971613480503,0.09979677790145651,0.10035591464492148,0.0,0.10699994845093919,0.107,5.2886251600270384e-08,0.0,1.0,1.0,0.1326918201125,0.13176790557645662,0.10943239192999493,0.10873781536421578,0.09931322553440348,0.09885969406433057
2.072193882291429,0.09979684605803356,0.10035578062502006,0.0,0.10699994848983102,0.107,5.151016897742e-08,0.0,1.0,1.0,0.13277276754550832,0.13188170977206384,0.1091308989444433,0.10845316543689719,0.0992054271675623,0.09873908555391792
2.0741906032348076,0.09979710046039127,0.10035046542674429,0.0,0.10699994983930007,0.107,5.1501017449051434e-08,0.0,1.0,1.0,0.13287511063949736,0.1319739040509855,0.10882294674438907,0.10813311613550702,0.09909336584595468,0.09862245536587375
2.0761873241781865,0.09979727905495042,0.10035046542674429,0.0,0.10699994983930007,0.107,5.016069992702654e-08,0.0,1.0,1.0,0.13298261005215853,0.13209522664208415,0.10849457779861513,0.107811395647855,0.09897218170508063,0.09850698295557601
2.0781840451215654,0.09979775050025246,0.10034440155152553,0.0,0.10699995112880731,0.107,5.0108621400136184e-08,0.0,1.0,1.0,0.1331130109297087,0.13221865798730262,0.10815621617374385,0.10746947748961316,0.09884235907688321,0.09836451111779637
2.080180766064944,0.09979775050025246,0.10034440155152553,0.0,0.10699995112880731,0.107,4.887119268992546e-08,0.0,1.0,1.0,0.13322388851074884,0.13237137631464208,0.10778045803727895,0.1071135184908043,0.09872035016818427,0.0982203022187188
2.0821774870083227,0.09979941498556845,0.10033928542468347,0.0,0.10699995238626375,0.107,4.8766897597342947e-08,0.0,1.0,1.0,0.13336557867630625,0.13249555469522503,0.10740365514208057,0.10671766291355751,0.09857679188185883,0.09807835569430848
2.0841742079517016,0.09979964173038848,0.10033928542468347,0.0,0.10699995238626375,0.107,4.7613736245399885e-08,0.0,1.0,1.0,0.1334974455120452,0.13265614472201018,0.10699348429191767,0.10632289510947916,0.09843812192993347,0.09792162089204877
2.08617092889508,0.09979990411342242,0.10033452982232793,0.0,0.10699995362818236,0.107,4.7445322143885655e-08,0.0,1.0,1.0,0.13363726151183938,0.13280818218054638,0.10656756993452664,0.10589687433788403,0.09830023358069696,0.09776559428463304
2.088167649838459,0.09979990411342242,0.10033452982232793,0.0,0.10699995362818236,0.107,4.637181763578191e-08,0.0,1.0,1.0,0.1338209059330481,0.1330033599754148,0.10614979445392714,0.10547762733362556,0.09814741906483482,0.09760095538655601
2.0901643707818374,0.09980121473589963,0.1003295328320395,0.0,0.10699995481604926,0.107,4.613533575239675e-08,0.0,1.0,1.0,0.13399963034311432,0.13321339724958473,0.10570439722884252,0.1050446659795195,0.09800163878272052,0.09746137907323338
2.0921610917252162,0.09980177371889096,0.1003295328320395,0.0,0.10699995481604926,0.107,4.518395073371817e-08,0.0,1.0,1.0,0.13419606509968332,0.13344189816185922,0.10525346500552032,0.10461499202106997,0.09784963178136864,0.09733061705943867
2.094157812668595,0.0998019950022111,0.10032582855758676,0.0,0.10699995596981195,0.107,4.48754334259501e-08,0.0,1.0,1.0,0.13437347365663785,0.13370523885520186,0.10477011603114679,0.10419174521977213,0.09770323696207678,0.09717787834699725
2.0961545336119736,0.09980277402233804,0.10032582855758676,0.0,0.10699995596981195,0.107,4.4030188051102925e-08,0.0,1.0,1.0,0.13459163233667273,0.1339298069636601,0.10429655340546416,0.10371971930472562,0.09755326273886121,0.09700873383973947
2.0981512545553525,0.09980289839636469,0.1003234986356046,0.0,0.10699995709442034,0.107,4.363388309395159e-08,0.0,1.0,1.0,0.13481955362036466,0.13418454150307133,0.10381363305875574,0.10324366809826331,0.09739815504415884,0.0968455646818155
2.1001479754987313,0.09980306938481369,0.1003234986356046,0.0,0.10699995709442034,0.107,4.2905579658580884e-08,0.0,1.0,1.0,0.13503555473551743,0.13442445351586374,0.10330546771346454,0.10274526046853717,0.09725288359919092,0.09668098553570019
2.1021446964421098,0.09980306938481369,0.10032173730357484,0.0,0.10699995819611548,0.107,4.240801527344344e-08,0.0,1.0,1.0,0.1352787640610191,0.1346791492266088,0.10280502444575128,0.10224418708596536,0.0971036562057852,0.09652967522650326
2.1041414173854887,0.09980334465045566,0.10032173730357484,0.0,0.10699995819611548,0.107,4.180388452068584e-08,0.0,1.0,1.0,0.13553168289757067,0.1349241602582261,0.10229771618230128,0.10172665914843743,0.0969552161376171,0.09636986955149617
2.1061381383288675,0.09980334465045566,0.10032021512398583,0.0,0.1069999592678841,0.107,4.121200808010501e-08,0.0,1.0,1.0,0.13577745675484618,0.13517292053990654,0.10177587592335227,0.10120064009406222,0.09680746251660569,0.0962239215050661
2.108134859272246,0.09980473901557514,0.10032021512398583,0.0,0.1069999592678841,0.107,4.073211590238657e-08,0.0,1.0,1.0,0.13604693297339368,0.13545343221432254,0.10126053664925906,0.10068902224707775,0.09665953496743604,0.09607056800607759
2.110131580215625,0.09980473901557514,0.10031882515872337,0.0,0.10699996032657662,0.107,4.0019715380522354e-08,0.0,1.0,1.0,0.13632439923700693,0.13571147403161266,0.10074349320226252,0.10015540018550825,0.0965242049620078,0.09592999064738289
2.1121283011590037,0.09980600387483479,0.10031882515872337,0.0,0.10699996032657662,0.107,3.9673423379849027e-08,0.0,1.0,1.0,0.13662189201218158,0.1360235573241568,0.10023776040087225,0.09965430513812039,0.09639250125195875,0.09579331702581946
2.114125022102382,0.09980778473437756,0.1003164582681088,0.0,0.10699996137108161,0.107,3.883978910869785e-08,0.0,1.0,1.0,0.13694873741894234,0.13633208639460573,0.09974877077346668,0.09914878650435574,0.09626818599465636,0.0956676883037195
2.116121743045761,0.09981064588361628,0.1003164582681088,0.0,0.10699996137108161,0.107,3.862891838346538e-08,0.0,1.0,1.0,0.13725334952361123,0.1366197661564481,0.09924184954202467,0.09863107510502253,0.09615645262330476,0.09557712146742423
2.11811846398914,0.09981064588361628,0.10031243384881043,0.0,0.1069999623694135,0.107,3.7700441228900164e-08,0.0,1.0,1.0,0.13759138999294793,0.13701081254898806,0.09876716825463788,0.09819156080902644,0.09605425341287696,0.09548187101489528
2.1201151849325184,0.09981305650626301,0.10031243384881043,0.0,0.1069999623694135,0.107,3.763058649408624e-08,0.0,1.0,1.0,0.13793614383533928,0.13735218727071274,0.09829877206451103,0.09771994580253546,0.09596096201145336,0.09540409794397522
2.1221119058758973,0.09981397260396481,0.10030849766211346,0.0,0.10699996334451871,0.107,3.665548128917173e-08,0.0,1.0,1.0,0.13834925763780342,0.13773578616887644,0.09787907515633693,0.09728742587033205,0.09587974735586532,0.09534211924996658
2.124108626819276,0.09981829511136425,0.10030763576560034,0.0,0.10699996354660055,0.107,3.665548128917173e-08,0.0,1.0,1.0,0.13878616473939148,0.13811235017572787,0.09748295686881181,0.09685846805547489,0.09580749503649051,0.09527830400457121
2.1261053477626546,0.09981829511136425,0.100304427323666,0.0,0.10699996429885775,0.107,3.570114225082133e-08,0.0,1.0,1.0,0.13923214784523186,0.13850999009002649,0.09710351427626761,0.09645231288256523,0.09574699364569689,0.0952260616501871
2.1281020687060335,0.09982303040891483,0.1003023991222967,0.0,0.1069999646974662,0.107,3.570114225082133e-08,0.0,1.0,1.0,0.13967562619867124,0.13895141041631626,0.09673499272655864,0.09608332607934959,0.09570230639446839,0.09519208452995319
2.1300987896494123,0.09982303040891483,0.10029970477560006,0.0,0.10699996522699416,0.107,3.477300583587528e-08,0.0,1.0,1.0,0.14014082785766926,0.13943266220745942,0.096396173779394,0.09575691687502873,0.09567036368850795,0.09516520653560823
2.132095510592791,0.09982755525439012,0.10029645262611211,0.0,0.10699996581747263,0.107,3.477300583587528e-08,0.0,1.0,1.0,0.14061388183800438,0.13989582906022544,0.0960782074311548,0.09543470098961497,0.09565276371913362,0.09516583792730736
2.1340922315361697,0.09982755525439012,0.1002947038344083,0.0,0.10699996613499305,0.107,3.386500695146122e-08,0.0,1.0,1.0,0.1411186040449009,0.14041321867093132,0.09579920669139312,0.09516777983660912,0.09565244164263688,0.09517650841383744
2.1360889524795486,0.09983162427834023,0.10028989995766587,0.0,0.10699996689769911,0.107,3.386500695146122e-08,0.0,1.0,1.0,0.14159256789808125,0.14092422799632368,0.0955197623872356,0.09491371332986061,0.09567042359734212,0.09520357520536277
2.138085673422927,0.09983162427834023,0.10028917984121154,0.0,0.10699996701203118,0.107,3.2987968814901514e-08,0.0,1.0,1.0,0.1421075186177488,0.1414358870382455,0.09528962028449138,0.09468068486584003,0.0957015488508858,0.09524423458240887
2.140082394366306,0.09983353769753713,0.10028401481655415,0.0,0.10699996786920814,0.107,3.293983831899302e-08,0.0,1.0,1.0,0.14254780763654443,0.1419559933994835,0.0950340594034695,0.09447707886353525,0.09575166577979781,0.09529832303999052
2.1420791153096843,0.09983472894725338,0.10028401481655415,0.0,0.10699996786920814,0.107,3.2130791860485175e-08,0.0,1.0,1.0,0.14301090457261473,0.14248112890499529,0.09481901726403474,0.0942983081438899,0.09580929798161109,0.09534282051275442
2.144075836253063,0.09983483353547222,0.10027928245925921,0.0,0.10699996868734685,0.107,3.197087850834977e-08,0.0,1.0,1.0,0.1434726471609497,0.1429789561340467,0.09462391457306416,0.09411900700136072,0.09589411556598071,0.09545024563432289
2.146072557196442,0.09983569233254304,0.10027928245925921,0.0,0.10699996868734685,0.107,3.1312653150927794e-08,0.0,1.0,1.0,0.1439022462429178,0.1434597307242899,0.0944345427000617,0.09396608703924693,0.09598675583347158,0.09555602256047148
2.148069278139821,0.09983569233254304,0.10027611806304026,0.0,0.10699996949602483,0.107,3.105106016023053e-08,0.0,1.0,1.0,0.1443691035055016,0.14391790793409817,0.0942908262330152,0.09382036764430017,0.09609300178473018,0.0956643502892635
2.1500659990831994,0.09983748321420459,0.10027611806304026,0.0,0.10699996949602483,0.107,3.050397516524139e-08,0.0,1.0,1.0,0.14481808023790493,0.14437240213039204,0.0941586121014396,0.09369087035076602,0.09621256188645821,0.09578381291393537
2.1520627200265783,0.09983748321420459,0.1002727561722111,0.0,0.10699997028581237,0.107,3.0152973626180243e-08,0.0,1.0,1.0,0.14527029094156185,0.1448619054851589,0.09405185704050631,0.0936080424386725,0.09634132392410316,0.09591928619052113
2.1540594409699567,0.09983867387934713,0.1002727561722111,0.0,0.10699997028581237,0.107,2.971418762431899e-08,0.0,1.0,1.0,0.14573252570731132,0.1452988686169833,0.09397184414155625,0.09351292568284479,0.09646162656870508,0.096061108199326
2.1560561619133356,0.09983867387934713,0.10026938638539135,0.0,0.10699997105450164,0.107,2.9287012248812457e-08,0.0,1.0,1.0,0.1461537391268751,0.14575593262606357,0.09388127310521685,0.09345053179918998,0.09661525700141148,0.09619603598959776
2.1580528828567145,0.09983883345034743,0.10026938638539135,0.0,0.10699997105450164,0.107,2.8945498359300714e-08,0.0,1.0,1.0,0.14660901037558058,0.1461762966814535,0.09383806216282392,0.09338126312820684,0.09677046458044275,0.09635778685884946
2.160049603800093,0.09983883345034743,0.10026631051130193,0.0,0.10699997179841243,0.107,2.845842718353494e-08,0.0,1.0,1.0,0.14705687716556665,0.1466394631679033,0.0938065283733163,0.0933622478810876,0.09693222882173115,0.09651950594083675
2.162046324743472,0.09983858730140147,0.10026631051130193,0.0,0.10699997179841243,0.107,2.8201587565224173e-08,0.0,1.0,1.0,0.14749777262711153,0.14708025287802023,0.0937882496419584,0.09334399516285853,0.09707836587546392,0.09669548610906424
2.1640430456868507,0.09983841717533448,0.1002643489942141,0.0,0.10699997251860723,0.107,2.7666952124187703e-08,0.0,1.0,1.0,0.1479137667310112,0.1475066188886613,0.09376319595190599,0.09333523529111767,0.09725539099253172,0.09684591200644627
2.166039766630229,0.09983752433263104,0.1002643489942141,0.0,0.10699997251860723,0.107,2.7481392772532587e-08,0.0,1.0,1.0,0.14833320854259877,0.1478980653084495,0.09376391266006652,0.09331208938828853,0.09741170755878391,0.09701409606290567
2.168036487573608,0.09983752433263104,0.10026344664323679,0.0,0.10699997321688477,0.107,2.6910746560453065e-08,0.0,1.0,1.0,0.1487217184255118,0.14830689512979128,0.09375186730277725,0.09331752418619661,0.09759466886248225,0.09718027575480687
2.170033208516987,0.09983737110483978,0.10026344664323679,0.0,0.10699997321688477,0.107,2.6783115225637033e-08,0.0,1.0,1.0,0.14914003670003287,0.1487199391426294,0.09378092720874313,0.09333905384311011,0.09774855757513076,0.09734256374625803
2.1720299294603653,0.0998373256179756,0.10026365979462111,0.0,0.10699997390564005,0.107,2.617649115255804e-08,0.0,1.0,1.0,0.14949489681048084,0.14909044555218093,0.09377286963536006,0.09334349145365334,0.0979292582060501,0.0975333781153837
2.174026650403744,0.09983723057650813,0.10026365979462111,0.0,0.10699997390564005,0.107,2.6094359950601387e-08,0.0,1.0,1.0,0.14987983404961397,0.14945218929520931,0.09380235958750037,0.0933638371039377,0.09808187811127099,0.09768710143612398
2.176023371347123,0.09983723057650813,0.10026371623897629,0.0,0.10696389552561425,0.107,3.3666432010309395e-05,0.0,0.964941555861688,1.0,0.15022235215873414,0.1498137211364347,0.09381093044095756,0.0933859328341157,0.0982391391606656,0.097867097462236
2.1780200922905015,0.09983815394110779,0.10026371623897629,0.0,0.10696389552561425,0.107,3.610447438574804e-05,0.0,0.9624007379509247,0.9681874680082645,0.15055739094721698,0.1501753090769023,0.09382553376680675,0.09342399982823184,0.09840896081158718,0.09801088551079755
2.1800168132338804,0.09983824778911465,0.10026321952068047,0.0,0.106850086957759,0.107,0.0001469659249755711,0.0,0.8931088572407098,0.9649541377270254,0.15091489371268227,0.15050075084230494,0.09386951315725048,0.09344177180889356,0.0985484354876107,0.09817110233307602
2.1820135341772593,0.09983957072099002,0.10026321952068047,0.0,0.106850086957759,0.107,0.00014991304224100388,0.0,0.8912668165953014,0.9023984139910604,0.15118247259085996,0.15077833756033057,0.0938555444236406,0.09344376589428584,0.09869303142362446,0.09833230147609613
2.1840102551206377,0.09983957072099002,0.10026160355378304,0.0,0.10666215493650764,0.107,0.00033784506349235355,0.0,0.8299863792298218,0.8990819415776202,0.15149489500072943,0.151091045352739,0.09388587690822559,0.09347861895505215,0.09882913495886575,0.09847251576215271
2.1860069760640166,0.09984119782261887,0.1002615553261453,0.0,0.10665444443538352,0.107,0.00033784506349235355,0.0,0.8299863792298218,0.8400809863555236,0.15177953655838014,0.15138278434002791,0.09390454194701105,0.09350403710685723,0.09898088228919502,0.0986073753385227
2.1880036970073955,0.09984119782261887,0.10025992647400038,0.0,0.10639402806663363,0.107,0.0006059719333663671,0.0,0.7718453239581508,0.8400809863555236,0.15206364900252978,0.15163825776016307,0.09393630681288785,0.09351526495506128,0.09909679399410298,0.09876063139999883
2.190000417950774,0.09984303533848625,0.10025983291995388,0.0,0.10637488945853706,0.107,0.0006059719333663671,0.0,0.7718453239581508,0.7852244722347773,0.1523064407620267,0.15194477953955837,0.09394214837154552,0.09357351018329098,0.0992080251757592,0.09887526907981742
2.191997138894153,0.09984306075930253,0.1002582772057078,0.0,0.10605663272480104,0.107,0.0009433672751989614,0.0,0.7251505255527313,0.7852244722347773,0.15251367681196024,0.1521424285313957,0.0939331550554339,0.09356166725990897,0.0993118647156227,0.09898648078718819
2.1939938598375317,0.09984355021555548,0.10025819603441,0.0,0.1060259783515744,0.107,0.0009433672751989614,0.0,0.7251505255527313,0.7428249920947927,0.15272353550991685,0.15232761663749794,0.093934490080914,0.09354854721071836,0.09940686367216311,0.0990870830010351
2.19599058078091,0.09984374213448215,0.10025720496440406,0.0,0.10565170036569874,0.107,0.0013482996343012615,0.0,0.6830441990699931,0.7428249920947927,0.15290962661430704,0.1525471120383586,0.09392527181248378,0.09356425845575196,0.09949838966353039,0.09917852646020212
2.197987301724289,0.09984550045846924,0.1002571559830699,0.0,0.1056110708154445,0.107,0.0013482996343012615,0.0,0.6830441990699931,0.7010874274876233,0.15307691922376554,0.15273178573122947,0.09391397714890572,0.09356434125990158,0.09958287832989142,0.09927216612209956
2.1999840226676675,0.09984562086475077,0.10025664175878785,0.0,0.1051845266701763,0.107,0.0018154733298236941,0.0,0.6457149019520159,0.7010874274876233,0.1532298103297837,0.15287365984065548,0.09389956144658602,0.09354762719670352,0.09966104505462371,0.09935157125198615
2.2019807436110463,0.09984658880392035,0.10025666331828788,0.0,0.10513770245065511,0.107,0.0018154733298236941,0.0,0.6457149019520159,0.6753629819066409,0.15336949078465054,0.15302906937241958,0.09388450270717678,0.09354397455806658,0.09973038408119646,0.09939763935052415
2.2039774645544252,0.09984656955614406,0.10025687953586275,0.0,0.10466810811067306,0.107,0.002331891889326934,0.0,0.6186568363963058,0.6753629819066409,0.15349169974704618,0.1531014178079133,0.09386493004020628,0.09348532917103985,0.09978934642411126,0.09945789593714387
2.205974185497804,0.0998464441095799,0.10025693241621912,0.0,0.10461910837969624,0.107,0.002331891889326934,0.0,0.6186568363963058,0.6533053233455821,0.15360423149177366,0.1532091410078989,0.09384550036929121,0.09346383598600645,0.0998379150635166,0.09950139649207916
2.2079709064411825,0.09984649972528545,0.10025747528613066,0.0,0.10411607698114282,0.107,0.0028839230188571763,0.0,0.5960160631169664,0.6533053233455821,0.15368196231603268,0.1532907851958106,0.09380797025872643,0.09342943617788994,0.0998831268800701,0.0995361995239389
2.2099676273845614,0.09984683440931834,0.10025758542075001,0.0,0.10406788022338397,0.107,0.0028839230188571763,0.0,0.5960160631169664,0.6363941268670043,0.15375883419188346,0.15338248489571846,0.09377883367297485,0.09340646309565938,0.0999182108733745,0.099573212762918
2.21196434832794,0.09984690071964213,0.10025878717635806,0.0,0.10354197180093216,0.107,0.0034580281990678335,0.0,0.5813183659437005,0.6363941268670043,0.15381260767105137,0.1534368960950054,0.09374114282460076,0.09337048637680231,0.09994498758520533,0.09959756241320313
2.2139610692713187,0.09984726503085828,0.10025890666194308,0.0,0.10349736031073958,0.107,0.0034580281990678335,0.0,0.5813183659437005,0.6203217647407361,0.15386175128464946,0.15347631098281786,0.09370789050368046,0.09332849700859161,0.0999626610228396,0.09962751740146306
2.2159577902146976,0.0998474703650893,0.10026034930171912,0.0,0.10295873207198955,0.107,0.004041267928010447,0.0,0.5733802691478468,0.6203217647407361,0.15388536318422802,0.15353514977394844,0.0936620758826264,0.09331120283282783,0.09997348765655222,0.09964716641136812
2.217954511158076,0.0998484456992871,0.10026040969569386,0.0,0.10291856625370253,0.107,0.004041267928010447,0.0,0.5733802691478468,0.6122220551903312,0.15390449979091428,0.15353039490326378,0.0936223467931625,0.09325837588001701,0.09997504765519406,0.09964131524203342
2.219951232101455,0.09984861514292212,0.10026122200414063,0.0,0.10237832968858585,0.107,0.004621670311414153,0.0,0.5723830486593945,0.6122220551903312,0.1539132000726824,0.15353843961151953,0.09358044582071455,0.09321447218914793,0.09997033890712899,0.09967200222658848
2.221947953044834,0.09984938087084444,0.10026116493956837,0.0,0.10234329666758285,0.107,0.004621670311414153,0.0,0.5723830486593945,0.6093667116630813,0.15390968961002263,0.15353352912022344,0.09353803423489028,0.09318191828716513,0.09995881677459166,0.09966114868782147
2.2239446739882123,0.09984963535993642,0.10026031335822629,0.0,0.10182049476336308,0.107,0.005179505236636919,0.0,0.5721032745435728,0.6093667116630813,0.1538639174691792,0.1535391822371379,0.09347456956657602,0.09315352671848591,0.09994794236927693,0.0996514422996985
2.225941394931591,0.09985080902682213,0.10026021637756952,0.0,0.10178984084078663,0.107,0.005179505236636919,0.0,0.5721032745435728,0.6151703889033328,0.15384512196699848,0.15351319742346264,0.09343835514022171,0.0931128372982951,0.09992784805868969,0.0996497589777418
2.22793811587497,0.09985067434375594,0.10025862798364245,0.0,0.10128777675826496,0.107,0.005712223241735037,0.0,0.5795120961507,0.6151703889033328,0.15380024856081753,0.1535100526384502,0.09339210389800298,0.09309700370076383,0.09990064153426494,0.09961238497166439
2.2299348368183485,0.09985010799089455,0.1002584312720791,0.0,0.10125993127046451,0.107,0.005712223241735037,0.0,0.5795120961507,0.62557152963168,0.1537645313074247,0.15342938598873196,0.09335648673929572,0.09302999124701318,0.09987252146942936,0.09957242605262127
2.2319315577617274,0.09985016066890148,0.10025514243397853,0.0,0.10079438008653724,0.107,0.006205619913462759,0.0,0.5894524757434322,0.62557152963168,0.15370540598622814,0.15336443928576532,0.09331500818680977,0.09298215293486971,0.09984214525756752,0.09952924101862298
2.2339282787051062,0.0998503464480841,0.10025513856816735,0.0,0.10079227648950757,0.107,0.006205619913462759,0.0,0.5894524757434322,0.6409073111816571,0.1535894926887683,0.15329674536783885,0.09324804667568516,0.0929402668337008,0.09980765137819456,0.09949791730262032
2.2359249996484847,0.09985034747686099,0.10025497748147201,0.0,0.10070462050233901,0.107,0.006295379497660986,0.0,0.7796721831007547,0.6409073111816571,0.15353515125002654,0.15322237378425482,0.09321322844477077,0.09290543732285599,0.09968988878394004,0.09946145859515836
2.2379217205918636,0.0998503506755683,0.10025574521758315,0.0,0.10067911074623997,0.107,0.006295379497660986,0.0,0.7796721831007547,0.6497901000853623,0.15342587116599432,0.15315513971777708,0.09314448129977927,0.09288317206170585,0.09958225581893143,0.09943277922273944
2.2399184415352424,0.09985050577006106,0.10026586450797674,0.0,0.10034287460196104,0.107,0.006657125398038963,0.0,0.6371979514396553,0.6497901000853623,0.15328061060334958,0.15309139733511573,0.09305839366443892,0.09287322734734274,0.09956186507139811,0.09936015497511785
2.241915162478621,0.09985092923315651,0.1002430151386646,0.0,0.1003132090575484,0.107,0.006657125398038963,0.0,0.6371979514396553,0.6697751806129276,0.15323558859800598,0.15300918096559626,0.09307272385403334,0.09284856482794289,0.09951537592226742,0.09930606297349359
2.2439118834219998,0.09985057185394941,0.10000770915658538,0.0,0.10000770915658538,0.107,0.006992290843414614,0.0,0.6464407118756288,0.6697751806129276,0.15307862375045628,0.15288572396097427,0.09300202168464548,0.09281102877349907,0.09948660437356112,0.09926767767632
2.2459086043653786,0.0998497137466995,0.09997681723853788,0.0,0.09997681723853788,0.107,0.006992290843414614,0.0,0.6464407118756288,0.6888514943215102,0.15300059549328782,0.15278799962637823,0.09301025220828335,0.09280379592843913,0.09944060659236799,0.09922701523977528
2.247905325308757,0.09984937385241305,0.09972265117551696,0.00012672267689609051,0.09972265117551696,0.107,0.00727734882448304,0.0,0.6638215216106857,0.6888514943215102,0.15295998980599365,0.15271204197351526,0.09306075564190663,0.09281804516974891,0.09940320731399041,0.09916956210861819
2.249902046252136,0.09984864930834664,0.09968898292538571,0.0001596663829609296,0.09968898292538571,0.107,0.00727734882448304,0.0,0.6638215216106857,0.705524109155925,0.15287510958891345,0.15260739153170794,0.09308052998917654,0.09281716644668557,0.09939912856975018,0.09914154204266291
2.251898767195515,0.09984864930834664,0.09947052637083374,0.0003781229375128953,0.09947052637083374,0.107,0.007529473629166256,0.0,0.6767180882293944,0.705524109155925,0.15269896810053812,0.1525493416406463,0.09303534734238905,0.09286216066533082,0.09936180332442142,0.09907821567606644
2.2538954881388933,0.09984898053466473,0.09944225531135807,0.0004067252233066615,0.09944225531135807,0.107,0.007529473629166256,0.0,0.6767180882293944,0.7270168060383414,0.15259105465052922,0.15242820610196703,0.09305756539337895,0.09286727933063813,0.09930415047611832,0.09905810343480154
2.255892209082272,0.09984914452599716,0.09929134668728164,0.0005577978387155264,0.09929134668728164,0.107,0.007708653312718361,0.0,0.714211400692033,0.7270168060383414,0.15255666754321362,0.15236562781665255,0.09315134594467468,0.09293077590651078,0.09925472184028045,0.099035702660258
2.2578889300256506,0.09984938060861914,0.09926237644256923,0.000587004166049912,0.09926237644256923,0.107,0.007708653312718361,0.0,0.714211400692033,0.7429267015495428,0.15243003034009042,0.1522981654673296,0.09317377258939698,0.09299874982438332,0.09922751650189356,0.09902403800950807
2.2598856509690295,0.09984938485331642,0.09913913444218667,0.0007102504111297508,0.09913913444218667,0.107,0.007860865557813332,0.0,0.7266391244355963,0.7429267015495428,0.1522100506372741,0.15221523147814023,0.093128663107156,0.09306720165982864,0.09920359990365907,0.09898293717759585
2.2618823719124084,0.09984938996472786,0.09911877805553945,0.0007306119091884111,0.09911877805553945,0.107,0.007860865557813332,0.0,0.7266391244355963,0.7601502757108081,0.15209817459480574,0.1521198097660879,0.09318478810615295,0.09312913797839295,0.09917111442364861,0.09896762052288938
2.2638790928557873,0.09984938996472786,0.09904847913754113,0.0008009108271867377,0.09904847913754113,0.107,0.007951520862458872,0.0,0.7606189767306509,0.7601502757108081,0.15207109806022315,0.1520246828436567,0.09332184861787006,0.09320886359823588,0.09911177404468781,0.0989643865412797
2.2658758137991657,0.09984965044416456,0.09903512485527234,0.0008145255888922232,0.09903512485527234,0.107,0.007951520862458872,0.0,0.7606189767306509,0.7788710817272254,0.15190527174658588,0.15198716190273112,0.09335015117077103,0.09333337642393456,0.09909279730860825,0.09895848845168725
2.2678725347425446,0.09984965044416456,0.09899784724599317,0.0008518031981713942,0.09899784724599317,0.107,0.008002152754006828,0.0,0.7857772105139743,0.7788710817272254,0.151716343128142,0.1518990919744096,0.09336416527733761,0.09343527816853854,0.09906031724600506,0.09895857610759207
2.269869255685923,0.09985024012231036,0.09899796253696413,0.0008522775853462283,0.09899796253696413,0.107,0.008002152754006828,0.0,0.7857772105139743,0.7913389984790797,0.15157128493937366,0.15184454169603417,0.09342863962959425,0.09356699860443791,0.09903025361092879,0.09894029447042908
2.271865976629302,0.09985057020365383,0.09899822642059869,0.00085234378305514,0.09899822642059869,0.107,0.008001773579401308,0.0,0.819631729139414,0.7913389984790797,0.15152610169893185,0.1517292537411763,0.09358538845218371,0.09366356027889808,0.09897777017440366,0.09897107015669687
2.273862697572681,0.09985081044139628,0.09901061843872067,0.0008401920026756132,0.09901061843872067,0.107,0.008001773579401308,0.0,0.819631729139414,0.8143754120156749,0.1513500516485436,0.15173031540966367,0.09363991863233925,0.09385744248028592,0.09896418056533723,0.09898577582424298
2.275859418516059,0.09985077773283615,0.09903370781020257,0.0008170699226335842,0.09903370781020257,0.107,0.007966292189797428,0.0,0.8454308409069689,0.8143754120156749,0.15123020729552072,0.15164976517464712,0.09375050293474883,0.09399996266907977,0.09894035009316948,0.0989894739656427
2.277856139459438,0.09985075877422052,0.0990599228650105,0.0007908359092100165,0.0990599228650105,0.107,0.007966292189797428,0.0,0.8454308409069689,0.8241845535638198,0.15109611307135076,0.15158206807683738,0.09385658936610655,0.0941580500774565,0.09893099699471782,0.09900715583217283
2.279852860402817,0.09985018371059845,0.09909991486717644,0.0007502688434220112,0.09909991486717644,0.107,0.007900085132823559,0.0,0.8698601452893612,0.8241845535638198,0.15098893928704987,0.151516489497002,0.09399137978341539,0.09432906360658866,0.09890154187603245,0.09905646754182483
2.2818495813461954,0.09984990583631381,0.09914366857110962,0.0007062372652041904,0.09914366857110962,0.107,0.007900085132823559,0.0,0.8698601452893612,0.8384401956782722,0.15084561908608346,0.15147305720881749,0.09410456056760638,0.09453029774742339,0.09890236169927961,0.09909461552841388
2.2838463022895743,0.09984948688876365,0.09919856165797387,0.0006509252307897728,0.09919856165797387,0.107,0.0078014383420261235,0.0,0.8988222242679256,0.8384401956782722,0.15073552427177633,0.15143045408305497,0.09425633132868884,0.09473715191413362,0.09889244211312778,0.09913973838016098
2.285843023232953,0.09984931532008727,0.09925843572232954,0.0005908795977577347,0.09925843572232954,0.107,0.0078014383420261235,0.0,0.8988222242679256,0.8467248776145714,0.15061635236299203,0.15135698255156332,0.0944064978801994,0.09493449410742313,0.09889286605661832,0.09917881177095071
2.2878397441763316,0.09984907827753833,0.09932032128604097,0.0005287569914973617,0.09932032128604097,0.107,0.007679678713959026,0.0,0.9202422646245129,0.8467248776145714,0.15050798340086452,0.15131664267729325,0.0945740354193598,0.09515855880394364,0.09888933045791336,0.0992276402136148
2.2898364651197105,0.09984898950857853,0.09939958940533662,0.0004494001032419037,0.09939958940533662,0.107,0.007679678713959026,0.0,0.9202422646245129,0.8589277439279869,0.15038107292289177,0.15125207131199128,0.09473626509304951,0.09537620620420223,0.09891279200538466,0.09928257396023688
2.2918331860630894,0.09985009320750066,0.09946746145113676,0.00038263175636389646,0.09946746145113676,0.107,0.007532538548863238,0.0,0.9475665215828127,0.8589277439279869,0.15029914300652403,0.15120958733457954,0.09494267943480078,0.09561779945691329,0.09892589159279896,0.09938711127059832
2.293829907006468,0.09985045984186758,0.0995591979135976,0.00029126192826997577,0.0995591979135976,0.107,0.007532538548863238,0.0,0.9475665215828127,0.8706785753653995,0.15020070147610728,0.15118530087807575,0.09514267579044816,0.09589074451051408,0.09895241347463722,0.09947396046083257
2.2958266279498467,0.0998519271583848,0.09962457554252997,0.0002273516158548261,0.09962457554252997,0.107,0.007375424457470026,0.0,0.963283244995497,0.8706785753653995,0.15011641583258212,0.15115921891393555,0.09536231202261385,0.09616624235717619,0.09897206527939766,0.0995654109607682
2.2978233488932256,0.09985236609489623,0.0997362206039247,0.00011614549097152538,0.0997362206039247,0.107,0.007375424457470026,0.0,0.963283244995497,0.8749945574899276,0.15000413565392068,0.15114462252442454,0.09556864513315455,0.09645724810696983,0.09900581880606062,0.09965715294204425
2.299820069836604,0.09985298830529978,0.09980318033253836,4.980797276141202e-05,0.09980318033253836,0.107,0.007196819667461635,0.0,0.9880146134419066,0.8749945574899276,0.14991230604938988,0.1511178403148311,0.09580137902334392,0.09674712899227471,0.09906769118261403,0.09973767132403118
2.301816790779983,0.09985316192409326,0.0998699959292875,0.0,0.09992627036999277,0.107,0.007196819667461635,0.0,0.9880146134419066,0.8790126081033522,0.14985836340683217,0.1510571704171345,0.0960716646440675,0.09701829816601841,0.09911784949219482,0.09986426692718743
2.3038135117233614,0.09985401629806469,0.09990430502333213,0.0,0.09998947578723744,0.107,0.007010524212762562,0.0,1.0,0.8790126081033522,0.14978379713294523,0.15101531938675117,0.09633195517251127,0.09732174482401369,0.09917707649990785,0.09997543208931396
2.3058102326667402,0.09985427981592725,0.0999558741545302,0.0,0.10011482010685668,0.107,0.007010524212762562,0.0,1.0,0.8883482837258372,0.1497179106717561,0.15099028799504333,0.09660724526349074,0.09763835458301516,0.09923454585922323,0.10008633049074184
2.307806953610119,0.09985427981592725,0.09997895525415183,0.0,0.10017092120185139,0.107,0.006829078798148605,0.0,1.0,0.8883482837258372,0.1496461898215329,0.15094743329718133,0.09688560546670606,0.09794878726706159,0.0993025123870993,0.10016490284036057
2.309803674553498,0.09985601856219216,0.10002278720367627,0.0,0.10029656697855811,0.107,0.006829078798148605,0.0,1.0,0.8962001049721308,0.14958418554899922,0.1508507273258798,0.09717978951645395,0.09822395484863364,0.09937873463378771,0.10027297742049034
2.3118003954968764,0.09985624109723991,0.10004044300991999,0.0,0.1003471779487053,0.107,0.006652822051294693,0.0,1.0,0.8962001049721308,0.14953418525021536,0.1507713069781609,0.0974906599553333,0.09852336504556321,0.09946341075707492,0.10037213205810154
2.3137971164402553,0.09985632633348522,0.10007786977179896,0.0,0.10047214388654867,0.107,0.006652822051294693,0.0,1.0,0.9134557834088619,0.14945976986321738,0.15071340210516607,0.09779371162046002,0.0988409494025318,0.09958862147087609,0.10046105252807169
2.3157938373836338,0.09985706766794111,0.10009202424980441,0.0,0.1005194049246357,0.107,0.006480595075364304,0.0,1.0,0.9134557834088619,0.14944617293850063,0.15061747261984987,0.09815355932806281,0.09913608545339514,0.09969127978543157,0.10055535976671563
2.3177905583270126,0.09985739053554392,0.10012302605274077,0.0,0.1006413712158222,0.107,0.006480595075364304,0.0,1.0,0.9285349420555589,0.14939871422168838,0.15051553563093326,0.09849204953850524,0.09943579071042245,0.09980730294453016,0.10065216297183684
2.3197872792703915,0.09985826881423869,0.1001347172338743,0.0,0.1006873662827986,0.107,0.0063126337172013935,0.0,1.0,0.9285349420555589,0.14935479751603503,0.1503893553930001,0.09884218597102086,0.09972543570603107,0.09990309182065438,0.1007276125248915
2.32178400021377,0.09985875519964572,0.10015989653173259,0.0,0.10080357120635243,0.107,0.0063126337172013935,0.0,1.0,0.9469570099980784,0.1493078418773578,0.15026387334835314,0.09919222807485747,0.10001666528205091,0.10001851495352893,0.10083289766091638
2.323780721157149,0.09985875519964572,0.10016985289975926,0.0,0.1008495208190829,0.107,0.006150479180917101,0.0,1.0,0.9469570099980784,0.14922964917600381,0.15016262480364945,0.09953091977093931,0.10033596504037325,0.10014473784463893,0.10092804151632095
2.3257774421005277,0.09986035351884077,0.10019038391745785,0.0,0.10095847519136186,0.107,0.006150479180917101,0.0,1.0,0.969645326924104,0.14920175500085395,0.15003114830038397,0.09991310837639387,0.10063994698323865,0.10026899560102853,0.10102361603689748
2.327774163043906,0.09986089333215258,0.10019951371015905,0.0,0.1010069253387144,0.107,0.005993074661285597,0.0,1.0,0.969645326924104,0.1491260844643921,0.14990383523663173,0.10026764064094247,0.10095136584468754,0.10039997699851942,0.1011167687924915
2.329770883987285,0.09986137419306644,0.10021629461715233,0.0,0.1011072190717283,0.107,0.005993074661285597,0.0,1.0,0.9902410591071165,0.14908621589348753,0.14976321715597427,0.10065396975243351,0.10125958941590792,0.10053732307992307,0.10120612706954041
2.331767604930664,0.09986137419306644,0.10022512956504782,0.0,0.1011600225290014,0.107,0.005839977470998597,0.0,1.0,0.9902410591071165,0.14901091666738303,0.14963778158130014,0.1010228873896403,0.10158161482051717,0.10068328400658211,0.1013025800921235
2.3337643258740424,0.09986282248170568,0.10023867683758332,0.0,0.10125157292425528,0.107,0.005839977470998597,0.0,1.0,1.0,0.14895779832638636,0.14947997881744754,0.1014147136837189,0.10188938347664776,0.10080388597481764,0.10138336004415897
2.3357610468174212,0.09986330605208744,0.10024749287373397,0.0,0.1013111503478325,0.107,0.005688849652167496,0.0,1.0,1.0,0.1488641380308504,0.14930496363187185,0.10177906725612657,0.10218830281427008,0.10094912786599532,0.10148491986521781
2.3377577677608,0.09986410615747442,0.10025735954753484,0.0,0.10139087471294375,0.107,0.005688849652167496,0.0,1.0,1.0,0.14879510684040478,0.14915309099856972,0.10217019416722518,0.1025117275470297,0.10108679556983415,0.10155575004031425
2.3397544887041786,0.09986459448511532,0.10026570618226094,0.0,0.10145831690955263,0.107,0.0055416830904473635,0.0,1.0,1.0,0.1487065758076159,0.14895575172246242,0.10255126669590514,0.102803189957477,0.10121666156315512,0.10162224169157955
2.3417512096475575,0.09986578036197584,0.10027262262597875,0.0,0.10152448275949782,0.107,0.0055416830904473635,0.0,1.0,1.0,0.14861645254480865,0.14874955693999192,0.10293527976924305,0.1030927183724693,0.10136305199745041,0.1016893058220516
2.3437479305909363,0.09986614613713868,0.10028052028803884,0.0,0.10160003539089434,0.107,0.005399964609105662,0.0,1.0,1.0,0.14851905087571843,0.14854947050775527,0.10332233086630876,0.10339040012712541,0.10147992935164316,0.10173955499871146
2.3457446515343148,0.09986763649053927,0.10028545371318065,0.0,0.10165195445555968,0.107,0.005399964609105662,0.0,1.0,1.0,0.148388923678752,0.14830686338392587,0.10368576757256573,0.10366121847170622,0.10162737181651166,0.1017971567303182
2.3477413724776937,0.09986782150738074,0.10029369588167265,0.0,0.10173869453301448,0.107,0.005261305466985514,0.0,1.0,1.0,0.14827188528563046,0.14806906644948634,0.10406979989255673,0.10394194196483963,0.10175799657185633,0.10185601414562885
2.3497380934210725,0.09986993997738637,0.10029675851048993,0.0,0.1017756608267455,0.107,0.005261305466985514,0.0,1.0,1.0,0.1481446567059472,0.14784667016732875,0.10444701581256871,0.10423791462633612,0.1018932551815743,0.10188689676044473
2.351734814364451,0.09986993997738637,0.10030496007758272,0.0,0.10187465471607876,0.107,0.005125345283921237,0.0,1.0,1.0,0.14801677927722193,0.1475862716120943,0.10482992199942594,0.10450474230872371,0.10200391024479086,0.101952436149092
2.35373153530783,0.09987168964231734,0.10030634056381182,0.0,0.10189564486729993,0.107,0.005125345283921237,0.0,1.0,1.0,0.14783581315395214,0.1473748092687374,0.10517563113147574,0.10481654763406055,0.10214678100674772,0.10198041645616195
2.3557282562512087,0.09987168964231734,0.1003137225442836,0.0,0.10200788712162062,0.107,0.004992112878379376,0.0,1.0,1.0,0.14770198986433244,0.14713802401132256,0.1055647699324681,0.10510544339577618,0.10224143723542861,0.10203383396042776
2.357724977194587,0.09987366639287344,0.10031391953995993,0.0,0.1020120091646715,0.107,0.004992112878379376,0.0,1.0,1.0,0.1475006307857067,0.1469425104833279,0.10590137079313434,0.10543377535167926,0.10234511973771797,0.1020535552644215
2.359721698137966,0.09987366639287344,0.1003199293015042,0.0,0.10213776063431204,0.107,0.004865215353409196,0.0,1.0,1.0,0.14732518863248192,0.1466398349285956,0.1062595036494649,0.10568767160627947,0.10247491847063843,0.10213036429127625
2.3617184190813445,0.09987479643485124,0.1003199293015042,0.0,0.10213776063431204,0.107,0.0048622393656879564,0.0,1.0,1.0,0.14720737740010362,0.1464616168244225,0.10666434925569582,0.10604043538739724,0.10256384449487616,0.10214936869037616
2.3637151400247234,0.09987479643485124,0.10032427015886063,0.0,0.10226229432872028,0.107,0.004752214073552353,0.0,1.0,1.0,0.14702380173149876,0.146193162262179,0.10701976073030062,0.10632308259708012,0.10265666098212511,0.10216114917182156
2.3657118609681023,0.09987641340142002,0.10032427015886063,0.0,0.10226229432872028,0.107,0.004737705671279721,0.0,1.0,1.0,0.14684306314719395,0.14594181357040792,0.10738250487290987,0.10661947252399546,0.10277419817408089,0.10216950097386145
2.367708581911481,0.09987641340142002,0.1003281524357672,0.0,0.10238497685511735,0.107,0.004641480242226554,0.0,1.0,1.0,0.14669206870260693,0.14562104456680983,0.10777356348747363,0.10687394411019377,0.10284491928061246,0.10223392101371236
2.3697053028548596,0.09987644716077758,0.1003281524357672,0.0,0.10238497685511735,0.107,0.004615023144882643,0.0,1.0,1.0,0.14648693057654458,0.14540264237190004,0.10812065536699607,0.10721322000606917,0.10291845323745315,0.10221612310659911
2.3717020237982385,0.09987644716077758,0.1003308521960487,0.0,0.10250403966555333,0.107,0.00453387957906971,0.0,1.0,1.0,0.14626517719222215,0.1450824980912361,0.10846153116446984,0.10746851571068168,0.10299288564912366,0.1022534193927805
2.373698744741617,0.09987668786997674,0.1003308521960487,0.0,0.10250403966555333,0.107,0.004495960334446672,0.0,1.0,1.0,0.14606374125176097,0.1448396895623908,0.10881837686024415,0.10779032846115313,0.1030749289868929,0.10226643523224385
2.375695465684996,0.09987686620160223,0.10033322061614201,0.0,0.10261935954468275,0.107,0.00442981821904945,0.0,1.0,1.0,0.1458649332401999,0.1445633468857123,0.10918212152310255,0.10808925649729666,0.10311903578487808,0.1022651767722215
2.3776921866283747,0.09987763261489645,0.10033322061614201,0.0,0.10261935954468275,0.107,0.004380640455317247,0.0,1.0,1.0,0.14560258431394182,0.14425642027855765,0.10949812509505795,0.10836655571597771,0.10318409303452175,0.10225743595396973
2.379688907571753,0.09987841268923416,0.10033511355140112,0.0,0.10273311981667009,0.107,0.004327995522851183,0.0,1.0,1.0,0.14535234986320283,0.14395116779943096,0.10983045082555629,0.1086469091493692,0.1032232230689323,0.10227161494959681
2.381685628515132,0.0998781892468581,0.10033511355140112,0.0,0.10273311981667009,0.107,0.0042668801833299075,0.0,1.0,1.0,0.14510054110624226,0.14363168712058533,0.1101576449011436,0.10892782624859298,0.10326545280280809,0.10231237396390003
2.383682349458511,0.0998781892468581,0.10033601100940293,0.0,0.10284258557726751,0.107,0.004228877238884947,0.0,1.0,1.0,0.14482160793239593,0.1433875622716437,0.11047008067199152,0.10926701301783724,0.10330690224804663,0.10229664447257478
2.3856790704018893,0.09987852594709434,0.10033601100940293,0.0,0.10284258557726751,0.107,0.004157414422732486,0.0,1.0,1.0,0.14457175906144004,0.14303001433268941,0.11080473038818701,0.10952121709234976,0.10332387138399089,0.1022845108451969
2.387675791345268,0.09987852594709434,0.1003370345219546,0.0,0.10294939426413804,0.107,0.004132129772851219,0.0,1.0,1.0,0.14426046129361694,0.14270931049807922,0.11109558361812369,0.10980152780550993,0.10334444405300822,0.10228888485744793
2.389672512288647,0.09987840289523332,0.1003370345219546,0.0,0.10294939426413804,0.107,0.0040506057358619535,0.0,1.0,1.0,0.1439750138384521,0.14241602108947646,0.11140651458887371,0.11010707707552259,0.10335244499169918,0.10227688561934384
2.3916692332320255,0.09987803063576646,0.10033787811498401,0.0,0.10305407608618171,0.107,0.004037776591974953,0.0,1.0,1.0,0.14363864020259803,0.14206718501113977,0.11168390248376198,0.11037453969071778,0.10335642083484375,0.10225751913901023
2.3936659541754044,0.0998766967455703,0.10033787811498401,0.0,0.10305407608618171,0.107,0.003945923913818289,0.0,1.0,1.0,0.14333605243170006,0.14170702452482636,0.11198450162520905,0.11063564454999329,0.10336887789025338,0.10224881792193027
2.3956626751187833,0.0998766967455703,0.10033826188826273,0.0,0.10315558702285327,0.107,0.0039450111370440645,0.0,1.0,1.0,0.1430169158829485,0.1413928055682633,0.11227791041756767,0.11093105674800433,0.10336818830186614,0.10222147907152669
2.3976593960621617,0.09987537120163009,0.10033826188826273,0.0,0.10315558702285327,0.107,0.00384441297714673,0.0,1.0,1.0,0.14263398403897184,0.14105243563653388,0.11253164070731904,0.11120678553536213,0.10335323457437597,0.10220319466467478
2.3996561170055406,0.09987537120163009,0.10033845627076901,0.0,0.10323888771603217,0.107,0.00384441297714673,0.0,1.0,1.0,0.14223397332208695,0.14069924475231027,0.11277221523995161,0.11147929681607738,0.10333373329605595,0.10217149216338864
2.4016528379489195,0.09987556906236406,0.10033849284029935,0.0,0.10325455922518133,0.107,0.00374544077481867,0.0,1.0,1.0,0.14182592567287428,0.14035508220269013,0.11300843416160687,0.11175501961138756,0.10330863541769222,0.10212279423500105
2.403649558892298,0.09987556906236406,0.10033857327033976,0.0,0.10331930090714944,0.107,0.00374544077481867,0.0,1.0,1.0,0.14141604214493855,0.13996691576129855,0.11324363047064052,0.11200015458884628,0.10327930654234124,0.10210515856229715
2.405646279835677,0.09987603772797218,0.10033861201919987,0.0,0.10335049157129449,0.107,0.0036495084287055113,0.0,1.0,1.0,0.14098497969451984,0.1395968564529306,0.11346583910837695,0.1122672292072182,0.1032670926485776,0.1020581541427258
2.4076430007790557,0.0998760727448127,0.1003388765021966,0.0,0.1033987930393333,0.107,0.0036495084287055113,0.0,1.0,1.0,0.1406006490865992,0.13919281052899166,0.11372393602977635,0.11250624652277931,0.10322059703321129,0.10203799292109267
2.409639721722434,0.09987593180079954,0.10033913105288972,0.0,0.10344528061063518,0.107,0.003554719389364816,0.0,1.0,1.0,0.140164372888518,0.1388177360252434,0.1139410087313539,0.11277261759790827,0.10317913761340235,0.10199907495759857
2.411636442665813,0.09987590184734453,0.10033894895382042,0.0,0.10347692818515089,0.107,0.003554719389364816,0.0,1.0,1.0,0.1397187311617187,0.1383968256479367,0.11415477017594043,0.11300678031286572,0.10313389654198994,0.10197866431617562
2.413633163609192,0.0998760478171443,0.10033860854197585,0.0,0.10353608943874153,0.107,0.003463910561258471,0.0,1.0,1.0,0.1392830036632966,0.13801450333931503,0.11437514829009522,0.1132711373469837,0.10310552409857854,0.10192697446380891
2.4156298845525703,0.09987610906228979,0.10033859701928008,0.0,0.10355352913433867,0.107,0.003463910561258471,0.0,1.0,1.0,0.1388655281106433,0.13762018269484816,0.11461274224255452,0.11351994164682899,0.1030439521926192,0.10188983870143326
2.417626605495949,0.09987610906228979,0.10033854906384021,0.0,0.10362611009024147,0.107,0.0033738899097585234,0.0,1.0,1.0,0.13842098291921326,0.13723421894837814,0.1148253852292739,0.11377930333993408,0.10298314338894675,0.10185985710458767
2.4196233264393276,0.0998762955575867,0.10033849986072729,0.0,0.10362979718145165,0.107,0.0033738899097585234,0.0,1.0,1.0,0.13796525367055842,0.1368451604861247,0.11503156223672756,0.1140390753816932,0.10292929634110543,0.10183303609593954
2.4216200473827065,0.0998762955575867,0.10033738449657657,0.0,0.1037133782622567,0.107,0.0032882456810087546,0.0,1.0,1.0,0.13753798158093544,0.13647085386730218,0.11525781657873081,0.11431057548933979,0.10289181071982698,0.10178227046038031
2.4236167683260854,0.09987622555835672,0.10033738449657657,0.0,0.1037133782622567,0.107,0.0032866217377433005,0.0,1.0,1.0,0.13716745190485755,0.136072824905123,0.11552531662336073,0.11456078551298685,0.1028192232607974,0.10178160374684095
2.4256134892694643,0.09987560942619472,0.10033580840876734,0.0,0.10379904975751039,0.107,0.0032106550454460486,0.0,1.0,1.0,0.13676254429367143,0.13572130781637606,0.11576194180309125,0.11485417227795314,0.10275074226061222,0.10177477424937856
2.4276102102128427,0.09987478059516913,0.10033580840876734,0.0,0.10379904975751039,0.107,0.003200950242489606,0.0,1.0,1.0,0.13635001212654738,0.13538260625420034,0.11599546095674301,0.11515566566259688,0.10271156726185371,0.10175129070732147
2.4296069311562216,0.09987414054835847,0.10033308285063501,0.0,0.10388187453581145,0.107,0.003135048010983919,0.0,1.0,1.0,0.13596909298971746,0.13498323373894236,0.11625658354784546,0.11541396130402055,0.10263497410545136,0.10174533790226269
2.4316036520996,0.09987286261933327,0.10033308285063501,0.0,0.10388187453581145,0.107,0.003118125464188548,0.0,1.0,1.0,0.13555120829719725,0.13463758646404175,0.11648493152123017,0.11571175378915802,0.10258139474461374,0.10171757188351888
2.433600373042979,0.09987240733457235,0.10033046594131716,0.0,0.10396185631361791,0.107,0.0030613732238224762,0.0,1.0,1.0,0.13516716191147637,0.13424091180144268,0.11674043647907029,0.11596850452580232,0.10250813443139634,0.10171944885346598
2.435597093986358,0.0998709194489666,0.10033046594131716,0.0,0.10396185631361791,0.107,0.003038143686382083,0.0,1.0,1.0,0.1347588699172026,0.13392450140927437,0.11697597559300692,0.11628590899245271,0.10243738011127315,0.10170036255177804
2.4375938149297363,0.0998709194489666,0.10032861951014575,0.0,0.10403967360823446,0.107,0.0029893897489354187,0.0,1.0,1.0,0.13434951863499195,0.13355430455747083,0.11721111545614228,0.11656253810012095,0.10239607565830584,0.10167702406879675
2.439590535873115,0.09986918252138771,0.10032861951014575,0.0,0.10403967360823446,0.107,0.002960326391765536,0.0,1.0,1.0,0.1339760232165812,0.133193508344261,0.11747652711686003,0.11684311573320308,0.1023182225391491,0.10167133091349571
2.441587256816494,0.09986903652230902,0.10032719332148643,0.0,0.10411638445780655,0.107,0.0029182095832992207,0.0,1.0,1.0,0.13356324498649613,0.1328370154634847,0.11770671574747181,0.11712955660631531,0.10227807496299035,0.10166012936792358
2.4435839777598725,0.09986697610608213,0.10032719332148643,0.0,0.10411638445780655,0.107,0.002883615542193449,0.0,1.0,1.0,0.13320249627230674,0.13244415795842077,0.11797956383743673,0.11739175138409474,0.10219716500923925,0.10166354963169784
2.4455806987032513,0.09986697610608213,0.10032553134092488,0.0,0.10419062763780385,0.107,0.002848506131556968,0.0,1.0,1.0,0.13279623660862544,0.13216437917108295,0.1182118435954311,0.11772939433711058,0.10216901838711286,0.10162683503747588
2.4475774196466302,0.09986580120537043,0.10032553134092488,0.0,0.10419062763780385,0.107,0.0028093723621961525,0.0,1.0,1.0,0.13244451261490026,0.13179421136507716,0.11849183656701691,0.11799636790442185,0.10209685436023004,0.10162653963591863
2.4495741405900087,0.09986573886683885,0.10032375991510349,0.0,0.10426413734521275,0.107,0.0027797853987237774,0.0,1.0,1.0,0.132043564728712,0.1314666512854113,0.11872793052085244,0.11829788797409004,0.102062050582752,0.10163917923956883
2.4515708615333875,0.09986344067784582,0.10032375991510349,0.0,0.10426413734521275,0.107,0.002735862654787244,0.0,1.0,1.0,0.13168462071533804,0.1311655798714888,0.11899925601232542,0.11861982988601541,0.10199468340236,0.10160356332937294
2.4535675824767664,0.09986315635810496,0.10032051693892395,0.0,0.10433496132979848,0.107,0.0027122087551524595,0.0,1.0,1.0,0.13129148749881264,0.13080505893238933,0.11923903645291972,0.118888453181938,0.10196238019425242,0.10159712670969877
2.455564303420145,0.09985999499090815,0.10032051693892395,0.0,0.10433496132979848,0.107,0.002665038670201514,0.0,1.0,1.0,0.13094118923522471,0.13048616221669368,0.11951371385019506,0.11918920992490725,0.1019031270168143,0.10161274932673095
2.4575610243635237,0.09985999499090815,0.10031708873485341,0.0,0.10440466167876737,0.107,0.0026463602254835185,0.0,1.0,1.0,0.13056212404147993,0.13019857388362846,0.11976138202919301,0.11951610966571714,0.10185760490176238,0.10158361659315526
2.4595577453069026,0.09985807666085487,0.10031708873485341,0.0,0.10440466167876737,0.107,0.0025953383212326264,0.0,1.0,1.0,0.130218019112153,0.12983981946588322,0.1200336224158132,0.11978241171686152,0.10180759278880168,0.10159919237311911
2.461554466250281,0.09985807666085487,0.10031289045928783,0.0,0.10447158486145813,0.107,0.002581713201080548,0.0,1.0,1.0,0.1298479083020036,0.12953412886293536,0.12028581153875434,0.12009320296629766,0.10177221096892337,0.10157147583929481
2.46355118719366,0.09985611560383136,0.10031289045928783,0.0,0.10447158486145813,0.107,0.0025284151385418646,0.0,1.0,1.0,0.1294930673322533,0.12919782111450145,0.12054970187182479,0.1203699923195889,0.10175044297004797,0.10157504858099829
2.465547908137039,0.09985611560383136,0.10030923233612339,0.0,0.10453672053449832,0.107,0.0025191953388631464,0.0,1.0,1.0,0.1291758647607177,0.12889519372078398,0.1208395583705478,0.12067360383473844,0.10170098237960189,0.10156286896342137
2.4675446290804173,0.09985434390724021,0.10030923233612339,0.0,0.10453672053449832,0.107,0.0024632794655016776,0.0,1.0,1.0,0.1288155427719794,0.12857227233602808,0.12109154925182142,0.1209577738350975,0.10167517447536886,0.10157192233536115
2.469541350023796,0.09985343911927047,0.10030607900546307,0.0,0.10460020832498709,0.107,0.0024579585350532913,0.0,1.0,1.0,0.12849109123774258,0.12827061200805395,0.12137034978021484,0.12126023517273166,0.10163684888507914,0.1015642286288196
2.471538070967175,0.09985052841347182,0.10030607900546307,0.0,0.10460020832498709,0.107,0.002399791675012905,0.0,1.0,1.0,0.1281483332820758,0.12794697824853465,0.12163201178681436,0.12154090913590711,0.10161790185664318,0.10157979326963841
2.4735347919105535,0.09985052841347182,0.10030329968812186,0.0,0.10466176734523236,0.107,0.0023982494434525536,0.0,1.0,1.0,0.12782466118001135,0.12764282708366,0.12190831994667434,0.12183794252136773,0.10160995314460972,0.10159669239056489
2.4755315128539324,0.09985010520467348,0.10030329968812186,0.0,0.10466176734523236,0.107,0.0023382326547676385,0.0,1.0,1.0,0.12751807307934593,0.1273607473267478,0.12219548878599432,0.12214618467440343,0.1015765202393385,0.10159978565338797
2.477528233797311,0.09985010520467348,0.1003013197678464,0.0,0.10471903259764731,0.107,0.0023382326547676385,0.0,1.0,1.0,0.1271403764006994,0.1270676476528699,0.12242775117740144,0.12244028747104901,0.10156464702193822,0.10157839662479096
2.4795249547406897,0.09985006416765822,0.10030120620999002,0.0,0.10472231703257627,0.107,0.0022776829674237276,0.0,1.0,1.0,0.12682455084457864,0.1267531541123062,0.12270172682360449,0.122710092493574,0.10153825114486612,0.10158361571132968
2.4815216756840686,0.09985002341445154,0.10029888661616979,0.0,0.10477390571663511,0.107,0.0022776829674237276,0.0,1.0,1.0,0.12646352362790736,0.12645690958296968,0.12293957826626967,0.12299483007835843,0.10153422575645993,0.10158371383660325
2.4835183966274474,0.09984895050561109,0.10029854317070219,0.0,0.10478154407968139,0.107,0.002218455920318607,0.0,1.0,1.0,0.1261484892390638,0.1261390391929224,0.12320960083088078,0.1232628747116067,0.10153109161327117,0.10161257949703663
2.485515117570826,0.09984895050561109,0.1002959609733262,0.0,0.10482725935409255,0.107,0.002218455920318607,0.0,1.0,1.0,0.12583285981225611,0.12587856878229345,0.12347563681117014,0.12357099140796177,0.10151369346169388,0.10161184656766481
2.4875118385142048,0.09984917669951195,0.10029527186431435,0.0,0.10483945935393349,0.107,0.0021605406460665083,0.0,1.0,1.0,0.12553472978130847,0.12557539320876668,0.12374660689547075,0.12384074554992561,0.10151334934877403,0.10159160547631534
2.489508559457583,0.09984917669951195,0.10029269698782,0.0,0.10487843352398986,0.107,0.0021605406460665083,0.0,1.0,1.0,0.1252129226244657,0.12525122392994287,0.124001751734542,0.12408649925449378,0.10152012041648728,0.10159379534438749
2.491505280400962,0.09984880117676115,0.10029162137967192,0.0,0.10489471427957908,0.107,0.0021052857204209158,0.0,1.0,1.0,0.12489659013862178,0.12496267685980587,0.1242582602395905,0.12435694963414749,0.101516553457455,0.10159795320048808
2.493502001344341,0.09984880117676115,0.10029011639412105,0.0,0.10492814402646825,0.107,0.0021052857204209158,0.0,1.0,1.0,0.12459412553325866,0.12469811582286161,0.12451820823521213,0.1246404146468451,0.10152378295196922,0.10160283365986586
2.4954987222877194,0.09984750295905205,0.10028918806086502,0.0,0.10494876478642191,0.107,0.0020512352135780842,0.0,1.0,1.0,0.12430474604318474,0.12440044410896241,0.12478446423832192,0.12489900698129706,0.10152048559964351,0.10160474410005929
2.4974954432310983,0.09984750295905205,0.1002882915164637,0.0,0.10497720749476759,0.107,0.0020512352135780842,0.0,1.0,1.0,0.12400440678824726,0.12411416310980458,0.12503670084217988,0.12516005127337948,0.10153428614599352,0.10158822650213338
2.499492164174477,0.09984738032795765,0.10028752977190797,0.0,0.10500137370248841,0.107,0.001998626297511588,0.0,1.0,1.0,0.12371398579869589,0.12379059143373068,0.1252952330957969,0.12538638026281027,0.10154430673551405,0.10158609016491371
2.5014888851178556,0.09984738032795765,0.10028702865748064,0.0,0.10502481401377751,0.107,0.001998626297511588,0.0,1.0,1.0,0.12342787642272351,0.12349179025397998,0.12555117676337837,0.12562792342538795,0.10155487652271726,0.10155335680858713
2.5034856060612345,0.09984759471526346,0.10028642729706087,0.0,0.10505294346818517,0.107,0.0019470565318148308,0.0,1.0,1.0,0.12315981428299247,0.12316622278265665,0.12581498156064533,0.12583966370432728,0.1015706100481254,0.1015408895611274
2.5054823270046134,0.09984759471526346,0.10028596284262518,0.0,0.1050714733225925,0.107,0.0019470565318148308,0.0,1.0,1.0,0.12286529933087093,0.1228807402317302,0.12605710899830294,0.12607788893091124,0.10158614602061018,0.10151570433378918
2.507479047947992,0.09984843243127893,0.10028516564492686,0.0,0.10510327828804975,0.107,0.0018967217119502527,0.0,1.0,1.0,0.12259957944489938,0.12257641021969855,0.12631360657726395,0.1262959555625943,0.10159915405125607,0.10150251282808556
2.5094757688913707,0.09984843243127893,0.10028487427975531,0.0,0.10511687218175181,0.107,0.0018967217119502527,0.0,1.0,1.0,0.1223232085464332,0.12229354305657766,0.12655772760028186,0.12652616293358113,0.10161571110712961,0.10151771447649564
2.5114724898347496,0.09984934429488086,0.10028413078579528,0.0,0.10515156053454146,0.107,0.00184843946545854,0.0,1.0,1.0,0.12204541201491766,0.12202281328594808,0.12679618144120006,0.12676821317817616,0.10163706002332835,0.10148518911693317
2.513469210778128,0.09984934429488086,0.10028416347989544,0.0,0.10516063936988494,0.107,0.00184843946545854,0.0,1.0,1.0,0.12178732116358655,0.12173335211328637,0.12704375731245351,0.12697914665891685,0.10165556817795546,0.10145575057529863
2.515465931721507,0.09985003225721058,0.10028430101466468,0.0,0.10519883144483338,0.107,0.001801168555166613,0.0,1.0,1.0,0.1215256641467108,0.12141654098865727,0.12728336725126785,0.1271681671528572,0.10166629055522391,0.10144149505300978
2.517462652664886,0.0998500444214913,0.100284385548567,0.0,0.10520343483558457,0.107,0.001801168555166613,0.0,1.0,1.0,0.12124711849076149,0.12111928355908712,0.12750424987692655,0.12736841100405422,0.10169096493588094,0.10142779040283514
2.519459373608264,0.0998500444214913,0.10028514736488091,0.0,0.1052449204180191,0.107,0.0017550795819809006,0.0,1.0,1.0,0.12100294348135558,0.12079556489714594,0.12774573770858583,0.1275465124992247,0.10170218197821088,0.10143205317535084
2.521456094551643,0.09985135391793466,0.10028515599883638,0.0,0.10524524659956618,0.107,0.0017550795819809006,0.0,1.0,1.0,0.12072516005439166,0.12052274595057666,0.12795594412700087,0.12775794045535474,0.10172687673196754,0.10141177284457636
2.5234528154950215,0.09985135391793466,0.10028633812983523,0.0,0.10528990623666115,0.107,0.0017113036119512392,0.0,1.0,1.0,0.12050929114642732,0.12023407117993987,0.12820425090861026,0.12794666797582133,0.10174549353960045,0.10140486898248034
2.5254495364384004,0.09985177583087058,0.10028633812983523,0.0,0.10528990623666115,0.107,0.0017100937633388463,0.0,1.0,1.0,0.12029047425648218,0.11996026967475543,0.1284428908385331,0.12814330678424413,0.10175730559769601,0.10140713354293544
2.5274462573817793,0.09985148448182499,0.10028773336354972,0.0,0.10533374889924808,0.107,0.0016702222383842003,0.0,1.0,1.0,0.12005599364607425,0.11968198492475741,0.12866392751774453,0.12833380442058046,0.101771842135781,0.1014089429988294
2.529442978325158,0.09985138948542764,0.10028773336354972,0.0,0.10533374889924808,0.107,0.0016662511007519143,0.0,1.0,1.0,0.11982422898404259,0.11941266459748369,0.1288814881357082,0.12852420311728888,0.10179242889827504,0.10139913386267814
2.5314396992685366,0.09985138948542764,0.10028929540085481,0.0,0.10537675415099704,0.107,0.0016299417913721486,0.0,1.0,1.0,0.11962863169747465,0.11912585571878624,0.12911816042536595,0.12869457572034218,0.10179570389524518,0.10139476279501848
2.5334364202119155,0.09985165941568086,0.10028929540085481,0.0,0.10537675415099704,0.107,0.0016232458490029605,0.0,1.0,1.0,0.11939125704756384,0.11888349524323817,0.1293170008781078,0.12888908279901323,0.10182786641531258,0.10138858963683718
2.535433141155294,0.09985066951218745,0.10029059597169115,0.0,0.10541795727763267,0.107,0.0015911630508009616,0.0,1.0,1.0,0.11920497153271956,0.11861160517639349,0.1295501572588532,0.12905730470992882,0.10184103168694884,0.10138379914699994
2.537429862098673,0.09985001984971296,0.10029059597169115,0.0,0.10541795727763267,0.107,0.0015820427223673245,0.0,1.0,1.0,0.11899355400035237,0.11834908378266591,0.12975637274151325,0.1292259701936405,0.10185354430900019,0.10137631379602804
2.5394265830420517,0.09985001984971296,0.10029307860163701,0.0,0.10545798840358321,0.107,0.0015535912356500407,0.0,1.0,1.0,0.11877425340013394,0.11809225022097739,0.12995079778186183,0.12939124264420487,0.10186929095991486,0.10137228584478691
2.5414233039854306,0.09984845786372322,0.10029307860163701,0.0,0.10545798840358321,0.107,0.0015420115964167869,0.0,1.0,1.0,0.11857177072323008,0.11782614503291229,0.13015075333461015,0.12954506440491725,0.10187477813219513,0.10136311722746102
2.543420024928809,0.09984845786372322,0.10029679842664146,0.0,0.10549704563813282,0.107,0.0015168256131271088,0.0,1.0,1.0,0.11836016633483112,0.11757030457841432,0.13033570201750624,0.12969816882157012,0.10188881881770122,0.10133810211342188
2.545416745872188,0.0998478704071346,0.10029679842664146,0.0,0.10549704563813282,0.107,0.001502954361867176,0.0,1.0,1.0,0.11816626833676366,0.11731756474773954,0.13052769459469377,0.1298419430062838,0.10189582779512356,0.10132668011199487
2.5474134668155664,0.09984777661200084,0.10030154102321288,0.0,0.10553489989044938,0.107,0.00148119073917709,0.0,1.0,1.0,0.11795768252411405,0.11706229446232012,0.13070177020883308,0.12997994910448538,0.10190359996504002,0.10131792962289625
2.5494101877589452,0.0998476260537645,0.10030154102321288,0.0,0.10553489989044938,0.107,0.0014651001095506155,0.0,1.0,1.0,0.11773468870800136,0.11681715079884088,0.13085951770446838,0.13012006095502973,0.10190509416321408,0.10129839194571438
2.551406908702324,0.09984759400762504,0.10030728143449567,0.0,0.10557273019906227,0.107,0.0014458636890278573,0.0,1.0,1.0,0.11755017567012609,0.11655281712631295,0.13103480871012524,0.13023793026007194,0.10190552924894308,0.10128462369295209
2.553403629645703,0.09984752295971677,0.10030728143449567,0.0,0.10557273019906227,0.107,0.0014272698009377277,0.0,1.0,1.0,0.11736231530271962,0.1163365917219489,0.13120032898766307,0.130380766249446,0.10190733733185794,0.10127005860075056
2.5554003505890814,0.09984739737730272,0.10031176407696192,0.0,0.1056093507330809,0.107,0.0014111719573311832,0.0,1.0,1.0,0.11716019804342083,0.11609062839790434,0.13134964486690842,0.13049820436663903,0.10190921698816231,0.10126121520880359
2.5573970715324603,0.09984699747004183,0.10031176407696192,0.0,0.1056093507330809,0.107,0.0013906492669190917,0.0,1.0,1.0,0.11695553569799041,0.11587141820121565,0.13149081433522086,0.13062768600055658,0.10190920222072261,0.10124562613828827
2.5593937924758388,0.09984715996664882,0.10031565094339134,0.0,0.10564508007336644,0.107,0.0013773118243598404,0.0,1.0,1.0,0.1167708028793742,0.11565281480542546,0.13163744590160534,0.1307488081094148,0.10190412298532375,0.1012390948795321
2.5613905134192176,0.09984787201420535,0.10031565094339134,0.0,0.10564508007336644,0.107,0.0013549199266335576,0.0,1.0,1.0,0.1165762774896057,0.11543567858895645,0.1317692973292369,0.13086635077297548,0.10189804320957133,0.10123143758451475
2.5633872343625965,0.09984819419825855,0.10031893577331115,0.0,0.10568013199630291,0.107,0.0013442208024252826,0.0,1.0,1.0,0.1163842801435254,0.11523808151930716,0.13189535138082278,0.13098951332302586,0.10189213973337197,0.10121757792992019
2.565383955305975,0.09985057287802596,0.10031893577331115,0.0,0.10568013199630291,0.107,0.0013198680036970861,0.0,1.0,1.0,0.11619967153459929,0.11502418043848579,0.1320191212229481,0.1310932730607346,0.10188547329490973,0.10119019956333815
2.567380676249354,0.09985070892376209,0.10032090748246207,0.0,0.10571437296499953,0.107,0.0013117165917294774,0.0,1.0,1.0,0.11600745319852705,0.1148021197453274,0.1321303855842873,0.13117896129679665,0.10187496831787768,0.101182373789765
2.5693773971927327,0.0998530947899992,0.10032090748246207,0.0,0.10571437296499953,0.107,0.0012856270350004723,0.0,1.0,1.0,0.11583684488450693,0.11461508172990023,0.13224751159949977,0.13128722539921503,0.10186344566166752,0.10114969849880395
2.571374118136111,0.0998530947899992,0.1003218450336062,0.0,0.1057474186425983,0.107,0.0012799350101179413,0.0,1.0,1.0,0.11565334173784718,0.11439777349147369,0.13234860256577075,0.13136003461411594,0.101850387033757,0.10114751851316627
2.57337083907949,0.09985450410061134,0.1003218450336062,0.0,0.1057474186425983,0.107,0.0012525813574016942,0.0,1.0,1.0,0.11547411306925726,0.11424586656213719,0.13244470283765994,0.13147776703757313,0.10184633022281074,0.10113435980365944
2.575367560022869,0.09985454502801934,0.1003226732267674,0.0,0.10577966938464924,0.107,0.00124914024105691,0.0,1.0,1.0,0.11531290178337117,0.11406003951446392,0.13254720641921328,0.13156273203219906,0.10182753737711418,0.1011289088507937
2.5773642809662474,0.09985475099546426,0.1003226732267674,0.0,0.10577966938464924,0.107,0.001220330615350762,0.0,1.0,1.0,0.1151293849761459,0.11390359318174287,0.13262379615819658,0.13166142104282386,0.10181096255196401,0.10109196454072256
2.5793610019096262,0.09985475099546426,0.10032357296404924,0.0,0.10581068151087639,0.107,0.0012189799812122675,0.0,1.0,1.0,0.11499436390824269,0.11370755877362271,0.13272566980310768,0.13171702570820584,0.1017928144263788,0.101099560562804
2.5813577228530047,0.09985601192595502,0.10032357296404924,0.0,0.10581068151087639,0.107,0.0011893184891236114,0.0,1.0,1.0,0.11481738961856314,0.11357687835241567,0.13279147408020128,0.13182080068225124,0.10178074943935794,0.10106265891939795
2.5833544437963836,0.09985601192595502,0.10032531284698039,0.0,0.10584017099956411,0.107,0.0011893184891236114,0.0,1.0,1.0,0.11465142850824424,0.11341680586846119,0.1328590520281363,0.13188474424099786,0.10175977634425679,0.10106082474915168
2.5853511647397625,0.09985754763973631,0.1003253656052459,0.0,0.10584106520586144,0.107,0.0011589347941385608,0.0,1.0,1.0,0.11445994875070911,0.11326886146553466,0.1329000392602727,0.13195934662119588,0.10173980560309574,0.10103004626017509
2.5873478856831413,0.09985754763973631,0.10032711624899143,0.0,0.10586712236360545,0.107,0.0011589347941385608,0.0,1.0,1.0,0.11427775370877628,0.11310784076020411,0.13293939366117904,0.13200887801979896,0.10171931300419251,0.10099900918938767
2.5893446066265198,0.09986001707336244,0.10032736227084797,0.0,0.10587078423389788,0.107,0.0011292157661021152,0.0,1.0,1.0,0.1141037513091126,0.11296872550223234,0.1329761032673745,0.13206522425548112,0.10170318035554937,0.10101422895579629
2.5913413275698987,0.09986001707336244,0.10032868180297237,0.0,0.10589389651709737,0.107,0.0011292157661021152,0.0,1.0,1.0,0.11392720058159822,0.11286592508478445,0.13300439232810274,0.13215046809931888,0.10168182346981731,0.10100193455878949
2.593338048513277,0.09986231714984749,0.10032903936107584,0.0,0.10590015933101077,0.107,0.0010998406689892298,0.0,1.0,1.0,0.11377647445781937,0.11273911696514335,0.1330406590606547,0.13220541160241797,0.1016590669484715,0.10099747975484431
2.595334769456656,0.09986231714984749,0.10032930870365045,0.0,0.10591994247539059,0.107,0.0010998406689892298,0.0,1.0,1.0,0.11361190249869298,0.11261495631669063,0.13305947054116887,0.13225554366960382,0.10164082140489503,0.10099281153196726
2.597331490400035,0.09986258130104401,0.10032942506717508,0.0,0.10592848934701622,0.107,0.001071510652983776,0.0,1.0,1.0,0.11346519627893946,0.11251057434753792,0.13308315909839818,0.13231084129350698,0.10161889579516893,0.1009929544015359
2.5993282113434137,0.09986258130104401,0.10032937794582913,0.0,0.10594567162737585,0.107,0.001071510652983776,0.0,1.0,1.0,0.1133034138098413,0.11242021123231685,0.13308816088993436,0.13236843080993424,0.10160067100862571,0.10096672773523704
2.601324932286792,0.09986402250491604,0.1003293480049973,0.0,0.10595658922228163,0.107,0.0010434107777183704,0.0,1.0,1.0,0.11317553126838908,0.1122986937415886,0.1331083088710061,0.13238939389534884,0.10157771448319797,0.10094692877430822
2.603321653230171,0.09986402250491604,0.1003283175478547,0.0,0.10597070829111639,0.107,0.0010434107777183704,0.0,1.0,1.0,0.1130258263367508,0.1121929935392359,0.13310476184461514,0.13241440254030082,0.10155821985642516,0.1009283511572275
2.6053183741735495,0.09986583750963458,0.10032738775079986,0.0,0.10598344814033192,0.107,0.0010165518596680773,0.0,1.0,1.0,0.11289127550559268,0.11210396262515424,0.13310391462185694,0.13244282326539164,0.10153709976136836,0.10091052360512587
2.6073150951169284,0.09986583750963458,0.10032654548117287,0.0,0.10599517932582894,0.107,0.0010165518596680773,0.0,1.0,1.0,0.11276484415020187,0.11200439716423989,0.13309999132876957,0.13245653771524848,0.10151359559295949,0.10089767233425274
2.6093118160603073,0.0998678273139531,0.10032548977514101,0.0,0.10600988326729027,0.107,0.0009901167327097254,0.0,1.0,1.0,0.11264230819338159,0.11192954936828277,0.13309011733278464,0.13247947723038497,0.10149431322688325,0.10090466216948478
2.611308537003686,0.0998678273139531,0.1003246942391472,0.0,0.10601909274370866,0.107,0.0009901167327097254,0.0,1.0,1.0,0.11254173516428069,0.11186861970316832,0.13308754283451765,0.1325103543586096,0.10147024438273389,0.10091114139912716
2.6133052579470646,0.09986891883718436,0.10032329715607387,0.0,0.10603526599509924,0.107,0.0009647340049007552,0.0,1.0,1.0,0.11243864514585106,0.1118133873204257,0.13307409008905996,0.13253716089267864,0.10145286567039055,0.10092221624787699
2.6153019788904435,0.09986891883718436,0.10032286806697692,0.0,0.10604218112888222,0.107,0.0009647340049007552,0.0,1.0,1.0,0.11233037340880807,0.1117964510254533,0.1330504752773636,0.1325815344058646,0.10143601763224315,0.10092804717070206
2.617298699833822,0.09986936186619692,0.10032177113091234,0.0,0.10605985918151056,0.107,0.000940140818489435,0.0,1.0,1.0,0.11223831573288832,0.11173653919558141,0.13302954577248385,0.13258785051119873,0.10142159421568306,0.10093719644356412
2.619295420777201,0.09986936186619692,0.10032166379921702,0.0,0.10606485052412876,0.107,0.000940140818489435,0.0,1.0,1.0,0.11216453835809298,0.11173217432805956,0.13301342749779546,0.13262389431577878,0.10140641726614577,0.10090917489024659
2.6212921417205797,0.0998698515441268,0.10032125252961131,0.0,0.1060839761654801,0.107,0.0009160238345198995,0.0,1.0,1.0,0.1120817265921592,0.1116512469486127,0.13298278771203653,0.13259043081351327,0.10139795062180681,0.10092835065770431
2.623288862663958,0.09987029944525357,0.10032121209358129,0.0,0.10608706942051165,0.107,0.0009160238345198995,0.0,1.0,1.0,0.11201631331671308,0.11161625963850155,0.13295714740900097,0.1325907434027037,0.10138289315486307,0.1009099149631468
2.625285583607337,0.09987021078559485,0.10032094494471044,0.0,0.10610750564010223,0.107,0.0008924943598977719,0.0,1.0,1.0,0.11194713121268493,0.11158013013993041,0.1329192937255287,0.13257241838668288,0.10137526210585043,0.10091205977626062
2.627282304550716,0.09987011807254036,0.10032094169560325,0.0,0.10610879615329999,0.107,0.0008924943598977719,0.0,1.0,1.0,0.11189183351630252,0.11155527750292564,0.1328843606983683,0.13255861357270388,0.10136036012427677,0.10092908784520675
2.6292790254940943,0.0998700437142056,0.10032088728645631,0.0,0.10613040692756795,0.107,0.0008695930724320483,0.0,1.0,1.0,0.11184559196414064,0.111552070075889,0.1328448082028202,0.13255641528945314,0.10134597340989253,0.10093957109477308
2.631275746437473,0.0998700437142056,0.10032088728645631,0.0,0.10613040692756795,0.107,0.0008695930724320483,0.0,1.0,1.0,0.11179762842855603,0.11155126269453836,0.13279621946550188,0.132545761672988,0.10133778056614215,0.1009568878873439
2.633272467380852,0.0998711983204803,0.10032090079163532,0.0,0.10615276582829605,0.107,0.0008480515867691269,0.0,1.0,1.0,0.11178507425932424,0.11155640581525912,0.1327644109218106,0.13253272125276463,0.10133243554124585,0.10096106458420608
2.6352691883242305,0.0998711983204803,0.10032090079163532,0.0,0.10615276582829605,0.107,0.000847234171703945,0.0,1.0,1.0,0.11178210734911263,0.11156683499235004,0.13273058612989053,0.13251160428688716,0.10132134775255566,0.1009596722173948
2.6372659092676094,0.09987240948297278,0.10032099171010865,0.0,0.10617444959570957,0.107,0.0008273989589033205,0.0,1.0,1.0,0.11177533580801048,0.11157428745250486,0.13268522192619778,0.13247692225758015,0.10131076238340384,0.10097839070963803
2.639262630210988,0.09987240948297278,0.10032099171010865,0.0,0.10617444959570957,0.107,0.0008255504042904288,0.0,1.0,1.0,0.11177504912686069,0.11160458630106186,0.13263606828278499,0.13245560941382764,0.10131526607098337,0.10098941222091205
2.6412593511543667,0.09987391190428663,0.10032183142359608,0.0,0.1061952506504406,0.107,0.0008075256901839842,0.0,1.0,1.0,0.11179848606729678,0.1116245427084781,0.1325980962204429,0.13241810840660692,0.10130893664483685,0.10102049494621561
2.6432560720977456,0.09987391190428663,0.10032183142359608,0.0,0.1061952506504406,0.107,0.0008047493495594027,0.0,1.0,1.0,0.11181175132757305,0.1116812063444309,0.13254265164952997,0.13240114269414782,0.10130417385925809,0.10100875875709658
2.6452527930411245,0.09987458733545591,0.1003245185698401,0.0,0.10621565190222239,0.107,0.0007880393505254466,0.0,1.0,1.0,0.11184486994120832,0.11167801758594738,0.13249269376757242,0.1323244730077205,0.10130748222401736,0.101006185876907
2.647249513984503,0.09987458733545591,0.1003245185698401,0.0,0.10621565190222239,0.107,0.0007843480977776096,0.0,1.0,1.0,0.11187655352909628,0.11170576583357447,0.132435036799703,0.1322616898392691,0.10130863632516225,0.10102861599068719
2.649246234927882,0.0998752305362159,0.10032767055558463,0.0,0.10623600291860882,0.107,0.0007687004515456718,0.0,1.0,1.0,0.1119216788831753,0.11174987675443365,0.13237811119209358,0.1322099120087442,0.10130408078736383,0.10103448029888958
2.6512429558712602,0.0998752305362159,0.10032767055558463,0.0,0.10623600291860882,0.107,0.000763997081391174,0.0,1.0,1.0,0.11195091933665031,0.11180047428792904,0.13230116768563,0.13215004429678673,0.10131079709073756,0.1010531579574584
2.653239676814639,0.09987585373974778,0.10032947893413542,0.0,0.10625547978423162,0.107,0.0007499497758496152,0.0,1.0,1.0,0.11201430602207789,0.11188369668343978,0.13224151846786408,0.13210676634228294,0.10130499370936172,0.101011206099476
2.655236397758018,0.09987585373974778,0.10032947893413542,0.0,0.10625547978423162,0.107,0.0007445202157683739,0.0,1.0,1.0,0.11206092062643874,0.11187100737449643,0.13215954431215823,0.13197468510784835,0.10131106398061238,0.10101344481713322
2.657233118701397,0.0998786314286922,0.10033199013503541,0.0,0.10627432730292162,0.107,0.0007318378701485468,0.0,1.0,1.0,0.11212875460326659,0.1119309650650667,0.13208637453500716,0.13189393683772155,0.10131805412034436,0.10101959358346092
2.6592298396447753,0.0998786314286922,0.10033199013503541,0.0,0.10627432730292162,0.107,0.0007256726970783778,0.0,1.0,1.0,0.11219083350927024,0.11197824924756777,0.1320005872342909,0.1317974023410716,0.10131582089588086,0.1010064850853809
2.661226560588154,0.09988047304262881,0.10033506589133424,0.0,0.10629319850428097,0.107,0.0007138989368789887,0.0,1.0,1.0,0.11225966923514571,0.11204160014485802,0.13190809924778804,0.1316969746448249,0.10131658764366301,0.10100255259942553
2.6632232815315326,0.09988047304262881,0.10033506589133424,0.0,0.10629319850428097,0.107,0.0007068014957190283,0.0,1.0,1.0,0.11233931586168627,0.11212327377856494,0.13181334438081463,0.13160115563018934,0.10132457620357231,0.10100426740827612
2.6652200024749115,0.09988186770303092,0.10033652548782708,0.0,0.10631143450858947,0.107,0.0006963168271873682,0.0,1.0,1.0,0.11243893643232976,0.11220201642638473,0.1317223555563906,0.131494100565828,0.10131736397194342,0.10103262280328222
2.6672167234182904,0.09988186770303092,0.10033652548782708,0.0,0.10631143450858947,0.107,0.0006885654914105255,0.0,1.0,1.0,0.11252599998630704,0.11231968646925575,0.13160758021267258,0.1314095450527849,0.10132430901234148,0.10101898203158206
2.6692134443616693,0.09988365223014446,0.10033787223191458,0.0,0.1063287933630612,0.107,0.0006794419744904905,0.0,1.0,1.0,0.11264173230269862,0.11238493794764441,0.13150212189251043,0.13126513353033906,0.10133163901738207,0.10100850177250842
2.6712101653050477,0.09988365223014446,0.10033787223191458,0.0,0.1063287933630612,0.107,0.0006712066369388009,0.0,1.0,1.0,0.112755312254311,0.1124715561131661,0.13138122769118032,0.13112125025493176,0.10132667810559473,0.10099622674908194
2.6732068862484266,0.09988543142293159,0.10034057783159862,0.0,0.1063460074493089,0.107,0.0006630267937616258,0.0,1.0,1.0,0.11285777551655767,0.11256076368474477,0.13123512024054082,0.13096320320574026,0.10133169885388475,0.10098129021574515
2.675203607191805,0.09988543142293159,0.10034057783159862,0.0,0.1063460074493089,0.107,0.000653992550691096,0.0,1.0,1.0,0.11299670846563574,0.11268914096010524,0.1310993689252615,0.13081371673716186,0.10133257476696561,0.10098800012298241
2.677200328135184,0.09988543142293159,0.10034289328918382,0.0,0.10636280743270092,0.107,0.0006468253200393712,0.0,1.0,1.0,0.11313631586626187,0.11283272585060186,0.13094545570155908,0.13066560641317493,0.10132208158769107,0.10100175159032891
2.679197049078563,0.09988685717447583,0.10034289328918382,0.0,0.10636280743270092,0.107,0.0006371925672990775,0.0,1.0,1.0,0.11327837511124937,0.11294626488723748,0.13077228532570126,0.13048169581847213,0.10132374227949484,0.10097653821172048
2.6811937700219417,0.09988812914866453,0.10034519002855935,0.0,0.1063790060356082,0.107,0.0006310653901991603,0.0,1.0,1.0,0.11345870693983053,0.11306937195478614,0.13060853960732915,0.13027273753571902,0.10131987196716771,0.10098029814825099
2.68319049096532,0.09988822607454051,0.10034519002855935,0.0,0.1063790060356082,0.107,0.0006209939643918028,0.0,1.0,1.0,0.1136231176735605,0.11322304908051134,0.1304130195286747,0.13007331793304408,0.1013081294836917,0.10093972003743494
2.685187211908699,0.09988962243951392,0.10034808184126028,0.0,0.10639485708303578,0.107,0.000615764389695686,0.0,1.0,1.0,0.11380120370637546,0.1133414949316174,0.13020430389481966,0.1298173767929409,0.10130548995384918,0.10095196818612982
2.6871839328520775,0.09988982796911326,0.10034808184126028,0.0,0.10639485708303578,0.107,0.0006051429169642158,0.0,1.0,1.0,0.11400103368391684,0.11354572689650172,0.12999147137719802,0.1296119687257866,0.10129565722077523,0.10090788982816185
2.6891806537954563,0.09989117220053165,0.10035112576564503,0.0,0.10641030898599893,0.107,0.0006007842577520972,0.0,1.0,1.0,0.11420880104023574,0.11368647495944051,0.12976038158705477,0.12932719858158861,0.10127261145249991,0.1008779044519605
2.6911773747388352,0.09989144570142962,0.10035112576564503,0.0,0.10641030898599893,0.107,0.0005896910140010675,0.0,1.0,1.0,0.11441064279690406,0.1138400610885295,0.12950110808511958,0.1290327560240663,0.10126483818366722,0.10083643484104982
2.693174095682214,0.09989295196470767,0.10035426079944813,0.0,0.10642532401455387,0.107,0.0005861590275898027,0.0,1.0,1.0,0.11464697549269487,0.11402950914158042,0.12924664672572128,0.12873680709680674,0.10124217110273345,0.1007900026275645
2.6951708166255925,0.0998933969751996,0.10035426079944813,0.0,0.10642532401455387,0.107,0.0005746759854461242,0.0,1.0,1.0,0.11486876094046157,0.11423062777498987,0.12895730552084456,0.12842517067237072,0.10122163764672289,0.1007452420943575
2.697167537568971,0.09989498494511442,0.10035761019378714,0.0,0.10643997483607882,0.107,0.0005718814532509189,0.0,1.0,1.0,0.11511839950136045,0.11445644625608577,0.12866501502944655,0.12810857684371074,0.10119302295785175,0.10072980245279202
2.69916425851235,0.09989552813482022,0.10035761019378714,0.0,0.10643997483607882,0.107,0.000560025163921174,0.0,1.0,1.0,0.11536052282851358,0.11468944223719024,0.12834497620740945,0.12778573847956848,0.10116567750746386,0.10070670887079677
2.7011609794557288,0.09989702585446568,0.10036125584577926,0.0,0.10645416301570017,0.107,0.0005579274261575932,0.0,1.0,1.0,0.11564553231920585,0.11496019672133742,0.12803222130308012,0.12746621209048623,0.10113027949306215,0.10065307383091383
2.7031577003991076,0.09989769160764332,0.10036125584577926,0.0,0.10645416301570017,0.107,0.0005458369842998301,0.0,1.0,1.0,0.11590151676287506,0.11516998392116262,0.1276784098199937,0.12707697151731792,0.10108418432323309,0.10059944130881808
2.705154421342486,0.09989949026687694,0.10036533925804487,0.0,0.10646827569795803,0.107,0.0005443133785843216,0.0,1.0,1.0,0.11616730751196819,0.11540956495434596,0.12730892385896203,0.12668600199118266,0.10105152450658046,0.10053891278583336
2.707151142285865,0.09990045699331745,0.10036533925804487,0.0,0.10646827569795803,0.107,0.0005317243020419721,0.0,1.0,1.0,0.11647136365389579,0.11569384260897755,0.1269493695174807,0.12630275426389798,0.10100503053525778,0.10047089359467395
2.7091478632292434,0.09990045699331745,0.10036799591996305,0.0,0.10648194946587346,0.107,0.00053075573661495,0.0,1.0,1.0,0.11676482677035649,0.11592816353919236,0.12656129748962464,0.12586821681069116,0.1009557253285716,0.10040617094938059
2.7111445841726223,0.09990263842616105,0.10036799591996305,0.0,0.10648194946587346,0.107,0.0005180505341265407,0.0,1.0,1.0,0.11708667623235947,0.11622833034506096,0.1261743555654702,0.12546005949547687,0.1008931671122241,0.10036472813697583
2.713141305116001,0.09990283574576009,0.10037029884402021,0.0,0.10649521454724814,0.107,0.0005175545411268752,0.0,1.0,1.0,0.11737319600674458,0.11652574613042135,0.12574582175887267,0.1250424073289823,0.1008364666921954,0.10031593701148207
2.71513802605938,0.09990296487105936,0.10037029884402021,0.0,0.10649521454724814,0.107,0.0005047854527518575,0.0,1.0,1.0,0.11768987674232258,0.11687779464853593,0.1253242432843674,0.1246448214046196,0.10079181242032824,0.10026263986175353
2.7171347470027585,0.09990244681856714,0.10037259167732814,0.0,0.1065080983261843,0.107,0.000504688694956463,0.0,1.0,1.0,0.11802988600272829,0.11719284601050804,0.12490816470223813,0.12420936780269473,0.10072933846931814,0.10019567798421064
2.7191314679461374,0.0999021001530326,0.10037259167732814,0.0,0.1065080983261843,0.107,0.0004919016738157006,0.0,1.0,1.0,0.11835050965883043,0.11749568565922716,0.12446348791621656,0.12374976984862991,0.10066912128252092,0.10012717597294912
2.721128188889516,0.0999021001530326,0.1003748438049372,0.0,0.1065203678801265,0.107,0.0004919016738157006,0.0,1.0,1.0,0.1186590937064318,0.11782184180986933,0.12400139906793463,0.12329398723232546,0.10060527990780943,0.10005259056326747
2.7231249098328947,0.09990293894166562,0.10037490585669374,0.0,0.10652070593706922,0.107,0.0004792940629307768,0.0,1.0,1.0,0.11900319655279025,0.11815321442934075,0.1235532899680631,0.1228313662276383,0.10053767319784558,0.09998592126147378
2.7251216307762736,0.09990219554522041,0.10037664529165456,0.0,0.1065324255165933,0.107,0.0004792940629307768,0.0,1.0,1.0,0.11929746004049194,0.11847604104317663,0.12306506073219091,0.12235958568334242,0.10046544068487367,0.0999130412254683
2.7271183517196524,0.09990167913514499,0.10037675201703694,0.0,0.10653314458723073,0.107,0.00046685541276926534,0.0,1.0,1.0,0.11963452460261619,0.11881239335166498,0.12259837579643534,0.12188948568938802,0.1003903345776853,0.09982745701853298
2.729115072663031,0.09990142408489266,0.10037721559087283,0.0,0.10654414459685756,0.107,0.00046685541276926534,0.0,1.0,1.0,0.11995992925489085,0.11914439228226671,0.12211902544244145,0.12140906806899729,0.10031760290847969,0.09976285127650322
2.7311117936064098,0.09990125136041739,0.10037725638337236,0.0,0.1065451125502941,0.107,0.00045488744970589856,0.0,1.0,1.0,0.12027444612402784,0.11949309724761568,0.12163186021044022,0.12094371548503009,0.10024340680356261,0.09968276576517307
2.733108514549788,0.09990101244480168,0.10037748276150692,0.0,0.10655577856121913,0.107,0.00045488744970589856,0.0,1.0,1.0,0.12060440057506026,0.11982003644889856,0.12115396482240517,0.1204602059278788,0.10015513611791005,0.09962242349685999
2.735105235493167,0.0999008534924793,0.10037750735635446,0.0,0.10655693736974621,0.107,0.00044306263025378767,0.0,1.0,1.0,0.12092602443800332,0.12019316707529878,0.12066651072488366,0.12001313468523338,0.10008232272226486,0.09956658191344823
2.737101956436546,0.09990094947777052,0.10037681740264848,0.0,0.1065671126068,0.107,0.00044306263025378767,0.0,1.0,1.0,0.12128366467459774,0.1205763854259146,0.12021130700075341,0.11957686351782537,0.10000706018248962,0.09949676185264118
2.739098677379925,0.09990100707063905,0.10037673616165844,0.0,0.10656831072534745,0.107,0.0004316892746525497,0.0,1.0,1.0,0.12161505521997093,0.12091664793700013,0.11974337818398165,0.11911443058096692,0.09994037574415743,0.09942955022515837
2.7410953983233033,0.09990117256782494,0.1003760282168605,0.0,0.10657832382234526,0.107,0.0004316892746525497,0.0,1.0,1.0,0.12195012970583355,0.12127108177123191,0.11928679749325251,0.11866818067087202,0.09987373012520158,0.09937420288662836
2.743092119266682,0.09990126530537136,0.10037594336699912,0.0,0.10657952392988851,0.107,0.000420476070111489,0.0,1.0,1.0,0.12230577412812936,0.12163690128270817,0.11885148222994858,0.11824021611527784,0.09981136056294125,0.09933163759778237
2.7450888402100606,0.09990169143977,0.10037444171803685,0.0,0.10658924977701262,0.107,0.000420476070111489,0.0,1.0,1.0,0.12264466735130627,0.12198485714202384,0.11841594500572325,0.1178141353624082,0.0997572413201946,0.0992906156525921
2.7470855611534395,0.09990190435683277,0.10037426987876252,0.0,0.10659036274186258,0.107,0.0004096372581374186,0.0,1.0,1.0,0.12299422657923309,0.12235986828951517,0.11800045305007449,0.11741671818085112,0.09970983362770532,0.09923461958805566
2.7490822820968184,0.09990190435683277,0.10037267519827366,0.0,0.10659994042432161,0.107,0.0004096372581374186,0.0,1.0,1.0,0.12333867722081468,0.12270981474527382,0.11759582992603049,0.11701135633678399,0.09966767358986922,0.09918165181068551
2.7510790030401973,0.09990200584645088,0.10037251135629684,0.0,0.1066009244624649,0.107,0.0003990755375350985,0.0,1.0,1.0,0.12368009085988445,0.1230462419288529,0.11720449845552028,0.11661291965120274,0.0996291498277643,0.09916354830173547
2.7530757239835757,0.09990200584645088,0.1003710203231551,0.0,0.10661026845336899,0.107,0.0003990755375350985,0.0,1.0,1.0,0.12404280059986728,0.1234059695073137,0.11684256636990067,0.11625305592294957,0.09959779777369883,0.09913587196259316
2.755072444926954,0.09990189272171653,0.1003708897898351,0.0,0.10661108647821402,0.107,0.00038891352178598015,0.0,1.0,1.0,0.1243823670020154,0.12375652954982175,0.11648342475930676,0.11589976353195003,0.09957511824644263,0.09912208798763218
2.757069165870333,0.09990000518107127,0.10037008123246872,0.0,0.10662038632846384,0.107,0.00038891352178598015,0.0,1.0,1.0,0.12470496845592279,0.12411280711030087,0.11613306876837105,0.11557116809777081,0.09955615025656556,0.0990784240117274
2.759065886813712,0.09989948912138957,0.10037002372780397,0.0,0.10662104773455953,0.107,0.0003789522654404631,0.0,1.0,1.0,0.12504015319739004,0.12442189461132441,0.1158095271056996,0.11522291574980259,0.09953327725754081,0.09907249122342895
2.761062607757091,0.09989764815445906,0.10036912520359365,0.0,0.10663043707664001,0.107,0.0003789522654404631,0.0,1.0,1.0,0.12533728600212451,0.12477382907972832,0.1154787544016073,0.11493109098386797,0.0995261070464092,0.09905064225512644
2.763059328700469,0.09989726807127808,0.10036907884598166,0.0,0.10663092150151351,0.107,0.0003690784984864831,0.0,1.0,1.0,0.12567873799543203,0.12508326445910406,0.11519981776638297,0.11462702375367881,0.09952046675470964,0.09904857273211813
2.765056049643848,0.09989440771373932,0.10036716379908779,0.0,0.10664010195647304,0.107,0.0003690784984864831,0.0,1.0,1.0,0.12599514456454602,0.1254037914093699,0.11492493738344496,0.1143557715357966,0.09952792335457518,0.09905479541589618
2.7670527705872265,0.09989397922450782,0.10036709342103393,0.0,0.10664043933857875,0.107,0.000359560661421246,0.0,1.0,1.0,0.12631692423241275,0.12572869762780978,0.1146767870794906,0.1141097220183173,0.09954937739511246,0.09907138844345668
2.7690494915306054,0.09989397922450782,0.10036514361278316,0.0,0.1066494878250617,0.107,0.000359560661421246,0.0,1.0,1.0,0.12663703835982087,0.1260378941859386,0.11445204884462766,0.11387695935882133,0.09957421542258038,0.0990675658084102
2.7710462124739843,0.09989036355763847,0.10036510308994723,0.0,0.106649675879622,0.107,0.0003503241203779983,0.0,1.0,1.0,0.12694344865615645,0.12633254171817987,0.11423998649995859,0.11364941219974972,0.09960648709381192,0.09910180533809929
2.773042933417363,0.09988720392015038,0.10036320073585335,0.0,0.1066585736372079,0.107,0.0003503241203779983,0.0,1.0,1.0,0.1272351850065094,0.12665494838796976,0.11404114363311782,0.11347064044083104,0.0996453014865034,0.09915288309408492
2.7750396543607416,0.09988701808855456,0.10036318089329381,0.0,0.10665866644552645,0.107,0.00034133355447354963,0.0,1.0,1.0,0.1275419973381596,0.12695797329366804,0.11387402588509572,0.11330333916559866,0.0996871374716736,0.09917626570238494
2.7770363753041205,0.09988485670334,0.1003617899017044,0.0,0.10666737960707137,0.107,0.00034133355447354963,0.0,1.0,1.0,0.12782670297762413,0.12722910821501512,0.11371368873746977,0.11312978168791402,0.09973809678031134,0.09926190774398513
2.779033096247499,0.09988479711414744,0.10036178264231653,0.0,0.10666742507982599,0.107,0.0003325749201740086,0.0,1.0,1.0,0.12810796298067065,0.12752503147937258,0.11357352882202719,0.1130080172436267,0.09979440634074208,0.09932701599903854
2.781029817190878,0.09988368162153761,0.100360323517333,0.0,0.10667597149305098,0.107,0.0003325749201740086,0.0,1.0,1.0,0.1283615070468374,0.12780513723186585,0.11343678661403561,0.11289036649086433,0.09985492555148276,0.09937424548593185
2.7830265381342567,0.09988366323249075,0.10036031435236568,0.0,0.10667602517426318,0.107,0.0003239748257368169,0.0,1.0,1.0,0.12862426159697007,0.12806640763517482,0.11332610495043206,0.11277556436953644,0.09991905616384977,0.09943324974214529
2.7850232590776356,0.0998822180837902,0.10035861393942384,0.0,0.10668423823001522,0.107,0.0003239748257368169,0.0,1.0,1.0,0.12889143085073151,0.12831656861990975,0.11323736673241176,0.11267594807579734,0.09998521118351918,0.0994841342434109
2.787019980021014,0.0998822180837902,0.10035858964565375,0.0,0.10668435556979976,0.107,0.00031564443020024036,0.0,1.0,1.0,0.1291327873530785,0.12854493836320172,0.11315040617939065,0.11257749905082648,0.10005668235655416,0.09957056996043247
2.789016700964393,0.09988147519785355,0.10035704648723057,0.0,0.10669226012511505,0.107,0.00031564443020024036,0.0,1.0,1.0,0.12936300514871563,0.12879704531653252,0.11307481793226577,0.11252023013935537,0.1001313572109388,0.09965082258725441
2.7910134219077714,0.09988147519785355,0.10035699771409338,0.0,0.10669250995685946,0.107,0.0003074900431405403,0.0,1.0,1.0,0.12958596836053063,0.1290314476186683,0.11301196149998967,0.1124660664938676,0.10020817403204493,0.09973473119683388
2.7930101428511502,0.09988003176407949,0.10035541908903665,0.0,0.10669993660897968,0.107,0.0003074900431405403,0.0,1.0,1.0,0.12981904328467656,0.12925867101693697,0.11297122142184297,0.11242446985416406,0.10028839251558286,0.09981950082918435
2.795006863794529,0.09988003176407949,0.10035533129326495,0.0,0.1067003496447739,0.107,0.00029965035522609706,0.0,1.0,1.0,0.130021945326516,0.1294790616229678,0.11292669335906684,0.11239300892511093,0.10036411035682566,0.09990424271124308
2.797003584737908,0.09987916726644953,0.10035470123483481,0.0,0.10670735369325582,0.107,0.00029965035522609706,0.0,1.0,1.0,0.13020832230028814,0.12967668253029999,0.11288426731416415,0.11236078588263018,0.10044048924807855,0.09998893268872085
2.7990003056812864,0.09987916726644953,0.10035464357156011,0.0,0.1067079947074098,0.107,0.00029200529259020003,0.0,1.0,1.0,0.1303902940931784,0.12988999654385766,0.11285173632871745,0.11235104541621557,0.1005273860626114,0.10007021761272925
