topic,bag_stamp,header_stamp,experiment_id,method_id,block_id,run_id,phase,run_active,evaluation_active,manual_abort,abort_reason
/multi_agv/experiment_state,1788412298.4004016,1788412298.3388977,exp2a_m1_r1_unloaded_serial,M1_R1,B02,m1_r1_serial_20260903_131137,2,True,False,False,
/multi_agv/experiment_state,1788412298.438934,1788412298.4388952,exp2a_m1_r1_unloaded_serial,M1_R1,B02,m1_r1_serial_20260903_131137,2,True,False,False,
/multi_agv/experiment_state,1788412298.5389402,1788412298.5388978,exp2a_m1_r1_unloaded_serial,M1_R1,B02,m1_r1_serial_20260903_131137,2,True,False,False,
/multi_agv/experiment_state,1788412298.6390042,1788412298.6388955,exp2a_m1_r1_unloaded_serial,M1_R1,B02,m1_r1_serial_20260903_131137,2,True,False,False,
/multi_agv/experiment_state,1788412298.7389069,1788412298.7388644,exp2a_m1_r1_unloaded_serial,M1_R1,B02,m1_r1_serial_20260903_131137,2,True,False,False,
/multi_agv/experiment_state,1788412298.8389566,1788412298.8388627,exp2a_m1_r1_unloaded_serial,M1_R1,B02,m1_r1_serial_20260903_131137,2,True,False,False,
/multi_agv/experiment_state,1788412298.9389317,1788412298.9388983,exp2a_m1_r1_unloaded_serial,M1_R1,B02,m1_r1_serial_20260903_131137,2,True,False,False,
/multi_agv/experiment_state,1788412299.0389738,1788412299.0388918,exp2a_m1_r1_unloaded_serial,M1_R1,B02,m1_r1_serial_20260903_131137,2,True,False,False,
/multi_agv/experiment_state,1788412299.1388972,1788412299.1388624,exp2a_m1_r1_unloaded_serial,M1_R1,B02,m1_r1_serial_20260903_131137,2,True,False,False,
/multi_agv/experiment_state,1788412299.2389367,1788412299.2388623,exp2a_m1_r1_unloaded_serial,M1_R1,B02,m1_r1_serial_20260903_131137,2,True,False,False,
/multi_agv/experiment_state,1788412299.3389919,1788412299.3388958,exp2a_m1_r1_unloaded_serial,M1_R1,B02,m1_r1_serial_20260903_131137,2,True,False,False,
/multi_agv/experiment_state,1788412299.438893,1788412299.4388635,exp2a_m1_r1_unloaded_serial,M1_R1,B02,m1_r1_serial_20260903_131137,2,True,False,False,
/multi_agv/experiment_state,1788412299.5388813,1788412299.53884,exp2a_m1_r1_unloaded_serial,M1_R1,B02,m1_r1_serial_20260903_131137,2,True,False,False,
/multi_agv/experiment_state,1788412299.638904,1788412299.6388695,exp2a_m1_r1_unloaded_serial,M1_R1,B02,m1_r1_serial_20260903_131137,2,True,False,False,
/multi_agv/experiment_state,1788412299.7389963,1788412299.7389176,exp2a_m1_r1_unloaded_serial,M1_R1,B02,m1_r1_serial_20260903_131137,2,True,False,False,
/multi_agv/experiment_state,1788412299.8388956,1788412299.8388638,exp2a_m1_r1_unloaded_serial,M1_R1,B02,m1_r1_serial_20260903_131137,2,True,False,False,
/multi_agv/experiment_state,1788412299.9389098,1788412299.9388635,exp2a_m1_r1_unloaded_serial,M1_R1,B02,m1_r1_serial_20260903_131137,2,True,False,False,
/multi_agv/experiment_state,1788412300.0389874,1788412300.038894,exp2a_m1_r1_unloaded_serial,M1_R1,B02,m1_r1_serial_20260903_131137,2,True,False,False,
/multi_agv/experiment_state,1788412300.1389368,1788412300.1388605,exp2a_m1_r1_unloaded_serial,M1_R1,B02,m1_r1_serial_20260903_131137,2,True,False,False,
/multi_agv/experiment_state,1788412300.2389328,1788412300.2388952,exp2a_m1_r1_unloaded_serial,M1_R1,B02,m1_r1_serial_20260903_131137,2,True,False,False,
/multi_agv/experiment_state,1788412300.3388968,1788412300.338858,exp2a_m1_r1_unloaded_serial,M1_R1,B02,m1_r1_serial_20260903_131137,2,True,False,False,
/multi_agv/experiment_state,1788412300.438902,1788412300.4388585,exp2a_m1_r1_unloaded_serial,M1_R1,B02,m1_r1_serial_20260903_131137,2,True,False,False,
/multi_agv/experiment_state,1788412300.5389657,1788412300.5388982,exp2a_m1_r1_unloaded_serial,M1_R1,B02,m1_r1_serial_20260903_131137,2,True,False,False,
/multi_agv/experiment_state,1788412300.6389198,1788412300.6388922,exp2a_m1_r1_unloaded_serial,M1_R1,B02,m1_r1_serial_20260903_131137,2,True,False,False,
/multi_agv/experiment_state,1788412300.7388973,1788412300.7388606,exp2a_m1_r1_unloaded_serial,M1_R1,B02,m1_r1_serial_20260903_131137,2,True,False,False,
/multi_agv/experiment_state,1788412300.8389013,1788412300.8388605,exp2a_m1_r1_unloaded_serial,M1_R1,B02,m1_r1_serial_20260903_131137,2,True,False,False,
/multi_agv/experiment_state,1788412300.9389703,1788412300.93889,exp2a_m1_r1_unloaded_serial,M1_R1,B02,m1_r1_serial_20260903_131137,2,True,False,False,
/multi_agv/experiment_state,1788412301.0389433,1788412301.0388625,exp2a_m1_r1_unloaded_serial,M1_R1,B02,m1_r1_serial_20260903_131137,2,True,True,False,
/multi_agv/experiment_state,1788412301.1390648,1788412301.1388605,exp2a_m1_r1_unloaded_serial,M1_R1,B02,m1_r1_serial_20260903_131137,2,True,True,False,
/multi_agv/experiment_state,1788412301.2389174,1788412301.2388725,exp2a_m1_r1_unloaded_serial,M1_R1,B02,m1_r1_serial_20260903_131137,2,True,True,False,
/multi_agv/experiment_state,1788412301.3389227,1788412301.3388913,exp2a_m1_r1_unloaded_serial,M1_R1,B02,m1_r1_serial_20260903_131137,2,True,True,False,
/multi_agv/experiment_state,1788412301.4389234,1788412301.4388912,exp2a_m1_r1_unloaded_serial,M1_R1,B02,m1_r1_serial_20260903_131137,2,True,True,False,
/multi_agv/experiment_state,1788412301.5389247,1788412301.5388954,exp2a_m1_r1_unloaded_serial,M1_R1,B02,m1_r1_serial_20260903_131137,2,True,True,False,
/multi_agv/experiment_state,1788412301.6389277,1788412301.6388946,exp2a_m1_r1_unloaded_serial,M1_R1,B02,m1_r1_serial_20260903_131137,2,True,True,False,
/multi_agv/experiment_state,1788412301.738973,1788412301.7388942,exp2a_m1_r1_unloaded_serial,M1_R1,B02,m1_r1_serial_20260903_131137,2,True,True,False,
/multi_agv/experiment_state,1788412301.839079,1788412301.838945,exp2a_m1_r1_unloaded_serial,M1_R1,B02,m1_r1_serial_20260903_131137,2,True,True,False,
/multi_agv/experiment_state,1788412301.9390178,1788412301.9388978,exp2a_m1_r1_unloaded_serial,M1_R1,B02,m1_r1_serial_20260903_131137,2,True,True,False,
/multi_agv/experiment_state,1788412302.0389493,1788412302.0388658,exp2a_m1_r1_unloaded_serial,M1_R1,B02,m1_r1_serial_20260903_131137,2,True,True,False,
/multi_agv/experiment_state,1788412302.1389549,1788412302.1388624,exp2a_m1_r1_unloaded_serial,M1_R1,B02,m1_r1_serial_20260903_131137,2,True,True,False,
/multi_agv/experiment_state,1788412302.2389398,1788412302.238864,exp2a_m1_r1_unloaded_serial,M1_R1,B02,m1_r1_serial_20260903_131137,2,True,True,False,
/multi_agv/experiment_state,1788412302.3389394,1788412302.338897,exp2a_m1_r1_unloaded_serial,M1_R1,B02,m1_r1_serial_20260903_131137,2,True,True,False,
/multi_agv/experiment_state,1788412302.439022,1788412302.4389002,exp2a_m1_r1_unloaded_serial,M1_R1,B02,m1_r1_serial_20260903_131137,2,True,True,False,
/multi_agv/experiment_state,1788412302.5388985,1788412302.538862,exp2a_m1_r1_unloaded_serial,M1_R1,B02,m1_r1_serial_20260903_131137,2,True,True,False,
/multi_agv/experiment_state,1788412302.6389978,1788412302.638864,exp2a_m1_r1_unloaded_serial,M1_R1,B02,m1_r1_serial_20260903_131137,2,True,True,False,
/multi_agv/experiment_state,1788412302.7388651,1788412302.7388349,exp2a_m1_r1_unloaded_serial,M1_R1,B02,m1_r1_serial_20260903_131137,2,True,True,False,
/multi_agv/experiment_state,1788412302.8389049,1788412302.8388622,exp2a_m1_r1_unloaded_serial,M1_R1,B02,m1_r1_serial_20260903_131137,2,True,True,False,
/multi_agv/experiment_state,1788412302.9389012,1788412302.9388623,exp2a_m1_r1_unloaded_serial,M1_R1,B02,m1_r1_serial_20260903_131137,2,True,True,False,
/multi_agv/experiment_state,1788412303.038894,1788412303.038862,exp2a_m1_r1_unloaded_serial,M1_R1,B02,m1_r1_serial_20260903_131137,2,True,True,False,
/multi_agv/experiment_state,1788412303.1389165,1788412303.1388626,exp2a_m1_r1_unloaded_serial,M1_R1,B02,m1_r1_serial_20260903_131137,2,True,True,False,
/multi_agv/experiment_state,1788412303.2389011,1788412303.238861,exp2a_m1_r1_unloaded_serial,M1_R1,B02,m1_r1_serial_20260903_131137,2,True,True,False,
/multi_agv/experiment_state,1788412303.3389983,1788412303.3388658,exp2a_m1_r1_unloaded_serial,M1_R1,B02,m1_r1_serial_20260903_131137,2,True,True,False,
/multi_agv/experiment_state,1788412303.438931,1788412303.4388952,exp2a_m1_r1_unloaded_serial,M1_R1,B02,m1_r1_serial_20260903_131137,2,True,True,False,
/multi_agv/experiment_state,1788412303.5388873,1788412303.538862,exp2a_m1_r1_unloaded_serial,M1_R1,B02,m1_r1_serial_20260903_131137,2,True,True,False,
/multi_agv/experiment_state,1788412303.6389148,1788412303.6388652,exp2a_m1_r1_unloaded_serial,M1_R1,B02,m1_r1_serial_20260903_131137,2,True,True,False,
/multi_agv/experiment_state,1788412303.7389774,1788412303.7388957,exp2a_m1_r1_unloaded_serial,M1_R1,B02,m1_r1_serial_20260903_131137,2,True,True,False,
/multi_agv/experiment_state,1788412303.838999,1788412303.838922,exp2a_m1_r1_unloaded_serial,M1_R1,B02,m1_r1_serial_20260903_131137,2,True,True,False,
/multi_agv/experiment_state,1788412303.938931,1788412303.9388568,exp2a_m1_r1_unloaded_serial,M1_R1,B02,m1_r1_serial_20260903_131137,2,True,True,False,
/multi_agv/experiment_state,1788412304.0389848,1788412304.0389028,exp2a_m1_r1_unloaded_serial,M1_R1,B02,m1_r1_serial_20260903_131137,2,True,True,False,
/multi_agv/experiment_state,1788412304.1389356,1788412304.1388576,exp2a_m1_r1_unloaded_serial,M1_R1,B02,m1_r1_serial_20260903_131137,2,True,True,False,
/multi_agv/experiment_state,1788412304.2388844,1788412304.2388582,exp2a_m1_r1_unloaded_serial,M1_R1,B02,m1_r1_serial_20260903_131137,2,True,True,False,
/multi_agv/experiment_state,1788412304.338963,1788412304.3389153,exp2a_m1_r1_unloaded_serial,M1_R1,B02,m1_r1_serial_20260903_131137,2,True,True,False,
/multi_agv/experiment_state,1788412304.4389303,1788412304.4388626,exp2a_m1_r1_unloaded_serial,M1_R1,B02,m1_r1_serial_20260903_131137,2,True,True,False,
/multi_agv/experiment_state,1788412304.5389094,1788412304.5388627,exp2a_m1_r1_unloaded_serial,M1_R1,B02,m1_r1_serial_20260903_131137,2,True,True,False,
/multi_agv/experiment_state,1788412304.63893,1788412304.638862,exp2a_m1_r1_unloaded_serial,M1_R1,B02,m1_r1_serial_20260903_131137,2,True,True,False,
/multi_agv/experiment_state,1788412304.7390382,1788412304.7388637,exp2a_m1_r1_unloaded_serial,M1_R1,B02,m1_r1_serial_20260903_131137,2,True,True,False,
/multi_agv/experiment_state,1788412304.8389611,1788412304.838864,exp2a_m1_r1_unloaded_serial,M1_R1,B02,m1_r1_serial_20260903_131137,2,True,True,False,
/multi_agv/experiment_state,1788412304.9389656,1788412304.938923,exp2a_m1_r1_unloaded_serial,M1_R1,B02,m1_r1_serial_20260903_131137,2,True,True,False,
/multi_agv/experiment_state,1788412305.0389037,1788412305.0388603,exp2a_m1_r1_unloaded_serial,M1_R1,B02,m1_r1_serial_20260903_131137,2,True,True,False,
/multi_agv/experiment_state,1788412305.138984,1788412305.1389353,exp2a_m1_r1_unloaded_serial,M1_R1,B02,m1_r1_serial_20260903_131137,3,True,True,False,
/multi_agv/experiment_state,1788412305.2389002,1788412305.238863,exp2a_m1_r1_unloaded_serial,M1_R1,B02,m1_r1_serial_20260903_131137,3,True,True,False,
/multi_agv/experiment_state,1788412305.3389323,1788412305.3388572,exp2a_m1_r1_unloaded_serial,M1_R1,B02,m1_r1_serial_20260903_131137,3,True,True,False,
/multi_agv/experiment_state,1788412305.438919,1788412305.4388573,exp2a_m1_r1_unloaded_serial,M1_R1,B02,m1_r1_serial_20260903_131137,3,True,True,False,
/multi_agv/experiment_state,1788412305.538907,1788412305.5388565,exp2a_m1_r1_unloaded_serial,M1_R1,B02,m1_r1_serial_20260903_131137,3,True,True,False,
/multi_agv/experiment_state,1788412305.6389039,1788412305.6388636,exp2a_m1_r1_unloaded_serial,M1_R1,B02,m1_r1_serial_20260903_131137,4,True,True,False,
/multi_agv/experiment_state,1788412305.7389348,1788412305.7388616,exp2a_m1_r1_unloaded_serial,M1_R1,B02,m1_r1_serial_20260903_131137,4,True,True,False,
/multi_agv/experiment_state,1788412305.8389215,1788412305.8388722,exp2a_m1_r1_unloaded_serial,M1_R1,B02,m1_r1_serial_20260903_131137,4,True,True,False,
/multi_agv/experiment_state,1788412305.9390085,1788412305.9388688,exp2a_m1_r1_unloaded_serial,M1_R1,B02,m1_r1_serial_20260903_131137,4,True,True,False,
/multi_agv/experiment_state,1788412306.0389318,1788412306.0388944,exp2a_m1_r1_unloaded_serial,M1_R1,B02,m1_r1_serial_20260903_131137,4,True,True,False,
/multi_agv/experiment_state,1788412306.1389275,1788412306.1388674,exp2a_m1_r1_unloaded_serial,M1_R1,B02,m1_r1_serial_20260903_131137,4,True,True,False,
/multi_agv/experiment_state,1788412306.238979,1788412306.2388651,exp2a_m1_r1_unloaded_serial,M1_R1,B02,m1_r1_serial_20260903_131137,4,True,True,False,
/multi_agv/experiment_state,1788412306.3388937,1788412306.3388636,exp2a_m1_r1_unloaded_serial,M1_R1,B02,m1_r1_serial_20260903_131137,4,True,True,False,
/multi_agv/experiment_state,1788412306.4389234,1788412306.4388912,exp2a_m1_r1_unloaded_serial,M1_R1,B02,m1_r1_serial_20260903_131137,4,True,True,False,
/multi_agv/experiment_state,1788412306.5390193,1788412306.5388944,exp2a_m1_r1_unloaded_serial,M1_R1,B02,m1_r1_serial_20260903_131137,4,True,True,False,
/multi_agv/experiment_state,1788412306.6389792,1788412306.6388621,exp2a_m1_r1_unloaded_serial,M1_R1,B02,m1_r1_serial_20260903_131137,4,True,True,False,
/multi_agv/experiment_state,1788412306.7388892,1788412306.7388618,exp2a_m1_r1_unloaded_serial,M1_R1,B02,m1_r1_serial_20260903_131137,4,True,True,False,
/multi_agv/experiment_state,1788412306.838992,1788412306.8389144,exp2a_m1_r1_unloaded_serial,M1_R1,B02,m1_r1_serial_20260903_131137,4,True,True,False,
/multi_agv/experiment_state,1788412306.938961,1788412306.938865,exp2a_m1_r1_unloaded_serial,M1_R1,B02,m1_r1_serial_20260903_131137,4,True,True,False,
/multi_agv/experiment_state,1788412307.038966,1788412307.0388613,exp2a_m1_r1_unloaded_serial,M1_R1,B02,m1_r1_serial_20260903_131137,4,True,True,False,
/multi_agv/experiment_state,1788412307.1388965,1788412307.1388657,exp2a_m1_r1_unloaded_serial,M1_R1,B02,m1_r1_serial_20260903_131137,4,True,True,False,
/multi_agv/experiment_state,1788412307.2389274,1788412307.2388616,exp2a_m1_r1_unloaded_serial,M1_R1,B02,m1_r1_serial_20260903_131137,4,True,True,False,
/multi_agv/experiment_state,1788412307.3389359,1788412307.3388724,exp2a_m1_r1_unloaded_serial,M1_R1,B02,m1_r1_serial_20260903_131137,4,True,True,False,
/multi_agv/experiment_state,1788412307.4389133,1788412307.4388642,exp2a_m1_r1_unloaded_serial,M1_R1,B02,m1_r1_serial_20260903_131137,4,True,True,False,
/multi_agv/experiment_state,1788412307.5388975,1788412307.5388637,exp2a_m1_r1_unloaded_serial,M1_R1,B02,m1_r1_serial_20260903_131137,4,True,True,False,
/multi_agv/experiment_state,1788412307.6390374,1788412307.6389115,exp2a_m1_r1_unloaded_serial,M1_R1,B02,m1_r1_serial_20260903_131137,4,True,True,False,
/multi_agv/experiment_state,1788412307.738974,1788412307.7388928,exp2a_m1_r1_unloaded_serial,M1_R1,B02,m1_r1_serial_20260903_131137,4,True,True,False,
/multi_agv/experiment_state,1788412307.8389304,1788412307.838893,exp2a_m1_r1_unloaded_serial,M1_R1,B02,m1_r1_serial_20260903_131137,4,True,True,False,
/multi_agv/experiment_state,1788412307.938927,1788412307.9388936,exp2a_m1_r1_unloaded_serial,M1_R1,B02,m1_r1_serial_20260903_131137,4,True,True,False,
/multi_agv/experiment_state,1788412308.0388582,1788412308.0388286,exp2a_m1_r1_unloaded_serial,M1_R1,B02,m1_r1_serial_20260903_131137,4,True,True,False,
/multi_agv/experiment_state,1788412308.1388946,1788412308.1388612,exp2a_m1_r1_unloaded_serial,M1_R1,B02,m1_r1_serial_20260903_131137,4,True,True,False,
/multi_agv/experiment_state,1788412308.2388902,1788412308.2388597,exp2a_m1_r1_unloaded_serial,M1_R1,B02,m1_r1_serial_20260903_131137,4,True,True,False,
/multi_agv/experiment_state,1788412308.3389492,1788412308.3388698,exp2a_m1_r1_unloaded_serial,M1_R1,B02,m1_r1_serial_20260903_131137,4,True,True,False,
/multi_agv/experiment_state,1788412308.4388993,1788412308.4388645,exp2a_m1_r1_unloaded_serial,M1_R1,B02,m1_r1_serial_20260903_131137,4,True,True,False,
/multi_agv/experiment_state,1788412308.5389895,1788412308.538896,exp2a_m1_r1_unloaded_serial,M1_R1,B02,m1_r1_serial_20260903_131137,4,True,True,False,
/multi_agv/experiment_state,1788412308.6389177,1788412308.638865,exp2a_m1_r1_unloaded_serial,M1_R1,B02,m1_r1_serial_20260903_131137,4,True,True,False,
/multi_agv/experiment_state,1788412308.7389054,1788412308.7388656,exp2a_m1_r1_unloaded_serial,M1_R1,B02,m1_r1_serial_20260903_131137,4,True,True,False,
/multi_agv/experiment_state,1788412308.8389313,1788412308.8388975,exp2a_m1_r1_unloaded_serial,M1_R1,B02,m1_r1_serial_20260903_131137,4,True,True,False,
/multi_agv/experiment_state,1788412308.9389842,1788412308.9388955,exp2a_m1_r1_unloaded_serial,M1_R1,B02,m1_r1_serial_20260903_131137,4,True,True,False,
/multi_agv/experiment_state,1788412309.039005,1788412309.0389633,exp2a_m1_r1_unloaded_serial,M1_R1,B02,m1_r1_serial_20260903_131137,4,True,True,False,
/multi_agv/experiment_state,1788412309.1389687,1788412309.1388898,exp2a_m1_r1_unloaded_serial,M1_R1,B02,m1_r1_serial_20260903_131137,4,True,True,False,
/multi_agv/experiment_state,1788412309.2389562,1788412309.238888,exp2a_m1_r1_unloaded_serial,M1_R1,B02,m1_r1_serial_20260903_131137,4,True,True,False,
/multi_agv/experiment_state,1788412309.3389602,1788412309.338892,exp2a_m1_r1_unloaded_serial,M1_R1,B02,m1_r1_serial_20260903_131137,4,True,True,False,
/multi_agv/experiment_state,1788412309.4388914,1788412309.4388576,exp2a_m1_r1_unloaded_serial,M1_R1,B02,m1_r1_serial_20260903_131137,4,True,True,False,
/multi_agv/experiment_state,1788412309.5389354,1788412309.5389,exp2a_m1_r1_unloaded_serial,M1_R1,B02,m1_r1_serial_20260903_131137,4,True,True,False,
/multi_agv/experiment_state,1788412309.6389294,1788412309.6388628,exp2a_m1_r1_unloaded_serial,M1_R1,B02,m1_r1_serial_20260903_131137,4,True,True,False,
/multi_agv/experiment_state,1788412309.738933,1788412309.7388618,exp2a_m1_r1_unloaded_serial,M1_R1,B02,m1_r1_serial_20260903_131137,4,True,True,False,
/multi_agv/experiment_state,1788412309.838919,1788412309.8388672,exp2a_m1_r1_unloaded_serial,M1_R1,B02,m1_r1_serial_20260903_131137,4,True,True,False,
/multi_agv/experiment_state,1788412309.9389205,1788412309.9388678,exp2a_m1_r1_unloaded_serial,M1_R1,B02,m1_r1_serial_20260903_131137,4,True,True,False,
/multi_agv/experiment_state,1788412310.0389292,1788412310.0388582,exp2a_m1_r1_unloaded_serial,M1_R1,B02,m1_r1_serial_20260903_131137,4,True,True,False,
/multi_agv/experiment_state,1788412310.138926,1788412310.1388586,exp2a_m1_r1_unloaded_serial,M1_R1,B02,m1_r1_serial_20260903_131137,4,True,True,False,
/multi_agv/experiment_state,1788412310.238867,1788412310.2388346,exp2a_m1_r1_unloaded_serial,M1_R1,B02,m1_r1_serial_20260903_131137,4,True,True,False,
/multi_agv/experiment_state,1788412310.3388908,1788412310.338859,exp2a_m1_r1_unloaded_serial,M1_R1,B02,m1_r1_serial_20260903_131137,4,True,True,False,
/multi_agv/experiment_state,1788412310.4389412,1788412310.4388576,exp2a_m1_r1_unloaded_serial,M1_R1,B02,m1_r1_serial_20260903_131137,4,True,True,False,
/multi_agv/experiment_state,1788412310.5389347,1788412310.5388572,exp2a_m1_r1_unloaded_serial,M1_R1,B02,m1_r1_serial_20260903_131137,4,True,True,False,
/multi_agv/experiment_state,1788412310.6388898,1788412310.6388576,exp2a_m1_r1_unloaded_serial,M1_R1,B02,m1_r1_serial_20260903_131137,4,True,True,False,
/multi_agv/experiment_state,1788412310.7388997,1788412310.738858,exp2a_m1_r1_unloaded_serial,M1_R1,B02,m1_r1_serial_20260903_131137,4,True,True,False,
/multi_agv/experiment_state,1788412310.8389146,1788412310.838874,exp2a_m1_r1_unloaded_serial,M1_R1,B02,m1_r1_serial_20260903_131137,4,True,True,False,
/multi_agv/experiment_state,1788412310.9389262,1788412310.9388611,exp2a_m1_r1_unloaded_serial,M1_R1,B02,m1_r1_serial_20260903_131137,4,True,True,False,
/multi_agv/experiment_state,1788412311.0388908,1788412311.0388596,exp2a_m1_r1_unloaded_serial,M1_R1,B02,m1_r1_serial_20260903_131137,5,True,True,False,
/multi_agv/experiment_state,1788412311.1390018,1788412311.1388774,exp2a_m1_r1_unloaded_serial,M1_R1,B02,m1_r1_serial_20260903_131137,5,True,True,False,
/multi_agv/experiment_state,1788412311.2389302,1788412311.2388582,exp2a_m1_r1_unloaded_serial,M1_R1,B02,m1_r1_serial_20260903_131137,5,True,True,False,
/multi_agv/experiment_state,1788412311.3389251,1788412311.338872,exp2a_m1_r1_unloaded_serial,M1_R1,B02,m1_r1_serial_20260903_131137,5,True,True,False,
/multi_agv/experiment_state,1788412311.4389935,1788412311.438891,exp2a_m1_r1_unloaded_serial,M1_R1,B02,m1_r1_serial_20260903_131137,5,True,True,False,
/multi_agv/experiment_state,1788412311.5389469,1788412311.5388947,exp2a_m1_r1_unloaded_serial,M1_R1,B02,m1_r1_serial_20260903_131137,8,True,True,False,
/multi_agv/experiment_state,1788412311.6389763,1788412311.63889,exp2a_m1_r1_unloaded_serial,M1_R1,B02,m1_r1_serial_20260903_131137,8,True,True,False,
/multi_agv/experiment_state,1788412311.7390208,1788412311.7388587,exp2a_m1_r1_unloaded_serial,M1_R1,B02,m1_r1_serial_20260903_131137,8,True,True,False,
/multi_agv/experiment_state,1788412311.8389325,1788412311.8388581,exp2a_m1_r1_unloaded_serial,M1_R1,B02,m1_r1_serial_20260903_131137,8,True,True,False,
/multi_agv/experiment_state,1788412311.9389274,1788412311.9388576,exp2a_m1_r1_unloaded_serial,M1_R1,B02,m1_r1_serial_20260903_131137,8,True,True,False,
/multi_agv/experiment_state,1788412312.0389657,1788412312.0388663,exp2a_m1_r1_unloaded_serial,M1_R1,B02,m1_r1_serial_20260903_131137,8,True,True,False,
/multi_agv/experiment_state,1788412312.1389265,1788412312.138862,exp2a_m1_r1_unloaded_serial,M1_R1,B02,m1_r1_serial_20260903_131137,8,True,True,False,
/multi_agv/experiment_state,1788412312.2389462,1788412312.2388628,exp2a_m1_r1_unloaded_serial,M1_R1,B02,m1_r1_serial_20260903_131137,8,True,True,False,
/multi_agv/experiment_state,1788412312.3389187,1788412312.3388684,exp2a_m1_r1_unloaded_serial,M1_R1,B02,m1_r1_serial_20260903_131137,8,True,True,False,
/multi_agv/experiment_state,1788412312.4389362,1788412312.4389005,exp2a_m1_r1_unloaded_serial,M1_R1,B02,m1_r1_serial_20260903_131137,8,True,True,False,
/multi_agv/experiment_state,1788412312.5388885,1788412312.5388622,exp2a_m1_r1_unloaded_serial,M1_R1,B02,m1_r1_serial_20260903_131137,8,True,True,False,
/multi_agv/experiment_state,1788412312.6389341,1788412312.6389031,exp2a_m1_r1_unloaded_serial,M1_R1,B02,m1_r1_serial_20260903_131137,8,True,True,False,
/multi_agv/experiment_state,1788412312.7389233,1788412312.7388914,exp2a_m1_r1_unloaded_serial,M1_R1,B02,m1_r1_serial_20260903_131137,8,True,True,False,
/multi_agv/experiment_state,1788412312.838888,1788412312.8388612,exp2a_m1_r1_unloaded_serial,M1_R1,B02,m1_r1_serial_20260903_131137,8,True,True,False,
/multi_agv/experiment_state,1788412312.938888,1788412312.9388614,exp2a_m1_r1_unloaded_serial,M1_R1,B02,m1_r1_serial_20260903_131137,8,True,True,False,
/multi_agv/experiment_state,1788412313.038934,1788412313.038862,exp2a_m1_r1_unloaded_serial,M1_R1,B02,m1_r1_serial_20260903_131137,8,True,True,False,
/multi_agv/experiment_state,1788412313.1389003,1788412313.1388614,exp2a_m1_r1_unloaded_serial,M1_R1,B02,m1_r1_serial_20260903_131137,8,True,True,False,
/multi_agv/experiment_state,1788412313.2389913,1788412313.2389042,exp2a_m1_r1_unloaded_serial,M1_R1,B02,m1_r1_serial_20260903_131137,8,True,True,False,
/multi_agv/experiment_state,1788412313.3389058,1788412313.3388638,exp2a_m1_r1_unloaded_serial,M1_R1,B02,m1_r1_serial_20260903_131137,8,True,True,False,
/multi_agv/experiment_state,1788412313.4389005,1788412313.438861,exp2a_m1_r1_unloaded_serial,M1_R1,B02,m1_r1_serial_20260903_131137,8,True,True,False,
/multi_agv/experiment_state,1788412313.53895,1788412313.5388658,exp2a_m1_r1_unloaded_serial,M1_R1,B02,m1_r1_serial_20260903_131137,8,True,True,False,
/multi_agv/experiment_state,1788412313.6389225,1788412313.6388688,exp2a_m1_r1_unloaded_serial,M1_R1,B02,m1_r1_serial_20260903_131137,8,True,True,False,
/multi_agv/experiment_state,1788412313.7389476,1788412313.7388458,exp2a_m1_r1_unloaded_serial,M1_R1,B02,m1_r1_serial_20260903_131137,8,True,True,False,
/multi_agv/experiment_state,1788412313.83894,1788412313.8388634,exp2a_m1_r1_unloaded_serial,M1_R1,B02,m1_r1_serial_20260903_131137,8,True,True,False,
/multi_agv/experiment_state,1788412313.938916,1788412313.9388597,exp2a_m1_r1_unloaded_serial,M1_R1,B02,m1_r1_serial_20260903_131137,8,True,True,False,
/multi_agv/experiment_state,1788412314.0388927,1788412314.0388587,exp2a_m1_r1_unloaded_serial,M1_R1,B02,m1_r1_serial_20260903_131137,8,True,True,False,
/multi_agv/experiment_state,1788412314.139003,1788412314.1388588,exp2a_m1_r1_unloaded_serial,M1_R1,B02,m1_r1_serial_20260903_131137,8,True,True,False,
/multi_agv/experiment_state,1788412314.2388868,1788412314.2388582,exp2a_m1_r1_unloaded_serial,M1_R1,B02,m1_r1_serial_20260903_131137,8,True,True,False,
/multi_agv/experiment_state,1788412314.3389459,1788412314.3388586,exp2a_m1_r1_unloaded_serial,M1_R1,B02,m1_r1_serial_20260903_131137,8,True,True,False,
/multi_agv/experiment_state,1788412314.438927,1788412314.4388573,exp2a_m1_r1_unloaded_serial,M1_R1,B02,m1_r1_serial_20260903_131137,8,True,True,False,
/multi_agv/experiment_state,1788412314.538955,1788412314.5388582,exp2a_m1_r1_unloaded_serial,M1_R1,B02,m1_r1_serial_20260903_131137,8,True,True,False,
/multi_agv/experiment_state,1788412314.6389306,1788412314.6388574,exp2a_m1_r1_unloaded_serial,M1_R1,B02,m1_r1_serial_20260903_131137,8,True,True,False,
/multi_agv/experiment_state,1788412314.7388928,1788412314.7388594,exp2a_m1_r1_unloaded_serial,M1_R1,B02,m1_r1_serial_20260903_131137,8,True,True,False,
/multi_agv/experiment_state,1788412314.8389087,1788412314.838865,exp2a_m1_r1_unloaded_serial,M1_R1,B02,m1_r1_serial_20260903_131137,8,True,True,False,
/multi_agv/experiment_state,1788412314.9389098,1788412314.9388676,exp2a_m1_r1_unloaded_serial,M1_R1,B02,m1_r1_serial_20260903_131137,8,True,True,False,
/multi_agv/experiment_state,1788412315.0388882,1788412315.0388618,exp2a_m1_r1_unloaded_serial,M1_R1,B02,m1_r1_serial_20260903_131137,8,True,True,False,
/multi_agv/experiment_state,1788412315.1389532,1788412315.138866,exp2a_m1_r1_unloaded_serial,M1_R1,B02,m1_r1_serial_20260903_131137,8,True,True,False,
/multi_agv/experiment_state,1788412315.2388844,1788412315.238857,exp2a_m1_r1_unloaded_serial,M1_R1,B02,m1_r1_serial_20260903_131137,8,True,True,False,
/multi_agv/experiment_state,1788412315.3389313,1788412315.3388567,exp2a_m1_r1_unloaded_serial,M1_R1,B02,m1_r1_serial_20260903_131137,8,True,True,False,
/multi_agv/experiment_state,1788412315.4388828,1788412315.4388578,exp2a_m1_r1_unloaded_serial,M1_R1,B02,m1_r1_serial_20260903_131137,8,True,True,False,
/multi_agv/experiment_state,1788412315.5389268,1788412315.538857,exp2a_m1_r1_unloaded_serial,M1_R1,B02,m1_r1_serial_20260903_131137,8,True,True,False,
/multi_agv/experiment_state,1788412315.638946,1788412315.638895,exp2a_m1_r1_unloaded_serial,M1_R1,B02,m1_r1_serial_20260903_131137,8,True,True,False,
/multi_agv/experiment_state,1788412315.7389803,1788412315.738864,exp2a_m1_r1_unloaded_serial,M1_R1,B02,m1_r1_serial_20260903_131137,8,True,True,False,
/multi_agv/experiment_state,1788412315.8389335,1788412315.8388627,exp2a_m1_r1_unloaded_serial,M1_R1,B02,m1_r1_serial_20260903_131137,8,True,True,False,
/multi_agv/experiment_state,1788412315.9389842,1788412315.938859,exp2a_m1_r1_unloaded_serial,M1_R1,B02,m1_r1_serial_20260903_131137,8,True,True,False,
/multi_agv/experiment_state,1788412316.038971,1788412316.038859,exp2a_m1_r1_unloaded_serial,M1_R1,B02,m1_r1_serial_20260903_131137,8,True,True,False,
/multi_agv/experiment_state,1788412316.1389444,1788412316.1388648,exp2a_m1_r1_unloaded_serial,M1_R1,B02,m1_r1_serial_20260903_131137,8,True,True,False,
/multi_agv/experiment_state,1788412316.2389357,1788412316.2388594,exp2a_m1_r1_unloaded_serial,M1_R1,B02,m1_r1_serial_20260903_131137,8,True,True,False,
/multi_agv/experiment_state,1788412316.338923,1788412316.3388736,exp2a_m1_r1_unloaded_serial,M1_R1,B02,m1_r1_serial_20260903_131137,8,True,True,False,
/multi_agv/experiment_state,1788412316.4389067,1788412316.438862,exp2a_m1_r1_unloaded_serial,M1_R1,B02,m1_r1_serial_20260903_131137,8,True,True,False,
/multi_agv/experiment_state,1788412316.538969,1788412316.5388608,exp2a_m1_r1_unloaded_serial,M1_R1,B02,m1_r1_serial_20260903_131137,8,True,True,False,
/multi_agv/experiment_state,1788412316.6389284,1788412316.638861,exp2a_m1_r1_unloaded_serial,M1_R1,B02,m1_r1_serial_20260903_131137,8,True,True,False,
/multi_agv/experiment_state,1788412316.7388995,1788412316.7388613,exp2a_m1_r1_unloaded_serial,M1_R1,B02,m1_r1_serial_20260903_131137,8,True,True,False,
/multi_agv/experiment_state,1788412316.8388872,1788412316.8388627,exp2a_m1_r1_unloaded_serial,M1_R1,B02,m1_r1_serial_20260903_131137,8,True,True,False,
/multi_agv/experiment_state,1788412316.9389298,1788412316.9388618,exp2a_m1_r1_unloaded_serial,M1_R1,B02,m1_r1_serial_20260903_131137,8,True,True,False,
/multi_agv/experiment_state,1788412317.0389879,1788412317.038903,exp2a_m1_r1_unloaded_serial,M1_R1,B02,m1_r1_serial_20260903_131137,8,True,True,False,
/multi_agv/experiment_state,1788412317.1389282,1788412317.1388946,exp2a_m1_r1_unloaded_serial,M1_R1,B02,m1_r1_serial_20260903_131137,6,False,False,False,
/multi_agv/experiment_state,1788412317.2389345,1788412317.2388978,exp2a_m1_r1_unloaded_serial,M1_R1,B02,m1_r1_serial_20260903_131137,6,False,False,False,
/multi_agv/experiment_state,1788412317.338938,1788412317.3388674,exp2a_m1_r1_unloaded_serial,M1_R1,B02,m1_r1_serial_20260903_131137,6,False,False,False,
/multi_agv/experiment_state,1788412317.438922,1788412317.43887,exp2a_m1_r1_unloaded_serial,M1_R1,B02,m1_r1_serial_20260903_131137,6,False,False,False,
/multi_agv/experiment_state,1788412317.538976,1788412317.5389128,exp2a_m1_r1_unloaded_serial,M1_R1,B02,m1_r1_serial_20260903_131137,6,False,False,False,
/multi_agv/experiment_state,1788412317.6389728,1788412317.638897,exp2a_m1_r1_unloaded_serial,M1_R1,B02,m1_r1_serial_20260903_131137,6,False,False,False,
/multi_agv/experiment_state,1788412317.7389166,1788412317.7388632,exp2a_m1_r1_unloaded_serial,M1_R1,B02,m1_r1_serial_20260903_131137,6,False,False,False,
/multi_agv/experiment_state,1788412317.8389301,1788412317.8388584,exp2a_m1_r1_unloaded_serial,M1_R1,B02,m1_r1_serial_20260903_131137,6,False,False,False,
/multi_agv/experiment_state,1788412317.9389212,1788412317.9388895,exp2a_m1_r1_unloaded_serial,M1_R1,B02,m1_r1_serial_20260903_131137,6,False,False,False,
/multi_agv/experiment_state,1788412318.0389977,1788412318.03892,exp2a_m1_r1_unloaded_serial,M1_R1,B02,m1_r1_serial_20260903_131137,6,False,False,False,
/multi_agv/experiment_state,1788412318.1388962,1788412318.1388597,exp2a_m1_r1_unloaded_serial,M1_R1,B02,m1_r1_serial_20260903_131137,6,False,False,False,
/multi_agv/experiment_state,1788412318.2388911,1788412318.2388613,exp2a_m1_r1_unloaded_serial,M1_R1,B02,m1_r1_serial_20260903_131137,6,False,False,False,
/multi_agv/experiment_state,1788412318.33894,1788412318.3388896,exp2a_m1_r1_unloaded_serial,M1_R1,B02,m1_r1_serial_20260903_131137,6,False,False,False,
/multi_agv/experiment_state,1788412318.4389217,1788412318.4388924,exp2a_m1_r1_unloaded_serial,M1_R1,B02,m1_r1_serial_20260903_131137,6,False,False,False,
/multi_agv/experiment_state,1788412318.5388975,1788412318.538863,exp2a_m1_r1_unloaded_serial,M1_R1,B02,m1_r1_serial_20260903_131137,6,False,False,False,
/multi_agv/experiment_state,1788412318.638899,1788412318.6388662,exp2a_m1_r1_unloaded_serial,M1_R1,B02,m1_r1_serial_20260903_131137,6,False,False,False,
/multi_agv/experiment_state,1788412318.738959,1788412318.7388933,exp2a_m1_r1_unloaded_serial,M1_R1,B02,m1_r1_serial_20260903_131137,6,False,False,False,
/multi_agv/experiment_state,1788412318.8389115,1788412318.8388677,exp2a_m1_r1_unloaded_serial,M1_R1,B02,m1_r1_serial_20260903_131137,6,False,False,False,
/multi_agv/experiment_state,1788412318.9389417,1788412318.938859,exp2a_m1_r1_unloaded_serial,M1_R1,B02,m1_r1_serial_20260903_131137,6,False,False,False,
/multi_agv/experiment_state,1788412319.0389583,1788412319.0388582,exp2a_m1_r1_unloaded_serial,M1_R1,B02,m1_r1_serial_20260903_131137,6,False,False,False,
/multi_agv/experiment_state,1788412319.1389256,1788412319.1388586,exp2a_m1_r1_unloaded_serial,M1_R1,B02,m1_r1_serial_20260903_131137,6,False,False,False,
/multi_agv/experiment_state,1788412319.2388902,1788412319.2388592,exp2a_m1_r1_unloaded_serial,M1_R1,B02,m1_r1_serial_20260903_131137,6,False,False,False,
/multi_agv/experiment_state,1788412319.3388996,1788412319.3388643,exp2a_m1_r1_unloaded_serial,M1_R1,B02,m1_r1_serial_20260903_131137,6,False,False,False,
/multi_agv/experiment_state,1788412319.4388962,1788412319.4388611,exp2a_m1_r1_unloaded_serial,M1_R1,B02,m1_r1_serial_20260903_131137,6,False,False,False,
/multi_agv/experiment_state,1788412319.53894,1788412319.5389013,exp2a_m1_r1_unloaded_serial,M1_R1,B02,m1_r1_serial_20260903_131137,6,False,False,False,
/multi_agv/experiment_state,1788412319.6389449,1788412319.6388645,exp2a_m1_r1_unloaded_serial,M1_R1,B02,m1_r1_serial_20260903_131137,6,False,False,False,
/multi_agv/experiment_state,1788412319.738933,1788412319.738862,exp2a_m1_r1_unloaded_serial,M1_R1,B02,m1_r1_serial_20260903_131137,6,False,False,False,
/multi_agv/experiment_state,1788412319.838915,1788412319.8388655,exp2a_m1_r1_unloaded_serial,M1_R1,B02,m1_r1_serial_20260903_131137,6,False,False,False,
/multi_agv/experiment_state,1788412319.9389286,1788412319.93887,exp2a_m1_r1_unloaded_serial,M1_R1,B02,m1_r1_serial_20260903_131137,6,False,False,False,
/multi_agv/experiment_state,1788412320.038919,1788412320.038867,exp2a_m1_r1_unloaded_serial,M1_R1,B02,m1_r1_serial_20260903_131137,6,False,False,False,
/multi_agv/experiment_state,1788412320.1390011,1788412320.1389303,exp2a_m1_r1_unloaded_serial,M1_R1,B02,m1_r1_serial_20260903_131137,6,False,False,False,
/multi_agv/experiment_state,1788412320.2388964,1788412320.238859,exp2a_m1_r1_unloaded_serial,M1_R1,B02,m1_r1_serial_20260903_131137,6,False,False,False,
/multi_agv/experiment_state,1788412320.3388917,1788412320.338858,exp2a_m1_r1_unloaded_serial,M1_R1,B02,m1_r1_serial_20260903_131137,6,False,False,False,
/multi_agv/experiment_state,1788412320.438939,1788412320.4388573,exp2a_m1_r1_unloaded_serial,M1_R1,B02,m1_r1_serial_20260903_131137,6,False,False,False,
/multi_agv/experiment_state,1788412320.5390017,1788412320.5389314,exp2a_m1_r1_unloaded_serial,M1_R1,B02,m1_r1_serial_20260903_131137,6,False,False,False,
/multi_agv/experiment_state,1788412320.6389287,1788412320.6388574,exp2a_m1_r1_unloaded_serial,M1_R1,B02,m1_r1_serial_20260903_131137,6,False,False,False,
/multi_agv/experiment_state,1788412320.7389064,1788412320.7388592,exp2a_m1_r1_unloaded_serial,M1_R1,B02,m1_r1_serial_20260903_131137,6,False,False,False,
/multi_agv/experiment_state,1788412320.8389347,1788412320.8388648,exp2a_m1_r1_unloaded_serial,M1_R1,B02,m1_r1_serial_20260903_131137,6,False,False,False,
/multi_agv/experiment_state,1788412320.938921,1788412320.9388678,exp2a_m1_r1_unloaded_serial,M1_R1,B02,m1_r1_serial_20260903_131137,6,False,False,False,
/multi_agv/experiment_state,1788412321.0390084,1788412321.0388942,exp2a_m1_r1_unloaded_serial,M1_R1,B02,m1_r1_serial_20260903_131137,6,False,False,False,
/multi_agv/experiment_state,1788412321.1388915,1788412321.1388578,exp2a_m1_r1_unloaded_serial,M1_R1,B02,m1_r1_serial_20260903_131137,6,False,False,False,
/multi_agv/experiment_state,1788412321.238929,1788412321.2388916,exp2a_m1_r1_unloaded_serial,M1_R1,B02,m1_r1_serial_20260903_131137,6,False,False,False,
/multi_agv/experiment_state,1788412321.3389654,1788412321.3389044,exp2a_m1_r1_unloaded_serial,M1_R1,B02,m1_r1_serial_20260903_131137,6,False,False,False,
/multi_agv/experiment_state,1788412321.4389281,1788412321.4388564,exp2a_m1_r1_unloaded_serial,M1_R1,B02,m1_r1_serial_20260903_131137,6,False,False,False,
/multi_agv/experiment_state,1788412321.5389247,1788412321.5388718,exp2a_m1_r1_unloaded_serial,M1_R1,B02,m1_r1_serial_20260903_131137,6,False,False,False,
/multi_agv/experiment_state,1788412321.6389904,1788412321.6389506,exp2a_m1_r1_unloaded_serial,M1_R1,B02,m1_r1_serial_20260903_131137,6,False,False,False,
/multi_agv/experiment_state,1788412321.7388864,1788412321.7388592,exp2a_m1_r1_unloaded_serial,M1_R1,B02,m1_r1_serial_20260903_131137,6,False,False,False,
/multi_agv/experiment_state,1788412321.8389099,1788412321.8388624,exp2a_m1_r1_unloaded_serial,M1_R1,B02,m1_r1_serial_20260903_131137,6,False,False,False,
/multi_agv/experiment_state,1788412321.9389138,1788412321.9388638,exp2a_m1_r1_unloaded_serial,M1_R1,B02,m1_r1_serial_20260903_131137,6,False,False,False,
/multi_agv/experiment_state,1788412322.0389364,1788412322.0388622,exp2a_m1_r1_unloaded_serial,M1_R1,B02,m1_r1_serial_20260903_131137,6,False,False,False,
